addr,name,size,decomp_ok
3f406ec5,FUN_3f406ec5,1,1
3f406ed8,FUN_3f406ed8,1,1
3f410267,FUN_3f410267,1,1
3f4156df,FUN_3f4156df,1,1
3ffc1098,FUN_3ffc1098,1,1
400011cc,FUN_400011cc,1,1
40001274,FUN_40001274,1,1
400013ac,FUN_400013ac,1,1
4000143c,FUN_4000143c,1,1
400014c0,FUN_400014c0,1,1
400015d4,FUN_400015d4,1,1
400016b0,FUN_400016b0,1,1
40001708,FUN_40001708,1,1
40001778,FUN_40001778,1,1
400017dc,FUN_400017dc,1,1
40001844,FUN_40001844,1,1
40001e08,FUN_40001e08,1,1
40001e14,FUN_40001e14,1,1
40001e38,FUN_40001e38,1,1
40001e90,FUN_40001e90,1,1
40002590,FUN_40002590,1,1
400026e4,FUN_400026e4,1,1
40002954,FUN_40002954,1,1
40002a78,FUN_40002a78,1,1
40002ac4,FUN_40002ac4,1,1
40002b30,FUN_40002b30,1,1
40002b90,FUN_40002b90,1,1
40002c34,FUN_40002c34,1,1
40002ed0,FUN_40002ed0,1,1
40004100,phy_get_romfuncs,1,1
400041a4,rom_i2c_writeReg,1,1
4000681c,intr_matrix_set,1,1
40007d54,ets_printf,1,1
400081d4,rtc_get_reset_reason,1,1
40008534,ets_delay_us,1,1
40008658,ets_efuse_get_spiconfig,1,1
400090cc,uart_div_modify,1,1
40009a14,Cache_Flush_rom,1,1
40009a84,Cache_Read_Enable_rom,1,1
40009ab8,Cache_Read_Disable_rom,1,1
40009edc,gpio_matrix_in,1,1
40009f0c,gpio_matrix_out,1,1
4000ab7c,roundup2,1,1
4000bfdc,_xtos_set_intlevel,1,1
4000c1f4,FUN_4000c1f4,1,1
4000c260,FUN_4000c260,1,1
4000c2c8,FUN_4000c2c8,1,1
4000c3c0,FUN_4000c3c0,1,1
4000c44c,FUN_4000c44c,1,1
4000c498,FUN_4000c498,1,1
4000c518,FUN_4000c518,1,1
4000c53c,FUN_4000c53c,1,1
4000c5f4,FUN_4000c5f4,1,1
4000c674,FUN_4000c674,1,1
4000c818,FUN_4000c818,1,1
4000c84c,FUN_4000c84c,1,1
4000c8b0,FUN_4000c8b0,1,1
4000c938,FUN_4000c938,1,1
4000c944,FUN_4000c944,1,1
4000c988,FUN_4000c988,1,1
4000ca84,FUN_4000ca84,1,1
4000cff8,FUN_4000cff8,1,1
4000d280,FUN_4000d280,1,1
4000f350,FUN_4000f350,1,1
40014e9c,ea_conflict_check,1,1
40014f88,ea_prog_timer,1,1
40015c98,AddBigHexModP256,1,1
40015e8c,SubtractBigHexMod256,1,1
400160b8,MultiplyBigHexModP256,1,1
40016804,ecc_point_multiplication_uint8_256,1,1
400225f4,FUN_400225f4,1,1
4002cec4,lc_cmd_cmp_bd_addr_send,1,1
4002f488,lc_hci_cmd_handler_tab_p_get,1,1
4002f494,lc_default_state_tab_p_get,1,1
40032050,ld_acl_test_mode_update,1,1
40032bd4,FUN_40032bd4,1,1
40033814,ld_acl_resched,1,1
400426f0,llcp_con_up_req_handler,1,1
40043f64,llcp_pdu_handler_tab_p_get,1,1
40046058,llc_default_state_tab_p_get,1,1
400468e4,lld_evt_elt_wait_get,1,1
4004c920,llm_hci_cmd_handler_tab_p_get,1,1
4004e718,llm_default_state_tab_p_get,1,1
4005425c,lm_hci_cmd_handler_tab_p_get,1,1
40054268,lm_default_state_tab_p_get,1,1
40056424,FUN_40056424,1,1
400566b4,FUN_400566b4,1,1
400566c4,FUN_400566c4,1,1
40056714,FUN_40056714,1,1
4005681c,FUN_4005681c,1,1
4005692c,FUN_4005692c,1,1
4005893c,FUN_4005893c,1,1
40058cc8,FUN_40058cc8,1,1
40058f3c,FUN_40058f3c,1,1
40059108,FUN_40059108,1,1
40059320,FUN_40059320,1,1
400593d4,FUN_400593d4,1,1
400595fc,FUN_400595fc,1,1
4005cfec,crc32_le,1,1
4005d144,esp_crc8,1,1
4005da7c,FUN_4005da7c,1,1
4005da9c,FUN_4005da9c,1,1
4005db1c,FUN_4005db1c,1,1
40062bc8,esp_rom_spiflash_config_clk,1,1
4006358c,FUN_4006358c,1,1
400636a8,FUN_400636a8,1,1
400636dc,FUN_400636dc,1,1
40063704,FUN_40063704,1,1
40063768,FUN_40063768,1,1
40063790,FUN_40063790,1,1
400637f4,FUN_400637f4,1,1
40064ae0,FUN_40064ae0,1,1
40080000,FUN_40080000,9,1
40080044,FUN_40080044,3,1
40080400,FUN_40080400,3,1
400813a8,FUN_400813a8,146,1
400814c3,FUN_400814c3,38,1
400814ec,call_start_cpu0_entry,8,1
40081830,FUN_40081830,37,1
40081858,FUN_40081858,79,1
400818ac,FUN_400818ac,40,1
400818ec,FUN_400818ec,15,1
4008190c,FUN_4008190c,8,1
40081914,FUN_40081914,41,1
40081940,FUN_40081940,26,1
4008195c,FUN_4008195c,17,1
40081970,FUN_40081970,17,1
40081984,FUN_40081984,46,1
400819b4,FUN_400819b4,28,1
400819d0,FUN_400819d0,354,1
40081b74,FUN_40081b74,24,1
40081bd8,FUN_40081bd8,34,1
40081d54,FUN_40081d54,29,1
40081d74,FUN_40081d74,37,1
40081d9c,FUN_40081d9c,31,1
40081df0,FUN_40081df0,12,1
40081dfc,FUN_40081dfc,8,1
40081e04,FUN_40081e04,11,1
40081e10,FUN_40081e10,12,1
40081e1c,FUN_40081e1c,5,1
40081e24,FUN_40081e24,12,1
40081e30,FUN_40081e30,5,1
40081e38,FUN_40081e38,12,1
40081e44,FUN_40081e44,5,1
40081e4c,FUN_40081e4c,12,1
40081e58,FUN_40081e58,6,1
40081e68,FUN_40081e68,8,1
40081e70,FUN_40081e70,16,1
40081e84,FUN_40081e84,15,1
40081e94,FUN_40081e94,12,1
40081ea4,FUN_40081ea4,12,1
40081eb0,FUN_40081eb0,8,1
40081eb8,FUN_40081eb8,12,1
40081ec4,FUN_40081ec4,8,1
40081ecc,FUN_40081ecc,12,1
40081ed8,FUN_40081ed8,8,1
40081ee0,FUN_40081ee0,12,1
40081eec,FUN_40081eec,6,1
40081ef8,FUN_40081ef8,6,1
40081f00,FUN_40081f00,12,1
40081f0c,FUN_40081f0c,6,1
40081f14,FUN_40081f14,8,1
40081f1c,FUN_40081f1c,8,1
40081f24,FUN_40081f24,20,1
40081f3c,FUN_40081f3c,11,1
40081f48,FUN_40081f48,12,1
40081f54,FUN_40081f54,5,1
40081f5c,FUN_40081f5c,9,1
40081f68,FUN_40081f68,6,1
40081f84,FUN_40081f84,8,1
40081f8c,FUN_40081f8c,12,1
40081f98,FUN_40081f98,5,1
40081fa0,FUN_40081fa0,16,1
40081fb0,FUN_40081fb0,33,1
40081fd4,FUN_40081fd4,42,1
40082000,FUN_40082000,194,1
400820c4,FUN_400820c4,36,1
400820e8,FUN_400820e8,83,1
4008213c,FUN_4008213c,54,1
40082174,FUN_40082174,194,1
40082248,FUN_40082248,34,1
4008226c,FUN_4008226c,87,1
400822c8,FUN_400822c8,54,1
40082300,FUN_40082300,10,1
4008230c,FUN_4008230c,10,1
40082318,FUN_40082318,29,1
40082338,FUN_40082338,44,1
40082364,FUN_40082364,5,1
40082370,FUN_40082370,3,1
40082378,FUN_40082378,14,1
40082388,FUN_40082388,16,1
40082398,FUN_40082398,24,1
400823b0,FUN_400823b0,8,1
400823b8,FUN_400823b8,7,1
400823c0,FUN_400823c0,57,1
400823fc,FUN_400823fc,57,1
4008243c,FUN_4008243c,6,1
40082490,FUN_40082490,6,1
400824cc,FUN_400824cc,6,1
400824d4,FUN_400824d4,13,1
40082550,FUN_40082550,18,1
40082604,FUN_40082604,6,1
40082630,FUN_40082630,6,1
40082638,FUN_40082638,16,1
40082648,FUN_40082648,5,1
40082650,FUN_40082650,11,1
4008265c,FUN_4008265c,45,1
400826a4,FUN_400826a4,6,1
400826bc,FUN_400826bc,105,1
40082728,FUN_40082728,6,1
40082734,FUN_40082734,5,1
4008273c,FUN_4008273c,33,1
40082760,FUN_40082760,97,1
400827c4,FUN_400827c4,122,1
40082840,FUN_40082840,128,1
400828c0,FUN_400828c0,76,1
4008290c,FUN_4008290c,7,1
40082914,FUN_40082914,89,1
40082970,FUN_40082970,17,1
40082984,FUN_40082984,30,1
400829a4,FUN_400829a4,26,1
400829c0,FUN_400829c0,69,1
40082a00,FUN_40082a00,2,1
40082a08,FUN_40082a08,20,1
40082a1c,FUN_40082a1c,6,1
40082b1c,FUN_40082b1c,90,1
40082b78,FUN_40082b78,10,1
40082b84,FUN_40082b84,29,1
40082ba4,FUN_40082ba4,44,1
40082c84,FUN_40082c84,6,1
40082fa4,FUN_40082fa4,28,1
40083054,FUN_40083054,28,1
4008309c,FUN_4008309c,4,1
400830a0,FUN_400830a0,8,1
400830c8,FUN_400830c8,140,1
4008315c,FUN_4008315c,23,1
40083174,FUN_40083174,79,1
400831c4,FUN_400831c4,8,1
400831d8,FUN_400831d8,7,1
400831e0,FUN_400831e0,12,1
400831ec,FUN_400831ec,7,1
400831f4,FUN_400831f4,55,1
40083230,FUN_40083230,13,1
40083240,FUN_40083240,13,1
40083250,FUN_40083250,15,1
40083260,FUN_40083260,15,1
40083270,FUN_40083270,14,1
40083280,FUN_40083280,14,1
4008329c,FUN_4008329c,7,1
400832a4,FUN_400832a4,14,1
400832c0,FUN_400832c0,7,1
400832c8,FUN_400832c8,19,1
400832dc,FUN_400832dc,55,1
40083314,FUN_40083314,83,1
40083368,FUN_40083368,13,1
40083378,FUN_40083378,32,1
400834cc,FUN_400834cc,14,1
400834dc,FUN_400834dc,38,1
40083514,FUN_40083514,327,1
40083660,FUN_40083660,49,1
400836ec,FUN_400836ec,21,1
40083704,FUN_40083704,53,1
4008373c,FUN_4008373c,37,1
40083764,FUN_40083764,19,1
40083778,FUN_40083778,12,1
40083784,FUN_40083784,6,1
40083798,FUN_40083798,6,1
400837a8,FUN_400837a8,1,1
400837b0,FUN_400837b0,9,1
400837bc,FUN_400837bc,9,1
400837c8,FUN_400837c8,11,1
400837d4,FUN_400837d4,15,1
400837e4,FUN_400837e4,9,1
400837f0,FUN_400837f0,15,1
40083804,FUN_40083804,24,1
4008381c,FUN_4008381c,5,1
40083824,FUN_40083824,9,1
40083830,FUN_40083830,8,1
40083838,FUN_40083838,6,1
40083844,FUN_40083844,6,1
40083869,FUN_40083869,4,1
40083874,FUN_40083874,5,1
4008389c,FUN_4008389c,1,1
400838a4,FUN_400838a4,37,1
400838cc,FUN_400838cc,65,1
40083910,FUN_40083910,47,1
40083940,FUN_40083940,21,1
400839a8,FUN_400839a8,6,1
40083d88,FUN_40083d88,7,1
40083df8,FUN_40083df8,10,1
40083e08,FUN_40083e08,155,1
40083ebc,FUN_40083ebc,10,1
40083ef0,FUN_40083ef0,2,1
40084000,FUN_40084000,473,1
400841e0,FUN_400841e0,4,1
40084434,FUN_40084434,1,1
4008443c,FUN_4008443c,18,1
40084480,FUN_40084480,47,1
400844c4,FUN_400844c4,88,1
40084680,FUN_40084680,3,1
40084800,FUN_40084800,1,1
4008487c,FUN_4008487c,30,1
400849a0,FUN_400849a0,4,1
40084ad0,FUN_40084ad0,5,1
40084e28,FUN_40084e28,624,1
4008509c,FUN_4008509c,1,1
40085474,FUN_40085474,50,1
40085518,FUN_40085518,1,1
4008586c,FUN_4008586c,3,1
400859f4,FUN_400859f4,171,1
40085c94,FUN_40085c94,148,1
40085d2c,FUN_40085d2c,91,1
40085d8c,FUN_40085d8c,17,1
40086000,FUN_40086000,132,1
40086728,FUN_40086728,4,1
40086774,FUN_40086774,2,1
400867c8,FUN_400867c8,1,1
400868d4,FUN_400868d4,4,1
4008691c,FUN_4008691c,136,1
400869a8,FUN_400869a8,13,1
400869e8,FUN_400869e8,2,1
40086a38,FUN_40086a38,2,1
40086a68,FUN_40086a68,1,1
40086b80,FUN_40086b80,4,1
40086fd4,FUN_40086fd4,1,1
40086fdc,FUN_40086fdc,98,1
40087040,FUN_40087040,120,1
4008759c,FUN_4008759c,17,1
400875b4,FUN_400875b4,142,1
40087644,FUN_40087644,42,1
40088000,FUN_40088000,1,1
40088214,FUN_40088214,9,1
40088240,FUN_40088240,3,1
40088280,FUN_40088280,28,1
4008829c,FUN_4008829c,7,1
400882a4,FUN_400882a4,75,1
40088300,FUN_40088300,6,1
400883ac,FUN_400883ac,14,1
400883c0,FUN_400883c0,11,1
400883cc,FUN_400883cc,14,1
400884f4,FUN_400884f4,1,1
40088970,FUN_40088970,99,1
40088cb0,FUN_40088cb0,3,1
40088e40,FUN_40088e40,8,1
40088e48,FUN_40088e48,7,1
40088e50,FUN_40088e50,5,1
40088e58,FUN_40088e58,7,1
40088e84,FUN_40088e84,20,1
40088e98,FUN_40088e98,3,1
40088ea0,FUN_40088ea0,10,1
40088eb8,FUN_40088eb8,40,1
40088f18,FUN_40088f18,119,1
40088f90,FUN_40088f90,72,1
40089024,FUN_40089024,244,1
40089119,FUN_40089119,195,1
400891dc,FUN_400891dc,234,1
400892c6,FUN_400892c6,1325,1
40089800,FUN_40089800,23,1
40089818,FUN_40089818,18,1
4008982c,FUN_4008982c,20,1
40089970,FUN_40089970,150,1
40089a70,FUN_40089a70,1425,1
4008a000,FUN_4008a000,494,1
4008a26c,FUN_4008a26c,2,1
4008a2c0,FUN_4008a2c0,7,1
4008a2c8,FUN_4008a2c8,10,1
4008a2d8,FUN_4008a2d8,8,1
4008a2e0,FUN_4008a2e0,2,1
4008a2e8,FUN_4008a2e8,7,1
4008a2fc,FUN_4008a2fc,3,1
4008a30c,FUN_4008a30c,3,1
4008a314,FUN_4008a314,11,1
4008a324,FUN_4008a324,60,1
4008a360,FUN_4008a360,7,1
4008a368,FUN_4008a368,27,1
4008a390,FUN_4008a390,74,1
4008a3fc,FUN_4008a3fc,235,1
4008a4ec,FUN_4008a4ec,50,1
4008a520,FUN_4008a520,76,1
4008a56c,FUN_4008a56c,7,1
4008a574,FUN_4008a574,5,1
4008a57c,FUN_4008a57c,120,1
4008a5f8,FUN_4008a5f8,2,1
4008a620,FUN_4008a620,2,1
4008a64c,FUN_4008a64c,2,1
4008a674,FUN_4008a674,2,1
4008a6a0,FUN_4008a6a0,2,1
4008a6c8,FUN_4008a6c8,2,1
4008a6f0,FUN_4008a6f0,1,1
4008a6f8,FUN_4008a6f8,23,1
4008a95c,FUN_4008a95c,1,1
4008a964,FUN_4008a964,29,1
4008a984,FUN_4008a984,8,1
4008a98c,FUN_4008a98c,8,1
4008a994,FUN_4008a994,17,1
4008a9a8,FUN_4008a9a8,8,1
4008a9b0,FUN_4008a9b0,7,1
4008a9b8,FUN_4008a9b8,156,1
4008aab4,FUN_4008aab4,64,1
4008ab14,FUN_4008ab14,80,1
4008ab78,FUN_4008ab78,8,1
4008ab80,FUN_4008ab80,7,1
4008abe0,FUN_4008abe0,62,1
4008ac68,FUN_4008ac68,59,1
4008acb8,FUN_4008acb8,8,1
4008acc0,FUN_4008acc0,6,1
4008ad08,FUN_4008ad08,1,1
4008ad10,FUN_4008ad10,6,1
4008ad60,FUN_4008ad60,64,1
4008ada0,FUN_4008ada0,5,1
4008ada8,FUN_4008ada8,32,1
4008adc8,FUN_4008adc8,5,1
4008add0,FUN_4008add0,153,1
4008af00,FUN_4008af00,1,1
4008b050,FUN_4008b050,53,1
4008b088,FUN_4008b088,18,1
4008b0f0,FUN_4008b0f0,1029,1
4008b7a0,FUN_4008b7a0,37,1
4008b7c8,FUN_4008b7c8,496,1
4008b9bc,FUN_4008b9bc,31,1
4008b9dc,FUN_4008b9dc,42,1
4008ba08,FUN_4008ba08,110,1
4008ba78,FUN_4008ba78,62,1
4008bab8,FUN_4008bab8,464,1
4008bc8c,FUN_4008bc8c,144,1
4008bd68,FUN_4008bd68,32,1
4008bd88,FUN_4008bd88,79,1
4008be20,FUN_4008be20,79,1
4008be74,FUN_4008be74,210,1
4008bf4c,FUN_4008bf4c,7,1
4008bf54,FUN_4008bf54,141,1
4008bfe4,FUN_4008bfe4,5,1
4008bfec,FUN_4008bfec,40,1
4008c018,FUN_4008c018,29,1
4008c038,FUN_4008c038,27,1
4008c054,FUN_4008c054,15,1
4008c064,FUN_4008c064,33,1
4008c088,FUN_4008c088,119,1
4008c100,FUN_4008c100,20,1
4008c134,FUN_4008c134,103,1
4008c1a0,FUN_4008c1a0,283,1
4008c2bf,FUN_4008c2bf,211,1
4008c320,FUN_4008c320,5,1
4008c325,FUN_4008c325,5,1
4008c39c,FUN_4008c39c,5,1
4008c3a4,FUN_4008c3a4,102,1
4008c404,FUN_4008c404,1,1
4008c40c,FUN_4008c40c,136,1
4008c498,FUN_4008c498,7,1
4008c4a0,FUN_4008c4a0,83,1
4008c4f4,FUN_4008c4f4,67,1
4008c53c,FUN_4008c53c,8,1
4008c54c,FUN_4008c54c,1,1
4008c554,FUN_4008c554,9,1
4008c560,FUN_4008c560,70,1
4008c5a8,FUN_4008c5a8,64,1
4008c5e8,FUN_4008c5e8,109,1
4008c679,FUN_4008c679,34,1
4008c6d4,FUN_4008c6d4,5,1
4008c73c,FUN_4008c73c,96,1
4008c7a0,FUN_4008c7a0,6,1
4008c821,FUN_4008c821,4,1
4008c859,FUN_4008c859,100,1
4008c8e4,FUN_4008c8e4,7,1
4008c9f9,FUN_4008c9f9,4,1
4008cae8,FUN_4008cae8,6,1
4008cb50,FUN_4008cb50,4,1
4008cbec,FUN_4008cbec,6,1
4008cd38,FUN_4008cd38,1,1
4008cd40,FUN_4008cd40,201,1
4008ceac,FUN_4008ceac,7,1
4008ceb4,FUN_4008ceb4,9,1
4008cec0,FUN_4008cec0,66,1
4008cf08,FUN_4008cf08,15,1
4008cf18,FUN_4008cf18,63,1
4008cf78,FUN_4008cf78,14,1
4008cf88,FUN_4008cf88,13,1
4008cf98,FUN_4008cf98,9,1
4008cfa4,FUN_4008cfa4,23,1
4008cfbc,FUN_4008cfbc,12,1
4008cfc8,FUN_4008cfc8,5,1
4008cfd0,FUN_4008cfd0,15,1
4008cfe0,FUN_4008cfe0,28,1
4008cffc,FUN_4008cffc,7,1
4008d004,FUN_4008d004,56,1
4008d03c,FUN_4008d03c,7,1
4008d044,FUN_4008d044,11,1
4008d050,FUN_4008d050,6,1
4008d05c,FUN_4008d05c,8,1
4008d064,FUN_4008d064,6,1
4008d074,FUN_4008d074,8,1
4008d07c,FUN_4008d07c,8,1
4008d084,FUN_4008d084,70,1
4008d0cc,FUN_4008d0cc,60,1
4008d120,FUN_4008d120,58,1
4008d170,FUN_4008d170,14,1
4008d1cc,FUN_4008d1cc,3,1
4008d1e0,FUN_4008d1e0,8,1
4008d1e8,FUN_4008d1e8,10,1
4008d1f4,FUN_4008d1f4,21,1
4008d20c,FUN_4008d20c,17,1
4008d220,FUN_4008d220,10,1
4008d22c,FUN_4008d22c,10,1
4008d240,FUN_4008d240,87,1
4008d29c,FUN_4008d29c,86,1
4008d2f4,FUN_4008d2f4,239,1
4008d3ec,FUN_4008d3ec,67,1
4008d440,FUN_4008d440,56,1
4008d478,FUN_4008d478,5,1
4008d480,FUN_4008d480,18,1
4008d494,FUN_4008d494,8,1
4008d49c,FUN_4008d49c,25,1
4008d4bc,FUN_4008d4bc,101,1
4008d524,FUN_4008d524,116,1
4008d5a0,FUN_4008d5a0,50,1
4008d5d4,FUN_4008d5d4,32,1
4008d5f4,FUN_4008d5f4,21,1
4008d614,FUN_4008d614,164,1
4008d6dc,FUN_4008d6dc,707,1
4008d9d4,FUN_4008d9d4,257,1
4008dadc,FUN_4008dadc,11,1
4008daec,FUN_4008daec,11,1
4008daf8,FUN_4008daf8,18,1
4008db0c,FUN_4008db0c,32,1
4008db30,FUN_4008db30,37,1
4008db58,FUN_4008db58,32,1
4008db7c,FUN_4008db7c,37,1
4008dba4,FUN_4008dba4,32,1
4008dbcc,FUN_4008dbcc,43,1
4008dbf8,FUN_4008dbf8,80,1
4008dc58,FUN_4008dc58,122,1
4008dd88,FUN_4008dd88,98,1
4008ddf0,FUN_4008ddf0,43,1
4008de1c,FUN_4008de1c,51,1
4008de50,FUN_4008de50,64,1
4008de90,FUN_4008de90,15,1
4008df34,FUN_4008df34,2,1
4008df3c,FUN_4008df3c,193,1
4008e000,FUN_4008e000,110,1
4008e070,FUN_4008e070,2,1
4008e20c,FUN_4008e20c,3,1
4008e364,FUN_4008e364,27,1
4008e420,FUN_4008e420,1,1
4008e500,FUN_4008e500,73,1
4008e560,FUN_4008e560,226,1
4008e654,FUN_4008e654,67,1
4008e6a0,FUN_4008e6a0,3,1
4008e778,FUN_4008e778,5,1
4008e780,FUN_4008e780,163,1
4008e824,FUN_4008e824,115,1
4008e934,FUN_4008e934,29,1
4008e968,FUN_4008e968,196,1
4008ea40,FUN_4008ea40,98,1
4008eab4,FUN_4008eab4,123,1
4008eb30,FUN_4008eb30,131,1
4008ec24,FUN_4008ec24,16,1
4008ec64,FUN_4008ec64,40,1
4008ec8c,FUN_4008ec8c,8,1
4008ec94,FUN_4008ec94,111,1
4008ed34,FUN_4008ed34,3,1
4008ed98,FUN_4008ed98,3,1
4008ee44,FUN_4008ee44,34,1
4008ee8c,FUN_4008ee8c,3,1
4008eee8,FUN_4008eee8,5,1
4008eef0,FUN_4008eef0,36,1
4008ef14,FUN_4008ef14,5,1
4008ef1c,FUN_4008ef1c,41,1
4008ef50,FUN_4008ef50,5,1
4008efac,FUN_4008efac,2,1
4008f020,FUN_4008f020,72,1
4008f06c,FUN_4008f06c,1,1
4008f148,FUN_4008f148,1,1
4008f354,FUN_4008f354,18,1
4008f42c,FUN_4008f42c,6,1
4008f4b0,FUN_4008f4b0,67,1
4008f4f8,FUN_4008f4f8,49,1
4008f52c,FUN_4008f52c,135,1
4008f5fc,FUN_4008f5fc,339,1
4008f760,FUN_4008f760,101,1
4008f810,FUN_4008f810,6,1
4008f848,FUN_4008f848,40,1
4008f870,FUN_4008f870,8,1
4008f894,FUN_4008f894,8,1
4008f8b8,FUN_4008f8b8,22,1
4008f934,FUN_4008f934,118,1
4008f9b8,FUN_4008f9b8,67,1
4008f9fc,FUN_4008f9fc,666,1
40090000,thunk_EXT_FUN_40074ae5,3,1
400901bc,FUN_400901bc,23,1
400901d4,FUN_400901d4,125,1
40090254,FUN_40090254,7,1
4009025c,FUN_4009025c,19,1
40090270,FUN_40090270,5,1
40090278,FUN_40090278,5,1
40090280,FUN_40090280,5,1
40090288,FUN_40090288,5,1
40090290,FUN_40090290,20,1
400902a4,FUN_400902a4,25,1
400902c0,FUN_400902c0,8,1
400902c8,FUN_400902c8,19,1
400902dc,FUN_400902dc,8,1
400902e4,FUN_400902e4,8,1
400902ec,FUN_400902ec,5,1
400902f4,FUN_400902f4,24,1
4009030c,FUN_4009030c,6,1
40090314,FUN_40090314,68,1
40090358,FUN_40090358,6,1
40090360,FUN_40090360,7,1
4009036c,FUN_4009036c,8,1
40090374,FUN_40090374,6,1
4009037c,FUN_4009037c,8,1
40090384,FUN_40090384,20,1
40090398,FUN_40090398,8,1
400903a0,FUN_400903a0,23,1
400903b8,FUN_400903b8,5,1
400903c0,FUN_400903c0,7,1
400903c8,FUN_400903c8,33,1
400903ec,FUN_400903ec,6,1
4009040c,FUN_4009040c,8,1
40090414,FUN_40090414,18,1
40090448,FUN_40090448,58,1
40090484,FUN_40090484,167,1
40090530,FUN_40090530,114,1
400905a4,FUN_400905a4,58,1
400905e0,FUN_400905e0,68,1
40090624,FUN_40090624,38,1
4009064c,FUN_4009064c,44,1
40090678,FUN_40090678,359,1
400907e0,FUN_400907e0,8,1
400907e8,FUN_400907e8,38,1
40090810,FUN_40090810,86,1
400908f8,FUN_400908f8,25,1
40090914,FUN_40090914,112,1
40090988,FUN_40090988,19,1
4009099c,FUN_4009099c,258,1
40090ad0,FUN_40090ad0,392,1
40090c58,FUN_40090c58,177,1
40090d8c,FUN_40090d8c,166,1
40090ec4,FUN_40090ec4,13,1
40090fb0,FUN_40090fb0,1,1
40090fb8,FUN_40090fb8,238,1
40091208,FUN_40091208,3,1
40091298,FUN_40091298,159,1
40091338,FUN_40091338,8,1
400913b0,FUN_400913b0,6,1
400913b8,FUN_400913b8,104,1
40091430,FUN_40091430,28,1
40091478,FUN_40091478,5,1
400914a0,FUN_400914a0,203,1
40091590,FUN_40091590,161,1
40091678,FUN_40091678,6,1
40091680,FUN_40091680,74,1
400916cc,FUN_400916cc,46,1
400916fc,FUN_400916fc,145,1
40091808,FUN_40091808,7,1
40091810,FUN_40091810,166,1
400918e4,FUN_400918e4,122,1
4009197c,FUN_4009197c,7,1
400919c0,FUN_400919c0,48,1
400919f0,FUN_400919f0,6,1
400919f8,FUN_400919f8,62,1
40091a48,FUN_40091a48,62,1
40091a8c,FUN_40091a8c,6,1
40091a94,FUN_40091a94,51,1
40091ac8,FUN_40091ac8,25,1
40091ae4,FUN_40091ae4,41,1
40091b10,FUN_40091b10,48,1
40091b40,FUN_40091b40,5,1
40091b88,FUN_40091b88,1,1
40091ba4,FUN_40091ba4,8,1
40091bac,FUN_40091bac,89,1
40091c08,FUN_40091c08,22,1
40091c20,FUN_40091c20,13,1
40091c30,FUN_40091c30,21,1
40091c8c,FUN_40091c8c,80,1
40091d04,FUN_40091d04,26,1
40091d20,FUN_40091d20,80,1
40091d70,FUN_40091d70,80,1
40091dc0,FUN_40091dc0,32,1
40091de0,FUN_40091de0,44,1
40091eb0,FUN_40091eb0,66,1
40091ef4,FUN_40091ef4,19,1
40091f08,FUN_40091f08,43,1
40091f34,FUN_40091f34,34,1
40091f7c,FUN_40091f7c,28,1
40091f98,FUN_40091f98,11,1
40091fa4,FUN_40091fa4,12,1
40091fb0,FUN_40091fb0,7,1
40091fb8,FUN_40091fb8,35,1
40091fdc,FUN_40091fdc,188,1
4009212c,FUN_4009212c,1,1
40092134,FUN_40092134,127,1
400921bc,FUN_400921bc,6,1
40092238,FUN_40092238,62,1
400922b8,FUN_400922b8,134,1
40092344,FUN_40092344,35,1
40092368,FUN_40092368,92,1
4009240c,FUN_4009240c,138,1
400924a0,FUN_400924a0,166,1
4009254c,FUN_4009254c,116,1
400925c0,FUN_400925c0,31,1
400925e0,FUN_400925e0,1,1
400925e8,FUN_400925e8,60,1
40092628,FUN_40092628,255,1
400927b0,FUN_400927b0,8,1
400927b8,FUN_400927b8,49,1
400927ec,FUN_400927ec,55,1
40092824,FUN_40092824,45,1
40092854,FUN_40092854,203,1
40092930,FUN_40092930,6,1
40092938,FUN_40092938,197,1
40092a0c,FUN_40092a0c,161,1
40092a66,FUN_40092a66,8,1
40092b4c,FUN_40092b4c,6,1
40092b54,FUN_40092b54,177,1
40092ce0,FUN_40092ce0,1,1
40092ce8,FUN_40092ce8,62,1
40092d28,FUN_40092d28,161,1
40092e00,FUN_40092e00,6,1
40092e08,FUN_40092e08,47,1
40092e3c,FUN_40092e3c,35,1
40092e60,FUN_40092e60,62,1
40092eb8,FUN_40092eb8,22,1
40092f88,FUN_40092f88,44,1
400930e4,FUN_400930e4,150,1
4009317c,FUN_4009317c,87,1
400931d8,FUN_400931d8,290,1
40093344,FUN_40093344,168,1
400933f0,FUN_400933f0,5,1
400933f8,FUN_400933f8,100,1
4009345c,FUN_4009345c,32,1
4009347c,FUN_4009347c,8,1
40093484,FUN_40093484,13,1
40093494,FUN_40093494,21,1
400934a4,FUN_400934a4,1,1
400934ac,FUN_400934ac,47,1
400934e0,FUN_400934e0,6,1
40093674,FUN_40093674,495,1
400938b4,FUN_400938b4,98,1
40093918,FUN_40093918,81,1
4009396c,FUN_4009396c,275,1
40093a88,FUN_40093a88,13,1
40093a98,FUN_40093a98,9,1
40093aa4,FUN_40093aa4,194,1
40093b6c,FUN_40093b6c,25,1
40093b88,FUN_40093b88,183,1
40093c44,FUN_40093c44,25,1
40093c60,FUN_40093c60,33,1
40093c84,FUN_40093c84,28,1
40093ca0,thunk_FUN_400954bc,3,1
40093ca8,FUN_40093ca8,334,1
40093f0c,FUN_40093f0c,6,1
40093f14,FUN_40093f14,17,1
40093f28,FUN_40093f28,34,1
40093f4c,FUN_40093f4c,43,1
40093f78,FUN_40093f78,27,1
40093f94,FUN_40093f94,17,1
40093fa8,FUN_40093fa8,25,1
40093fc4,FUN_40093fc4,48,1
40093ff4,FUN_40093ff4,8,1
40093ffc,FUN_40093ffc,178,1
400940ec,FUN_400940ec,120,1
4009417c,FUN_4009417c,66,1
400941c0,FUN_400941c0,455,1
4009447c,FUN_4009447c,158,1
400945d0,FUN_400945d0,82,1
40094624,FUN_40094624,81,1
40094678,FUN_40094678,113,1
40094760,FUN_40094760,158,1
4009488c,FUN_4009488c,312,1
400949d0,FUN_400949d0,285,1
40094b08,FUN_40094b08,18,1
40094b1c,FUN_40094b1c,13,1
40094b2c,FUN_40094b2c,13,1
40094b3c,FUN_40094b3c,8,1
40094b44,FUN_40094b44,8,1
40094b4c,FUN_40094b4c,139,1
40094bdc,FUN_40094bdc,133,1
40094c64,FUN_40094c64,123,1
40094ce0,FUN_40094ce0,70,1
40094d28,FUN_40094d28,55,1
40094d60,FUN_40094d60,18,1
40094d74,FUN_40094d74,82,1
40094dc8,FUN_40094dc8,58,1
40094e04,FUN_40094e04,83,1
40094e58,FUN_40094e58,108,1
40094f07,FUN_40094f07,5,1
40094f0c,FUN_40094f0c,226,1
40094fa0,FUN_40094fa0,62,1
40094ff3,FUN_40094ff3,6,1
40095054,FUN_40095054,17,1
40095065,FUN_40095065,46,1
40095085,FUN_40095085,14,1
400950a8,FUN_400950a8,8,1
400950b0,FUN_400950b0,6,1
400950e0,FUN_400950e0,2,1
40095208,FUN_40095208,24,1
40095220,FUN_40095220,9,1
4009522c,FUN_4009522c,33,1
40095250,FUN_40095250,50,1
40095284,FUN_40095284,43,1
400952b0,FUN_400952b0,7,1
400952b8,FUN_400952b8,7,1
400952c0,FUN_400952c0,8,1
400952c8,FUN_400952c8,39,1
400952f0,FUN_400952f0,148,1
40095384,FUN_40095384,8,1
4009538c,FUN_4009538c,38,1
400953b4,FUN_400953b4,256,1
400954b4,FUN_400954b4,3,1
400954bc,FUN_400954bc,136,1
40095548,FUN_40095548,10,1
40095554,FUN_40095554,32,1
400955a0,FUN_400955a0,24,1
400955b8,FUN_400955b8,17,1
400955cc,FUN_400955cc,62,1
4009560c,FUN_4009560c,57,1
40095648,FUN_40095648,12,1
40095654,FUN_40095654,67,1
40095698,FUN_40095698,67,1
400956dc,FUN_400956dc,88,1
40095738,FUN_40095738,33,1
40095780,FUN_40095780,128,1
40095800,FUN_40095800,7,1
40095808,FUN_40095808,71,1
40095850,FUN_40095850,26,1
40095880,FUN_40095880,1,1
400958ac,FUN_400958ac,2,1
400958b4,FUN_400958b4,15,1
400958c4,FUN_400958c4,5,1
400958cc,FUN_400958cc,17,1
400958e0,FUN_400958e0,40,1
40095924,FUN_40095924,72,1
40095b7c,FUN_40095b7c,350,1
40095cdc,FUN_40095cdc,6,1
40095d18,FUN_40095d18,108,1
40095d98,thunk_FUN_40095d18,6,1
40095dbc,FUN_40095dbc,6,1
40095dc4,FUN_40095dc4,89,1
40095e20,FUN_40095e20,81,1
40095e74,FUN_40095e74,108,1
40095ee0,FUN_40095ee0,8,1
40095ee8,FUN_40095ee8,36,1
40095f0c,FUN_40095f0c,8,1
40095f14,FUN_40095f14,44,1
40095f40,FUN_40095f40,6,1
40095f48,FUN_40095f48,6,1
40095f50,FUN_40095f50,6,1
40095f68,FUN_40095f68,152,1
40096000,FUN_40096000,70,1
40096048,FUN_40096048,7,1
40096050,FUN_40096050,555,1
400964a6,FUN_400964a6,48,1
40096624,FUN_40096624,5,1
400966fa,FUN_400966fa,38,1
4009680c,FUN_4009680c,6,1
40096824,FUN_40096824,7,1
4009682c,FUN_4009682c,73,1
40096890,FUN_40096890,45,1
400968c0,FUN_400968c0,85,1
40096918,FUN_40096918,86,1
40096970,FUN_40096970,86,1
400969c8,FUN_400969c8,174,1
40096a78,FUN_40096a78,8,1
40096a80,FUN_40096a80,16,1
40096cc4,FUN_40096cc4,1,1
40096ccc,FUN_40096ccc,305,1
40096d00,FUN_40096d00,8,1
40096e08,FUN_40096e08,28,1
40096e28,FUN_40096e28,64,1
40096e68,FUN_40096e68,6,1
40096e70,FUN_40096e70,46,1
40096ee4,FUN_40096ee4,8,1
40096eec,FUN_40096eec,40,1
40096f14,FUN_40096f14,64,1
40096f58,FUN_40096f58,28,1
40096f74,FUN_40096f74,28,1
40096fb4,FUN_40096fb4,54,1
40096fec,FUN_40096fec,233,1
400970dc,FUN_400970dc,57,1
40097118,FUN_40097118,30,1
40097138,FUN_40097138,629,1
400973b0,FUN_400973b0,591,1
40097608,FUN_40097608,745,1
40097904,FUN_40097904,22,1
4009791c,FUN_4009791c,8,1
40097924,FUN_40097924,7,1
4009792c,FUN_4009792c,7,1
40097934,FUN_40097934,10,1
40097940,FUN_40097940,37,1
40097968,FUN_40097968,12,1
40097974,FUN_40097974,79,1
400979c8,FUN_400979c8,14,1
400979d8,FUN_400979d8,12,1
400979e4,FUN_400979e4,85,1
40097a3c,FUN_40097a3c,70,1
40097a84,FUN_40097a84,107,1
40097af4,FUN_40097af4,16,1
40097b64,FUN_40097b64,36,1
40097b88,FUN_40097b88,7,1
40097b90,FUN_40097b90,9,1
40097b9c,FUN_40097b9c,37,1
40097bc4,FUN_40097bc4,29,1
40097be4,FUN_40097be4,28,1
40097c00,FUN_40097c00,7,1
40097c08,FUN_40097c08,49,1
40097c3c,FUN_40097c3c,20,1
40097c50,FUN_40097c50,7,1
40097c58,FUN_40097c58,44,1
40098000,FUN_40098000,3,1
40098408,FUN_40098408,2,1
40098434,FUN_40098434,1,1
400984a4,FUN_400984a4,1,1
400984f4,FUN_400984f4,5,1
400984fc,FUN_400984fc,29,1
4009851c,FUN_4009851c,18,1
400985a0,FUN_400985a0,8,1
400985a8,FUN_400985a8,18,1
4009869c,FUN_4009869c,5,1
400986a4,FUN_400986a4,11,1
400986b0,FUN_400986b0,12,1
400986bc,FUN_400986bc,5,1
400986c4,FUN_400986c4,9,1
400986d0,FUN_400986d0,11,1
400986dc,FUN_400986dc,9,1
400986e8,FUN_400986e8,12,1
400986f4,FUN_400986f4,5,1
400986fc,FUN_400986fc,34,1
40098720,FUN_40098720,20,1
40098734,FUN_40098734,4,1
40098740,FUN_40098740,15,1
40098750,FUN_40098750,8,1
40098758,FUN_40098758,97,1
400987bc,FUN_400987bc,5,1
400987c4,FUN_400987c4,71,1
40098828,FUN_40098828,3,1
40098830,FUN_40098830,204,1
40098900,FUN_40098900,214,1
400989e4,FUN_400989e4,8,1
400989ec,FUN_400989ec,118,1
40098a64,FUN_40098a64,35,1
40098ab4,FUN_40098ab4,3,1
40098d34,FUN_40098d34,1,1
40098d3c,FUN_40098d3c,24,1
40098d54,FUN_40098d54,4,1
40098d5c,FUN_40098d5c,22,1
40098d74,FUN_40098d74,135,1
40098dfc,FUN_40098dfc,5,1
40098e04,FUN_40098e04,104,1
40098e6c,FUN_40098e6c,139,1
40098ef8,FUN_40098ef8,8,1
40098f00,FUN_40098f00,34,1
40098f28,FUN_40098f28,236,1
40099020,FUN_40099020,269,1
40099140,FUN_40099140,363,1
400992cc,FUN_400992cc,270,1
400993e8,FUN_400993e8,89,1
40099460,FUN_40099460,481,1
4009964c,FUN_4009964c,56,1
40099698,FUN_40099698,714,1
4009996c,FUN_4009996c,247,1
40099a74,FUN_40099a74,189,1
40099e84,FUN_40099e84,148,1
40099f58,FUN_40099f58,8,1
40099f64,FUN_40099f64,3,1
40099f70,FUN_40099f70,1,1
40099fbc,FUN_40099fbc,1,1
40099fd8,FUN_40099fd8,19,1
4009a000,FUN_4009a000,1,1
4009a008,FUN_4009a008,75,1
4009a05c,FUN_4009a05c,101,1
4009a428,FUN_4009a428,3,1
4009a430,FUN_4009a430,174,1
4009a558,FUN_4009a558,87,1
4009a5f4,FUN_4009a5f4,1,1
4009a6b8,FUN_4009a6b8,2,1
4009a744,FUN_4009a744,87,1
4009a7a0,FUN_4009a7a0,36,1
4009a824,FUN_4009a824,13,1
4009a83c,FUN_4009a83c,35,1
4009a880,FUN_4009a880,27,1
4009a894,FUN_4009a894,1,1
4009a89c,FUN_4009a89c,18,1
4009a8b0,FUN_4009a8b0,23,1
4009a8c8,FUN_4009a8c8,30,1
4009a8e8,FUN_4009a8e8,28,1
4009a904,FUN_4009a904,2,1
4009a944,FUN_4009a944,128,1
4009aa54,FUN_4009aa54,516,1
4009ac98,FUN_4009ac98,502,1
4009ae90,FUN_4009ae90,137,1
4009af2c,FUN_4009af2c,142,1
4009afbc,FUN_4009afbc,118,1
4009b038,FUN_4009b038,2,1
4009b134,FUN_4009b134,7,1
4009b13c,FUN_4009b13c,173,1
4009b1ec,FUN_4009b1ec,196,1
4009b2e4,FUN_4009b2e4,8,1
4009b2ec,FUN_4009b2ec,24,1
4009b308,FUN_4009b308,19,1
4009b384,FUN_4009b384,8,1
4009b39c,FUN_4009b39c,6,1
4009b3a4,FUN_4009b3a4,48,1
4009b3d8,FUN_4009b3d8,6,1
4009b3f2,FUN_4009b3f2,14,1
4009b404,FUN_4009b404,6,1
4009b420,FUN_4009b420,8,1
4009b428,FUN_4009b428,24,1
4009b440,FUN_4009b440,7,1
4009b448,FUN_4009b448,54,1
4009b490,FUN_4009b490,7,1
4009b498,FUN_4009b498,44,1
4009b4c4,FUN_4009b4c4,8,1
4009b578,FUN_4009b578,17,1
4009b5a8,FUN_4009b5a8,20,1
4009b660,FUN_4009b660,3,1
4009b677,FUN_4009b677,34,1
4009b6f4,FUN_4009b6f4,8,1
4009b728,FUN_4009b728,4,1
4009b73c,FUN_4009b73c,6,1
4009b7c8,FUN_4009b7c8,1,1
4009b820,FUN_4009b820,5,1
4009b828,FUN_4009b828,154,1
4009b8c4,FUN_4009b8c4,7,1
4009b8fc,FUN_4009b8fc,8,1
4009b904,FUN_4009b904,85,1
4009b95c,FUN_4009b95c,17,1
4009b990,FUN_4009b990,47,1
4009b9c0,FUN_4009b9c0,15,1
4009b9d0,FUN_4009b9d0,27,1
4009b9ec,FUN_4009b9ec,15,1
4009b9fc,FUN_4009b9fc,20,1
4009ba14,FUN_4009ba14,20,1
4009ba2c,FUN_4009ba2c,23,1
4009ba44,FUN_4009ba44,7,1
4009ba4c,FUN_4009ba4c,104,1
4009bab8,FUN_4009bab8,108,1
4009bb28,FUN_4009bb28,108,1
4009bb98,FUN_4009bb98,100,1
4009bc00,FUN_4009bc00,81,1
4009bc54,FUN_4009bc54,17,1
4009bc68,FUN_4009bc68,127,1
4009bcfc,FUN_4009bcfc,5,1
4009bd04,FUN_4009bd04,8,1
4009bd0c,FUN_4009bd0c,131,1
4009bd90,FUN_4009bd90,6,1
4009bdb0,FUN_4009bdb0,7,1
4009bdb8,FUN_4009bdb8,19,1
4009bdcc,FUN_4009bdcc,27,1
4009bde8,FUN_4009bde8,7,1
4009bdf0,FUN_4009bdf0,27,1
4009be0c,FUN_4009be0c,7,1
4009bf20,FUN_4009bf20,8,1
4009bf28,FUN_4009bf28,56,1
4009c000,FUN_4009c000,2,1
4009c034,FUN_4009c034,6,1
4009c04c,FUN_4009c04c,3,1
4009c054,FUN_4009c054,23,1
4009c06c,FUN_4009c06c,269,1
4009c180,FUN_4009c180,35,1
4009c1a4,FUN_4009c1a4,8,1
4009c1ac,FUN_4009c1ac,62,1
4009c224,FUN_4009c224,6,1
4009c22c,FUN_4009c22c,24,1
4009c244,FUN_4009c244,20,1
400d0020,FUN_400d0020,1,1
400d2f44,FUN_400d2f44,8,1
400d2f4c,FUN_400d2f4c,14,1
400d2f68,FUN_400d2f68,42,1
400d2f94,FUN_400d2f94,40,1
400d2ff8,FUN_400d2ff8,7,1
400d3000,FUN_400d3000,56,1
400d3038,FUN_400d3038,6,1
400d3040,FUN_400d3040,44,1
400d3074,FUN_400d3074,8,1
400d307c,FUN_400d307c,34,1
400d30a0,FUN_400d30a0,158,1
400d3160,FUN_400d3160,8,1
400d318c,FUN_400d318c,16,1
400d319c,FUN_400d319c,100,1
400d32ec,FUN_400d32ec,5,1
400d32f4,FUN_400d32f4,220,1
400d33fe,FUN_400d33fe,16,1
400d3410,FUN_400d3410,8,1
400d3454,FUN_400d3454,1,1
400d345c,FUN_400d345c,43,1
400d3488,FUN_400d3488,54,1
400d366b,FUN_400d366b,119,1
400d36e4,FUN_400d36e4,5,1
400d3870,FUN_400d3870,6,1
400d38bc,FUN_400d38bc,17,1
400d3920,FUN_400d3920,9,1
400d392c,FUN_400d392c,145,1
400d3a0c,FUN_400d3a0c,8,1
400d3a14,FUN_400d3a14,82,1
400d3b40,FUN_400d3b40,44,1
400d3b6c,FUN_400d3b6c,77,1
400d3bbc,FUN_400d3bbc,31,1
400d3bdc,FUN_400d3bdc,53,1
400d3c14,FUN_400d3c14,76,1
400d3c68,FUN_400d3c68,76,1
400d3cb4,FUN_400d3cb4,6,1
400d3cf0,FUN_400d3cf0,59,1
400d3d2c,FUN_400d3d2c,44,1
400d3d58,FUN_400d3d58,8,1
400d3d60,FUN_400d3d60,14,1
400d3d70,FUN_400d3d70,6,1
400d3d88,FUN_400d3d88,39,1
400d3db4,FUN_400d3db4,60,1
400d3df4,FUN_400d3df4,82,1
400d3e48,FUN_400d3e48,359,1
400d406c,FUN_400d406c,33,1
400d4090,FUN_400d4090,26,1
400d40ac,FUN_400d40ac,29,1
400d40cc,FUN_400d40cc,220,1
400d41e4,FUN_400d41e4,118,1
400d4274,FUN_400d4274,61,1
400d42b4,FUN_400d42b4,27,1
400d42d0,FUN_400d42d0,205,1
400d43ac,FUN_400d43ac,32,1
400d43cc,FUN_400d43cc,36,1
400d43f0,FUN_400d43f0,53,1
400d444e,FUN_400d444e,94,1
400d44ac,FUN_400d44ac,5,1
400d44d2,FUN_400d44d2,9,1
400d456c,FUN_400d456c,7,1
400d45b8,FUN_400d45b8,1,1
400d4600,FUN_400d4600,1,1
400d464c,FUN_400d464c,1,1
400d46d0,FUN_400d46d0,12,1
400d471c,FUN_400d471c,72,1
400d477a,FUN_400d477a,4,1
400d47a4,FUN_400d47a4,8,1
400d4804,FUN_400d4804,1,1
400d4844,FUN_400d4844,6,1
400d48a4,FUN_400d48a4,1,1
400d4c9c,FUN_400d4c9c,55,1
400d4cd4,FUN_400d4cd4,5,1
400d4cf4,FUN_400d4cf4,7,1
400d4cfc,FUN_400d4cfc,31,1
400d4d1c,FUN_400d4d1c,23,1
400d4d34,FUN_400d4d34,27,1
400d4d50,FUN_400d4d50,31,1
400d4d70,FUN_400d4d70,32,1
400d4d94,FUN_400d4d94,24,1
400d4dac,FUN_400d4dac,5,1
400d4db4,FUN_400d4db4,24,1
400d4dcc,FUN_400d4dcc,5,1
400d4dd4,FUN_400d4dd4,25,1
400d4df0,FUN_400d4df0,32,1
400d4e14,FUN_400d4e14,27,1
400d4e30,FUN_400d4e30,24,1
400d4e48,FUN_400d4e48,5,1
400d4e50,FUN_400d4e50,27,1
400d4e6c,FUN_400d4e6c,44,1
400d4e98,FUN_400d4e98,21,1
400d4ec8,FUN_400d4ec8,8,1
400d4ed0,FUN_400d4ed0,68,1
400d4f14,FUN_400d4f14,7,1
400d4f1c,FUN_400d4f1c,170,1
400d4fc8,FUN_400d4fc8,28,1
400d4fe4,FUN_400d4fe4,8,1
400d5015,FUN_400d5015,47,1
400d5068,FUN_400d5068,5,1
400d5184,FUN_400d5184,4,1
400d51e4,thunk_FUN_400d5184,6,1
400d5290,FUN_400d5290,129,1
400d5550,FUN_400d5550,1,1
400d5678,FUN_400d5678,10,1
400d57cc,FUN_400d57cc,24,1
400d57fc,FUN_400d57fc,18,1
400d5854,FUN_400d5854,9,1
400d5884,FUN_400d5884,1,1
400d588c,FUN_400d588c,25,1
400d58a8,FUN_400d58a8,12,1
400d58b4,FUN_400d58b4,6,1
400d58fc,FUN_400d58fc,8,1
400d5908,FUN_400d5908,7,1
400d595c,FUN_400d595c,1,1
400d5990,FUN_400d5990,1,1
400d5998,FUN_400d5998,87,1
400d59f0,FUN_400d59f0,8,1
400d5a94,FUN_400d5a94,1,1
400d5ac8,FUN_400d5ac8,8,1
400d5ad0,FUN_400d5ad0,15,1
400d5ae0,FUN_400d5ae0,11,1
400d5aec,FUN_400d5aec,9,1
400d5af8,FUN_400d5af8,19,1
400d5b0c,FUN_400d5b0c,12,1
400d5b1c,FUN_400d5b1c,15,1
400d5b2c,FUN_400d5b2c,12,1
400d5b3c,FUN_400d5b3c,12,1
400d5b4c,FUN_400d5b4c,12,1
400d5b5c,FUN_400d5b5c,14,1
400d5b6c,FUN_400d5b6c,14,1
400d5b7c,FUN_400d5b7c,12,1
400d5b88,FUN_400d5b88,7,1
400d5b90,FUN_400d5b90,19,1
400d5ba4,FUN_400d5ba4,8,1
400d5bac,FUN_400d5bac,8,1
400d5bb4,FUN_400d5bb4,10,1
400d5bc0,FUN_400d5bc0,12,1
400d5bd0,FUN_400d5bd0,10,1
400d5bdc,FUN_400d5bdc,12,1
400d5bec,FUN_400d5bec,11,1
400d5bf8,FUN_400d5bf8,8,1
400d5c00,FUN_400d5c00,8,1
400d5c08,FUN_400d5c08,39,1
400d5c30,FUN_400d5c30,13,1
400d5c40,FUN_400d5c40,9,1
400d5c4c,FUN_400d5c4c,29,1
400d5c6c,FUN_400d5c6c,35,1
400d5ca0,FUN_400d5ca0,7,1
400d5ca8,FUN_400d5ca8,20,1
400d5cc0,FUN_400d5cc0,20,1
400d5cd8,FUN_400d5cd8,20,1
400d5cf0,FUN_400d5cf0,11,1
400d5cfc,FUN_400d5cfc,11,1
400d5d08,FUN_400d5d08,12,1
400d5d14,FUN_400d5d14,5,1
400d5d1c,FUN_400d5d1c,31,1
400d5d3c,FUN_400d5d3c,28,1
400d5d58,FUN_400d5d58,6,1
400d5d60,FUN_400d5d60,9,1
400d5d6c,FUN_400d5d6c,9,1
400d5d78,FUN_400d5d78,13,1
400d5d88,FUN_400d5d88,17,1
400d5d9c,FUN_400d5d9c,23,1
400d5db4,FUN_400d5db4,19,1
400d5dc8,FUN_400d5dc8,15,1
400d5dd8,FUN_400d5dd8,20,1
400d5df0,FUN_400d5df0,61,1
400d5e30,FUN_400d5e30,12,1
400d5e3c,FUN_400d5e3c,5,1
400d5e44,FUN_400d5e44,12,1
400d5e50,FUN_400d5e50,5,1
400d5e58,FUN_400d5e58,10,1
400d5e64,FUN_400d5e64,31,1
400d5e84,FUN_400d5e84,17,1
400d5e98,FUN_400d5e98,12,1
400d5ea4,FUN_400d5ea4,7,1
400d5eac,FUN_400d5eac,9,1
400d5eb8,FUN_400d5eb8,22,1
400d5ed0,FUN_400d5ed0,29,1
400d5ef0,FUN_400d5ef0,39,1
400d5f2d,FUN_400d5f2d,79,1
400d5f7c,FUN_400d5f7c,7,1
400d5f98,FUN_400d5f98,32,1
400d5fb8,FUN_400d5fb8,7,1
400d5fc0,FUN_400d5fc0,38,1
400d61fc,FUN_400d61fc,173,1
400d62ac,FUN_400d62ac,85,1
400d631c,FUN_400d631c,37,1
400d64b4,FUN_400d64b4,6,1
400d6544,FUN_400d6544,16,1
400d6554,FUN_400d6554,12,1
400d6564,FUN_400d6564,46,1
400d6598,FUN_400d6598,33,1
400d66f4,FUN_400d66f4,8,1
400d66fc,FUN_400d66fc,8,1
400d6704,FUN_400d6704,16,1
400d6714,FUN_400d6714,221,1
400d6ab4,FUN_400d6ab4,24,1
400d6acc,FUN_400d6acc,209,1
400d6ba8,FUN_400d6ba8,6,1
400d6bbc,FUN_400d6bbc,74,1
400d6c0c,FUN_400d6c0c,72,1
400d6c5c,FUN_400d6c5c,176,1
400d6d0c,FUN_400d6d0c,6,1
400d6d14,FUN_400d6d14,134,1
400d6e3c,FUN_400d6e3c,7,1
400d6e44,FUN_400d6e44,59,1
400d6e80,FUN_400d6e80,7,1
400d6fe2,FUN_400d6fe2,4,1
400d6fe8,FUN_400d6fe8,6,1
400d6ff0,FUN_400d6ff0,86,1
400d7048,FUN_400d7048,14,1
400d709c,FUN_400d709c,5,1
400d70a4,FUN_400d70a4,42,1
400d70ec,FUN_400d70ec,2,1
400d70f4,FUN_400d70f4,24,1
400d710c,FUN_400d710c,98,1
400d7170,FUN_400d7170,120,1
400d71e8,FUN_400d71e8,234,1
400d72d8,FUN_400d72d8,15,1
400d7310,FUN_400d7310,8,1
400d7318,FUN_400d7318,6,1
400d734c,FUN_400d734c,265,1
400d745c,FUN_400d745c,99,1
400d74c0,FUN_400d74c0,14,1
400d74d0,FUN_400d74d0,8,1
400d74d8,FUN_400d74d8,31,1
400d74f8,FUN_400d74f8,36,1
400d751c,FUN_400d751c,36,1
400d7540,FUN_400d7540,40,1
400d756c,FUN_400d756c,100,1
400d75d0,FUN_400d75d0,8,1
400d75d8,FUN_400d75d8,37,1
400d7600,FUN_400d7600,49,1
400d7634,FUN_400d7634,64,1
400d7674,FUN_400d7674,28,1
400d7690,FUN_400d7690,28,1
400d76ac,FUN_400d76ac,10,1
400d76b8,FUN_400d76b8,100,1
400d771c,FUN_400d771c,5,1
400d7724,FUN_400d7724,218,1
400d7c3c,FUN_400d7c3c,8,1
400d7c80,FUN_400d7c80,24,1
400d7c98,FUN_400d7c98,7,1
400d7ca0,FUN_400d7ca0,33,1
400d7cc4,FUN_400d7cc4,11,1
400d7cd0,FUN_400d7cd0,11,1
400d7cdc,FUN_400d7cdc,11,1
400d7ce8,FUN_400d7ce8,53,1
400d7d20,FUN_400d7d20,8,1
400d7d28,FUN_400d7d28,5,1
400d7d30,FUN_400d7d30,22,1
400d7d48,FUN_400d7d48,104,1
400d7db0,FUN_400d7db0,8,1
400d7dcc,FUN_400d7dcc,25,1
400d7de8,FUN_400d7de8,71,1
400d7e78,FUN_400d7e78,11,1
400d7ec4,FUN_400d7ec4,11,1
400d7f20,FUN_400d7f20,9,1
400d7f7c,FUN_400d7f7c,184,1
400d8185,FUN_400d8185,165,1
400d8298,FUN_400d8298,5,1
400d8550,FUN_400d8550,43,1
400d85a4,FUN_400d85a4,33,1
400d85c8,FUN_400d85c8,11,1
400d85d4,FUN_400d85d4,24,1
400d85ec,FUN_400d85ec,41,1
400d8618,FUN_400d8618,41,1
400d8644,FUN_400d8644,41,1
400d8670,FUN_400d8670,145,1
400d8704,FUN_400d8704,8,1
400d8758,FUN_400d8758,8,1
400d8760,FUN_400d8760,83,1
400d87b4,FUN_400d87b4,83,1
400d8808,FUN_400d8808,83,1
400d885c,FUN_400d885c,83,1
400d88b0,FUN_400d88b0,92,1
400d890c,FUN_400d890c,7,1
400d8914,FUN_400d8914,383,1
400d8afc,FUN_400d8afc,7,1
400d8b04,FUN_400d8b04,41,1
400d8b30,FUN_400d8b30,41,1
400d8b5c,FUN_400d8b5c,41,1
400d8b88,FUN_400d8b88,41,1
400d8bb4,FUN_400d8bb4,41,1
400d8be0,FUN_400d8be0,121,1
400d8c5c,FUN_400d8c5c,8,1
400d8c64,FUN_400d8c64,5,1
400d8c6c,FUN_400d8c6c,151,1
400d8d04,FUN_400d8d04,83,1
400d8d58,FUN_400d8d58,61,1
400d8d98,FUN_400d8d98,83,1
400d8dec,FUN_400d8dec,83,1
400d8e40,FUN_400d8e40,83,1
400d8e94,FUN_400d8e94,83,1
400d8ee8,FUN_400d8ee8,83,1
400d8f3c,FUN_400d8f3c,83,1
400d8f90,FUN_400d8f90,83,1
400d8fe4,FUN_400d8fe4,128,1
400d9064,FUN_400d9064,7,1
400d90dc,FUN_400d90dc,8,1
400d90e4,FUN_400d90e4,120,1
400d915c,FUN_400d915c,31,1
400d917c,FUN_400d917c,363,1
400d92f0,FUN_400d92f0,73,1
400d933c,FUN_400d933c,7,1
400d936c,FUN_400d936c,6,1
400d9374,FUN_400d9374,733,1
400d9664,FUN_400d9664,5,1
400d9780,FUN_400d9780,312,1
400d98b8,FUN_400d98b8,34,1
400d98dc,FUN_400d98dc,11,1
400d98e8,FUN_400d98e8,91,1
400d9944,FUN_400d9944,130,1
400d99cc,FUN_400d99cc,152,1
400d9ad8,FUN_400d9ad8,8,1
400d9ae0,FUN_400d9ae0,128,1
400d9b60,FUN_400d9b60,92,1
400d9bc0,FUN_400d9bc0,165,1
400d9c68,FUN_400d9c68,16,1
400d9cb4,FUN_400d9cb4,18,1
400d9ce4,FUN_400d9ce4,86,1
400d9d44,FUN_400d9d44,18,1
400d9d74,FUN_400d9d74,18,1
400d9dac,FUN_400d9dac,18,1
400d9ddc,FUN_400d9ddc,3158,1
400daa74,FUN_400daa74,19,1
400daa88,FUN_400daa88,54,1
400daac0,FUN_400daac0,54,1
400daaf8,FUN_400daaf8,247,1
400dabf0,FUN_400dabf0,903,1
400daf88,FUN_400daf88,6,1
400daf98,FUN_400daf98,6,1
400dafa0,FUN_400dafa0,8,1
400dafa8,FUN_400dafa8,7,1
400dafb0,FUN_400dafb0,122,1
400db02c,FUN_400db02c,6,1
400db0d4,FUN_400db0d4,10,1
400db0e0,FUN_400db0e0,70,1
400db140,FUN_400db140,6,1
400db148,FUN_400db148,9,1
400db154,FUN_400db154,48,1
400db184,FUN_400db184,7,1
400db18c,FUN_400db18c,36,1
400db1b0,FUN_400db1b0,7,1
400db1b8,FUN_400db1b8,32,1
400db22c,FUN_400db22c,10,1
400db238,FUN_400db238,75,1
400db284,FUN_400db284,34,1
400db2a8,FUN_400db2a8,15,1
400db2b8,FUN_400db2b8,15,1
400db2c8,FUN_400db2c8,13,1
400db2d8,FUN_400db2d8,19,1
400db2ec,FUN_400db2ec,19,1
400db300,FUN_400db300,19,1
400db314,FUN_400db314,19,1
400db328,FUN_400db328,76,1
400db374,FUN_400db374,7,1
400db37c,FUN_400db37c,10,1
400db388,FUN_400db388,10,1
400db394,FUN_400db394,63,1
400db3f4,FUN_400db3f4,6,1
400db450,FUN_400db450,22,1
400db468,FUN_400db468,105,1
400db4dc,FUN_400db4dc,8,1
400db4e4,FUN_400db4e4,114,1
400db55c,FUN_400db55c,42,1
400db588,FUN_400db588,3914,1
400dc530,FUN_400dc530,8,1
400dc544,FUN_400dc544,48,1
400dc574,FUN_400dc574,8,1
400dc582,FUN_400dc582,56,1
400dc5bc,FUN_400dc5bc,13,1
400dd678,FUN_400dd678,499,1
400dd86c,FUN_400dd86c,24,1
400dd884,FUN_400dd884,38,1
400dd8c0,FUN_400dd8c0,36,1
400dd8e4,FUN_400dd8e4,8,1
400dd8ec,FUN_400dd8ec,8,1
400dd8f4,FUN_400dd8f4,5,1
400dd8fc,FUN_400dd8fc,14,1
400dd90c,FUN_400dd90c,11,1
400dd918,FUN_400dd918,15,1
400dd928,FUN_400dd928,11,1
400dd934,FUN_400dd934,11,1
400dd940,FUN_400dd940,11,1
400dd94c,FUN_400dd94c,8,1
400dd954,FUN_400dd954,8,1
400dd95c,FUN_400dd95c,24,1
400dd974,FUN_400dd974,8,1
400dd97c,FUN_400dd97c,100,1
400dd9e0,FUN_400dd9e0,8,1
400dda04,FUN_400dda04,7,1
400dda0c,FUN_400dda0c,30,1
400dda2c,FUN_400dda2c,23,1
400dda44,FUN_400dda44,36,1
400dda68,FUN_400dda68,7,1
400ddcdc,FUN_400ddcdc,65,1
400dde08,FUN_400dde08,18,1
400dde4d,FUN_400dde4d,5,1
400dde7c,FUN_400dde7c,8,1
400ddf60,FUN_400ddf60,10,1
400ddf6c,FUN_400ddf6c,190,1
400de048,FUN_400de048,6,1
400de050,FUN_400de050,15,1
400de060,FUN_400de060,10,1
400de06c,FUN_400de06c,9,1
400de078,FUN_400de078,24,1
400de094,FUN_400de094,24,1
400de0ac,FUN_400de0ac,5,1
400de0b4,FUN_400de0b4,9,1
400de0c0,FUN_400de0c0,29,1
400de0e0,FUN_400de0e0,49,1
400de114,FUN_400de114,21,1
400de12c,FUN_400de12c,203,1
400de484,FUN_400de484,7,1
400de4c4,FUN_400de4c4,7,1
400de4cc,FUN_400de4cc,93,1
400de52c,FUN_400de52c,1539,1
400deb5c,FUN_400deb5c,3,1
400deb64,FUN_400deb64,127,1
400df0a8,FUN_400df0a8,16,1
400df0b8,FUN_400df0b8,6,1
400df0c0,FUN_400df0c0,8,1
400df0c8,FUN_400df0c8,6,1
400df0d0,FUN_400df0d0,8,1
400df0d8,FUN_400df0d8,6,1
400df0e0,FUN_400df0e0,52,1
400df150,FUN_400df150,10,1
400df158,FUN_400df158,167,1
400df26c,FUN_400df26c,10,1
400df278,FUN_400df278,72,1
400df2c0,FUN_400df2c0,7,1
400df2d4,FUN_400df2d4,101,1
400df340,FUN_400df340,42,1
400df36c,FUN_400df36c,17,1
400df43c,FUN_400df43c,8,1
400df444,FUN_400df444,27,1
400df4b8,FUN_400df4b8,119,1
400df530,FUN_400df530,5,1
400df5dc,FUN_400df5dc,75,1
400df62c,FUN_400df62c,124,1
400df6a8,FUN_400df6a8,8,1
400df6b0,FUN_400df6b0,8,1
400df6b8,FUN_400df6b8,188,1
400df989,FUN_400df989,5,1
400df9bb,FUN_400df9bb,18,1
400df9f8,FUN_400df9f8,6,1
400dfa38,FUN_400dfa38,389,1
400dfdf4,FUN_400dfdf4,172,1
400dff14,FUN_400dff14,4,1
400dff18,FUN_400dff18,5,1
400dffdc,FUN_400dffdc,1,1
400dffe8,FUN_400dffe8,8,1
400dfff0,FUN_400dfff0,68,1
400e0034,FUN_400e0034,6,1
400e0074,FUN_400e0074,8,1
400e007c,FUN_400e007c,48,1
400e00ac,FUN_400e00ac,6,1
400e0184,FUN_400e0184,1,1
400e025a,FUN_400e025a,11,1
400e0480,FUN_400e0480,7,1
400e04b1,FUN_400e04b1,5,1
400e04c4,FUN_400e04c4,6,1
400e04f7,FUN_400e04f7,11,1
400e0540,FUN_400e0540,7,1
400e0590,FUN_400e0590,119,1
400e0608,FUN_400e0608,328,1
400e0754,FUN_400e0754,573,1
400e09a4,FUN_400e09a4,344,1
400e0b04,FUN_400e0b04,117,1
400e0b7c,FUN_400e0b7c,178,1
400e0ce0,FUN_400e0ce0,19,1
400e0d38,FUN_400e0d38,42,1
400e0d64,FUN_400e0d64,781,1
400e13cc,FUN_400e13cc,17,1
400e13e0,FUN_400e13e0,15,1
400e13f0,FUN_400e13f0,28,1
400e140c,FUN_400e140c,74,1
400e1458,FUN_400e1458,192,1
400e151c,FUN_400e151c,29,1
400e153c,FUN_400e153c,94,1
400e159c,FUN_400e159c,195,1
400e1660,FUN_400e1660,103,1
400e16c8,FUN_400e16c8,3,1
400e1c10,FUN_400e1c10,26,1
400e1c2c,FUN_400e1c2c,73,1
400e1c78,FUN_400e1c78,60,1
400e1cb8,FUN_400e1cb8,72,1
400e1d00,FUN_400e1d00,73,1
400e1d4c,FUN_400e1d4c,685,1
400e2015,FUN_400e2015,7,1
400e2064,FUN_400e2064,5,1
400e2224,FUN_400e2224,108,1
400e2294,FUN_400e2294,346,1
400e23f0,FUN_400e23f0,1488,1
400e29d0,FUN_400e29d0,124,1
400e2a48,FUN_400e2a48,1,1
400e2a5d,FUN_400e2a5d,1415,1
400e2ff9,FUN_400e2ff9,6,1
400e3001,FUN_400e3001,809,1
400e332f,FUN_400e332f,685,1
400e35e4,FUN_400e35e4,33,1
400e3606,FUN_400e3606,21,1
400e3620,FUN_400e3620,230,1
400e3709,FUN_400e3709,30,1
400e3820,FUN_400e3820,409,1
400e38f4,FUN_400e38f4,23,1
400e390c,FUN_400e390c,18,1
400e39e6,FUN_400e39e6,539,1
400e3c08,FUN_400e3c08,12,1
400e3c14,FUN_400e3c14,8,1
400e3c1c,FUN_400e3c1c,8,1
400e3c24,FUN_400e3c24,1061,1
400e4064,FUN_400e4064,98,1
400e41a8,FUN_400e41a8,580,1
400e4400,FUN_400e4400,7,1
400e4508,FUN_400e4508,10,1
400e48c4,FUN_400e48c4,59,1
400e4914,FUN_400e4914,110,1
400e4984,FUN_400e4984,59,1
400e49cc,FUN_400e49cc,11,1
400e49d8,FUN_400e49d8,106,1
400e4a44,FUN_400e4a44,7,1
400e4a4c,FUN_400e4a4c,88,1
400e4aa8,FUN_400e4aa8,10,1
400e4ab4,FUN_400e4ab4,12,1
400e4ac0,FUN_400e4ac0,11,1
400e4acc,FUN_400e4acc,11,1
400e4ad8,FUN_400e4ad8,410,1
400e4c7c,FUN_400e4c7c,80,1
400e4de0,FUN_400e4de0,194,1
400e4ea4,FUN_400e4ea4,7,1
400e4eac,FUN_400e4eac,587,1
400e5120,FUN_400e5120,20,1
400e5134,FUN_400e5134,11,1
400e5140,FUN_400e5140,17,1
400e5154,FUN_400e5154,11,1
400e5160,FUN_400e5160,21,1
400e5178,FUN_400e5178,21,1
400e5190,FUN_400e5190,21,1
400e51a8,FUN_400e51a8,21,1
400e51c0,FUN_400e51c0,10,1
400e51cc,FUN_400e51cc,10,1
400e52cc,FUN_400e52cc,9,1
400e52d8,FUN_400e52d8,3,1
400e52e0,FUN_400e52e0,26,1
400e52fc,FUN_400e52fc,55,1
400e5334,FUN_400e5334,8,1
400e533c,FUN_400e533c,25,1
400e5358,FUN_400e5358,81,1
400e5408,FUN_400e5408,1,1
400e5410,FUN_400e5410,166,1
400e54d8,FUN_400e54d8,18,1
400e5502,FUN_400e5502,9,1
400e5540,FUN_400e5540,10,1
400e5664,FUN_400e5664,18,1
400e5760,FUN_400e5760,80,1
400e57b0,FUN_400e57b0,250,1
400e58b0,FUN_400e58b0,167,1
400e5a88,FUN_400e5a88,7,1
400e5aab,FUN_400e5aab,14,1
400e5dcc,FUN_400e5dcc,8,1
400e5f54,FUN_400e5f54,40,1
400e5f7c,FUN_400e5f7c,7,1
400e5f84,FUN_400e5f84,26,1
400e5fa0,FUN_400e5fa0,30,1
400e5fe4,FUN_400e5fe4,30,1
400e6030,FUN_400e6030,21,1
400e61e4,FUN_400e61e4,16,1
400e6258,FUN_400e6258,52,1
400e628c,FUN_400e628c,44,1
400e62b8,FUN_400e62b8,75,1
400e631c,FUN_400e631c,34,1
400e6340,FUN_400e6340,54,1
400e6378,FUN_400e6378,40,1
400e63a0,FUN_400e63a0,254,1
400e651c,FUN_400e651c,80,1
400e6570,FUN_400e6570,10,1
400e657c,FUN_400e657c,32,1
400e65a8,FUN_400e65a8,41,1
400e65d4,FUN_400e65d4,408,1
400e6798,FUN_400e6798,138,1
400e6854,FUN_400e6854,47,1
400e6884,FUN_400e6884,47,1
400e6928,FUN_400e6928,41,1
400e6954,FUN_400e6954,86,1
400e69ac,FUN_400e69ac,17,1
400e6a04,FUN_400e6a04,17,1
400e6a60,FUN_400e6a60,31,1
400e6ab4,FUN_400e6ab4,23,1
400e6b0c,FUN_400e6b0c,10,1
400e6b18,FUN_400e6b18,10,1
400e6b24,FUN_400e6b24,14,1
400e6b34,FUN_400e6b34,14,1
400e6b44,FUN_400e6b44,127,1
400e6bc8,FUN_400e6bc8,12,1
400e6bd4,FUN_400e6bd4,12,1
400e6be0,FUN_400e6be0,12,1
400e6bec,FUN_400e6bec,12,1
400e6bf8,FUN_400e6bf8,14,1
400e6c08,FUN_400e6c08,61,1
400e6c48,FUN_400e6c48,48,1
400e6c7c,FUN_400e6c7c,14,1
400e6c8c,FUN_400e6c8c,36,1
400e6cb0,FUN_400e6cb0,23,1
400e6cc8,FUN_400e6cc8,27,1
400e6ce4,FUN_400e6ce4,23,1
400e6cfc,FUN_400e6cfc,23,1
400e6d14,FUN_400e6d14,222,1
400e6df4,FUN_400e6df4,24,1
400e6e0c,FUN_400e6e0c,14,1
400e6e1c,FUN_400e6e1c,50,1
400e6e50,FUN_400e6e50,31,1
400e6e70,FUN_400e6e70,70,1
400e6eb8,FUN_400e6eb8,39,1
400e6ee0,FUN_400e6ee0,46,1
400e6f10,FUN_400e6f10,49,1
400e6f44,FUN_400e6f44,15,1
400e6f54,FUN_400e6f54,15,1
400e6f8c,FUN_400e6f8c,34,1
400e7064,FUN_400e7064,3,1
400e74fc,FUN_400e74fc,22,1
400e7514,FUN_400e7514,19,1
400e7528,FUN_400e7528,12,1
400e7534,FUN_400e7534,6,1
400e754c,FUN_400e754c,7,1
400e7554,FUN_400e7554,26,1
400e7570,FUN_400e7570,17,1
400e7584,FUN_400e7584,25,1
400e75a0,FUN_400e75a0,12,1
400e75ac,FUN_400e75ac,6,1
400e75bc,FUN_400e75bc,8,1
400e75c4,FUN_400e75c4,16,1
400e75d8,FUN_400e75d8,12,1
400e75e8,FUN_400e75e8,12,1
400e75f8,FUN_400e75f8,12,1
400e7608,FUN_400e7608,14,1
400e7618,FUN_400e7618,14,1
400e7628,FUN_400e7628,15,1
400e7638,FUN_400e7638,16,1
400e7648,FUN_400e7648,52,1
400e767c,FUN_400e767c,6,1
400e7684,FUN_400e7684,9,1
400e7690,FUN_400e7690,35,1
400e76cc,FUN_400e76cc,8,1
400e76d4,FUN_400e76d4,9,1
400e76e0,FUN_400e76e0,31,1
400e7700,FUN_400e7700,11,1
400e770c,FUN_400e770c,20,1
400e7720,FUN_400e7720,7,1
400e7728,FUN_400e7728,8,1
400e7730,FUN_400e7730,8,1
400e7738,FUN_400e7738,30,1
400e7758,FUN_400e7758,54,1
400e778c,FUN_400e778c,6,1
400e7794,FUN_400e7794,76,1
400e77e4,FUN_400e77e4,32,1
400e7804,FUN_400e7804,6,1
400e782c,FUN_400e782c,8,1
400e787c,FUN_400e787c,1,1
400e7884,FUN_400e7884,88,1
400e78dc,FUN_400e78dc,20,1
400e78f0,FUN_400e78f0,8,1
400e78f8,FUN_400e78f8,20,1
400e790c,FUN_400e790c,10,1
400e7918,FUN_400e7918,36,1
400e793c,FUN_400e793c,20,1
400e7950,FUN_400e7950,204,1
400e7c30,FUN_400e7c30,12,1
400e7c3c,FUN_400e7c3c,31,1
400e7c5c,FUN_400e7c5c,84,1
400e7d30,FUN_400e7d30,43,1
400e7d70,FUN_400e7d70,204,1
400e7e70,FUN_400e7e70,68,1
400e7eb4,FUN_400e7eb4,68,1
400e7ef8,FUN_400e7ef8,34,1
400e7f1c,FUN_400e7f1c,60,1
400e7f58,FUN_400e7f58,74,1
400e7fa4,FUN_400e7fa4,57,1
400e7fe0,FUN_400e7fe0,136,1
400e806c,FUN_400e806c,279,1
400e81e4,FUN_400e81e4,30,1
400e8270,FUN_400e8270,111,1
400e82e8,FUN_400e82e8,199,1
400e84a0,FUN_400e84a0,90,1
400e8534,FUN_400e8534,72,1
400e85b4,FUN_400e85b4,72,1
400e8628,FUN_400e8628,324,1
400e8770,FUN_400e8770,65,1
400e87b4,FUN_400e87b4,67,1
400e87f8,FUN_400e87f8,97,1
400e885c,FUN_400e885c,69,1
400e88a4,FUN_400e88a4,196,1
400e896c,FUN_400e896c,168,1
400e8a18,FUN_400e8a18,32,1
400e8a38,FUN_400e8a38,32,1
400e8a58,FUN_400e8a58,51,1
400e8a8c,FUN_400e8a8c,51,1
400e8ac0,FUN_400e8ac0,67,1
400e8b04,FUN_400e8b04,51,1
400e8b38,FUN_400e8b38,35,1
400e8b5c,FUN_400e8b5c,10,1
400e8b68,FUN_400e8b68,29,1
400e8b88,FUN_400e8b88,13,1
400e8b98,FUN_400e8b98,10,1
400e8ba4,FUN_400e8ba4,18,1
400e8bb8,FUN_400e8bb8,13,1
400e8bc8,FUN_400e8bc8,118,1
400e8c80,FUN_400e8c80,43,1
400e8cac,FUN_400e8cac,43,1
400e8cd8,FUN_400e8cd8,43,1
400e8d04,FUN_400e8d04,43,1
400e8d30,FUN_400e8d30,43,1
400e8d5c,FUN_400e8d5c,43,1
400e8d88,FUN_400e8d88,46,1
400e8e40,FUN_400e8e40,48,1
400e8e70,FUN_400e8e70,7,1
400e8ea8,FUN_400e8ea8,22,1
400e8ec0,FUN_400e8ec0,19,1
400e8ed4,FUN_400e8ed4,170,1
400e8fbc,FUN_400e8fbc,48,1
400e8fec,FUN_400e8fec,7,1
400e8ff4,FUN_400e8ff4,6,1
400e9020,FUN_400e9020,75,1
400e9094,FUN_400e9094,22,1
400e92f4,FUN_400e92f4,42,1
400e9320,FUN_400e9320,5,1
400e93ec,FUN_400e93ec,1,1
400e9400,FUN_400e9400,3,1
400e9408,FUN_400e9408,189,1
400e94cc,FUN_400e94cc,72,1
400e9518,FUN_400e9518,7,1
400e954a,FUN_400e954a,7,1
400e95d4,FUN_400e95d4,3,1
400e96b8,FUN_400e96b8,3,1
400e96d4,FUN_400e96d4,5,1
400e96f0,FUN_400e96f0,9,1
400e9778,FUN_400e9778,28,1
400e97c0,FUN_400e97c0,3,1
400e97d4,FUN_400e97d4,8,1
400e97fc,FUN_400e97fc,7,1
400e9830,FUN_400e9830,3,1
400e98c4,FUN_400e98c4,1,1
400e98dc,FUN_400e98dc,5,1
400e98e8,FUN_400e98e8,1,1
400e9944,FUN_400e9944,3,1
400e996c,FUN_400e996c,8,1
400e9994,FUN_400e9994,77,1
400e99e4,FUN_400e99e4,73,1
400e9a90,FUN_400e9a90,89,1
400e9af0,FUN_400e9af0,18,1
400e9b04,FUN_400e9b04,18,1
400e9b18,FUN_400e9b18,77,1
400e9b7c,FUN_400e9b7c,44,1
400e9bac,FUN_400e9bac,16,1
400e9bbc,FUN_400e9bbc,7,1
400e9bc4,FUN_400e9bc4,42,1
400e9c08,FUN_400e9c08,111,1
400e9d24,FUN_400e9d24,6,1
400e9e30,FUN_400e9e30,1,1
400ea34c,FUN_400ea34c,630,1
400ea63c,FUN_400ea63c,30,1
400ea65c,FUN_400ea65c,56,1
400ea698,FUN_400ea698,83,1
400ea6f0,FUN_400ea6f0,112,1
400ea760,FUN_400ea760,131,1
400ea7e8,FUN_400ea7e8,31,1
400ea808,FUN_400ea808,43,1
400ea834,FUN_400ea834,17,1
400ea848,FUN_400ea848,38,1
400ea870,FUN_400ea870,81,1
400ea950,FUN_400ea950,42,1
400ea97c,FUN_400ea97c,44,1
400ea9a8,FUN_400ea9a8,43,1
400ea9d4,FUN_400ea9d4,86,1
400eaa30,FUN_400eaa30,66,1
400eaa74,FUN_400eaa74,58,1
400eaab0,FUN_400eaab0,248,1
400eabd0,FUN_400eabd0,208,1
400eaca4,FUN_400eaca4,119,1
400ead1c,FUN_400ead1c,78,1
400ead6c,FUN_400ead6c,145,1
400eae0c,FUN_400eae0c,50,1
400eae40,FUN_400eae40,23,1
400eae58,FUN_400eae58,16,1
400eae68,FUN_400eae68,141,1
400eaef8,FUN_400eaef8,147,1
400eafa4,FUN_400eafa4,24,1
400eafbc,FUN_400eafbc,19,1
400eafd0,FUN_400eafd0,199,1
400eb0c0,FUN_400eb0c0,52,1
400eb0f4,FUN_400eb0f4,41,1
400eb154,FUN_400eb154,14,1
400eb164,FUN_400eb164,89,1
400eb1c0,FUN_400eb1c0,77,1
400eb338,FUN_400eb338,6,1
400eb340,FUN_400eb340,3,1
400eb384,FUN_400eb384,153,1
400eb424,FUN_400eb424,83,1
400eb498,FUN_400eb498,121,1
400eb514,FUN_400eb514,73,1
400eb560,FUN_400eb560,105,1
400eb5cc,FUN_400eb5cc,103,1
400eb75c,FUN_400eb75c,101,1
400eb7c4,FUN_400eb7c4,98,1
400eb828,FUN_400eb828,26,1
400eb844,FUN_400eb844,21,1
400eb878,FUN_400eb878,147,1
400eb90c,FUN_400eb90c,6,1
400eb95c,FUN_400eb95c,15,1
400eb96c,FUN_400eb96c,48,1
400eb9a0,FUN_400eb9a0,114,1
400eba14,FUN_400eba14,55,1
400ebacc,FUN_400ebacc,38,1
400ebaf4,FUN_400ebaf4,81,1
400ebb48,FUN_400ebb48,56,1
400ebbe0,FUN_400ebbe0,90,1
400ebc3c,FUN_400ebc3c,8,1
400ebc44,FUN_400ebc44,24,1
400ebc60,FUN_400ebc60,29,1
400ebc80,FUN_400ebc80,161,1
400ebd24,FUN_400ebd24,92,1
400ebd80,FUN_400ebd80,5,1
400ebde0,FUN_400ebde0,241,1
400ebeec,FUN_400ebeec,11,1
400ebef8,FUN_400ebef8,35,1
400ebf1c,FUN_400ebf1c,35,1
400ebf40,FUN_400ebf40,56,1
400ebf78,FUN_400ebf78,35,1
400ebf9c,FUN_400ebf9c,10,1
400ebfa8,FUN_400ebfa8,20,1
400ebfbc,FUN_400ebfbc,8,1
400ebfc4,FUN_400ebfc4,75,1
400ec010,FUN_400ec010,26,1
400ec02c,FUN_400ec02c,190,1
400ec0f0,FUN_400ec0f0,210,1
400ec1c8,FUN_400ec1c8,16,1
400ec1d8,FUN_400ec1d8,25,1
400ec1f4,FUN_400ec1f4,19,1
400ec208,FUN_400ec208,86,1
400ec274,FUN_400ec274,22,1
400ec28c,FUN_400ec28c,147,1
400ec324,FUN_400ec324,262,1
400ec430,FUN_400ec430,49,1
400ec464,FUN_400ec464,55,1
400ec500,FUN_400ec500,66,1
400ec568,FUN_400ec568,49,1
400ec59c,FUN_400ec59c,55,1
400ec5f8,FUN_400ec5f8,42,1
400ec634,FUN_400ec634,14,1
400ec644,FUN_400ec644,14,1
400ec654,FUN_400ec654,1395,1
400ecbcc,FUN_400ecbcc,45,1
400ecc3c,FUN_400ecc3c,47,1
400eccc0,FUN_400eccc0,76,1
400ecd10,FUN_400ecd10,66,1
400ecd54,FUN_400ecd54,184,1
400ece10,FUN_400ece10,80,1
400ece74,FUN_400ece74,35,1
400ecea0,FUN_400ecea0,129,1
400ecfbc,FUN_400ecfbc,668,1
400ed260,FUN_400ed260,37,1
400ed288,FUN_400ed288,16,1
400ed2f0,FUN_400ed2f0,43,1
400ed31c,FUN_400ed31c,91,1
400ed378,FUN_400ed378,157,1
400ed4b4,FUN_400ed4b4,49,1
400ed4e8,FUN_400ed4e8,60,1
400ed524,FUN_400ed524,169,1
400ed5d4,FUN_400ed5d4,79,1
400ed950,FUN_400ed950,1,1
400ed9e0,FUN_400ed9e0,6,1
400eda4c,FUN_400eda4c,160,1
400edaf0,FUN_400edaf0,139,1
400edb7c,FUN_400edb7c,124,1
400edbf8,FUN_400edbf8,112,1
400edd28,FUN_400edd28,208,1
400ede2c,FUN_400ede2c,27,1
400ede48,FUN_400ede48,29,1
400ede68,FUN_400ede68,231,1
400edf54,FUN_400edf54,231,1
400ee048,FUN_400ee048,136,1
400ee0d0,FUN_400ee0d0,99,1
400ee134,FUN_400ee134,80,1
400ee188,FUN_400ee188,39,1
400ee238,FUN_400ee238,41,1
400ee264,FUN_400ee264,18,1
400ee278,FUN_400ee278,26,1
400ee294,FUN_400ee294,54,1
400ee2cc,FUN_400ee2cc,69,1
400ee314,FUN_400ee314,97,1
400ee378,FUN_400ee378,51,1
400ee3ac,FUN_400ee3ac,23,1
400ee3c4,FUN_400ee3c4,20,1
400ee4ec,FUN_400ee4ec,93,1
400ee54c,FUN_400ee54c,156,1
400ee5ec,FUN_400ee5ec,62,1
400ee62c,FUN_400ee62c,62,1
400ee66c,FUN_400ee66c,8,1
400ee704,FUN_400ee704,60,1
400ee740,FUN_400ee740,122,1
400ee8bc,FUN_400ee8bc,91,1
400ee918,FUN_400ee918,19,1
400ee9b0,FUN_400ee9b0,50,1
400ee9e4,FUN_400ee9e4,42,1
400eea10,FUN_400eea10,35,1
400eea60,FUN_400eea60,91,1
400eeb24,FUN_400eeb24,54,1
400eeb5c,FUN_400eeb5c,64,1
400eeb9c,FUN_400eeb9c,87,1
400eed38,FUN_400eed38,45,1
400eed7c,FUN_400eed7c,69,1
400eede4,FUN_400eede4,100,1
400eee4c,FUN_400eee4c,49,1
400eee80,FUN_400eee80,16,1
400eeeac,FUN_400eeeac,33,1
400eeed0,FUN_400eeed0,27,1
400eeeec,FUN_400eeeec,71,1
400eef38,FUN_400eef38,183,1
400ef094,FUN_400ef094,46,1
400ef0c4,FUN_400ef0c4,100,1
400ef128,FUN_400ef128,86,1
400ef1f4,FUN_400ef1f4,1,1
400ef234,FUN_400ef234,63,1
400ef274,FUN_400ef274,158,1
400ef314,FUN_400ef314,283,1
400ef4e8,FUN_400ef4e8,95,1
400ef55c,FUN_400ef55c,40,1
400ef584,FUN_400ef584,42,1
400ef5b0,FUN_400ef5b0,161,1
400ef764,FUN_400ef764,50,1
400ef798,FUN_400ef798,23,1
400ef7b0,FUN_400ef7b0,17,1
400ef7c4,FUN_400ef7c4,56,1
400ef920,FUN_400ef920,22,1
400ef938,FUN_400ef938,22,1
400ef950,FUN_400ef950,20,1
400ef964,FUN_400ef964,17,1
400ef978,FUN_400ef978,44,1
400ef9a4,FUN_400ef9a4,18,1
400ef9b8,FUN_400ef9b8,27,1
400ef9d4,FUN_400ef9d4,69,1
400efa1c,FUN_400efa1c,12,1
400efa28,FUN_400efa28,36,1
400efa4c,FUN_400efa4c,37,1
400efa74,FUN_400efa74,73,1
400efac0,FUN_400efac0,8,1
400efac8,FUN_400efac8,20,1
400efadc,FUN_400efadc,16,1
400efaec,FUN_400efaec,62,1
400efb2c,FUN_400efb2c,90,1
400efb88,FUN_400efb88,80,1
400efbdc,FUN_400efbdc,31,1
400efbfc,FUN_400efbfc,86,1
400efc54,FUN_400efc54,47,1
400efc84,FUN_400efc84,50,1
400efcb8,FUN_400efcb8,19,1
400efccc,FUN_400efccc,593,1
400eff20,FUN_400eff20,60,1
400effa0,FUN_400effa0,98,1
400f0004,FUN_400f0004,29,1
400f0024,FUN_400f0024,114,1
400f009c,FUN_400f009c,312,1
400f01d8,FUN_400f01d8,63,1
400f0218,FUN_400f0218,63,1
400f0258,FUN_400f0258,59,1
400f0298,FUN_400f0298,27,1
400f02b4,FUN_400f02b4,79,1
400f0304,FUN_400f0304,165,1
400f03b0,FUN_400f03b0,27,1
400f03cc,FUN_400f03cc,14,1
400f03dc,FUN_400f03dc,118,1
400f0578,FUN_400f0578,55,1
400f05b0,FUN_400f05b0,27,1
400f05d0,FUN_400f05d0,89,1
400f066c,FUN_400f066c,58,1
400f06a8,FUN_400f06a8,22,1
400f06c0,FUN_400f06c0,51,1
400f06f4,FUN_400f06f4,35,1
400f0718,FUN_400f0718,147,1
400f07c0,FUN_400f07c0,121,1
400f0844,FUN_400f0844,46,1
400f0874,FUN_400f0874,16,1
400f0884,FUN_400f0884,66,1
400f08f0,FUN_400f08f0,115,1
400f0984,FUN_400f0984,170,1
400f0a30,FUN_400f0a30,248,1
400f0b50,FUN_400f0b50,86,1
400f0be0,FUN_400f0be0,51,1
400f0c14,FUN_400f0c14,166,1
400f0cd4,FUN_400f0cd4,44,1
400f0d00,FUN_400f0d00,58,1
400f0d9c,FUN_400f0d9c,606,1
400f10e0,FUN_400f10e0,19,1
400f1128,FUN_400f1128,42,1
400f1154,FUN_400f1154,205,1
400f124c,FUN_400f124c,325,1
400f14bc,FUN_400f14bc,30,1
400f14dc,FUN_400f14dc,72,1
400f1524,FUN_400f1524,62,1
400f1564,FUN_400f1564,131,1
400f15e8,FUN_400f15e8,210,1
400f16bc,FUN_400f16bc,38,1
400f16e4,FUN_400f16e4,101,1
400f1750,FUN_400f1750,42,1
400f177c,FUN_400f177c,92,1
400f17d8,FUN_400f17d8,35,1
400f1834,FUN_400f1834,42,1
400f1860,FUN_400f1860,42,1
400f188c,FUN_400f188c,100,1
400f18f4,FUN_400f18f4,36,1
400f191c,FUN_400f191c,22,1
400f1934,FUN_400f1934,357,1
400f1aa0,FUN_400f1aa0,30,1
400f1ac0,FUN_400f1ac0,84,1
400f1b14,FUN_400f1b14,18,1
400f1b28,FUN_400f1b28,106,1
400f1bec,FUN_400f1bec,57,1
400f1c28,FUN_400f1c28,78,1
400f1c78,FUN_400f1c78,51,1
400f1cac,FUN_400f1cac,78,1
400f1cfc,FUN_400f1cfc,93,1
400f1d5c,FUN_400f1d5c,79,1
400f1db0,FUN_400f1db0,40,1
400f1dd8,FUN_400f1dd8,388,1
400f1f68,FUN_400f1f68,248,1
400f2078,FUN_400f2078,702,1
400f2354,FUN_400f2354,118,1
400f23d0,FUN_400f23d0,101,1
400f2438,FUN_400f2438,106,1
400f2688,FUN_400f2688,78,1
400f26d8,FUN_400f26d8,208,1
400f27cc,FUN_400f27cc,10,1
400f28a0,FUN_400f28a0,114,1
400f2914,FUN_400f2914,60,1
400f2950,FUN_400f2950,260,1
400f2af0,FUN_400f2af0,165,1
400f2ba4,FUN_400f2ba4,134,1
400f2d08,FUN_400f2d08,149,1
400f2dd8,FUN_400f2dd8,77,1
400f2ea8,FUN_400f2ea8,256,1
400f2fac,FUN_400f2fac,120,1
400f3100,FUN_400f3100,62,1
400f3140,FUN_400f3140,104,1
400f31a8,FUN_400f31a8,56,1
400f31e0,FUN_400f31e0,626,1
400f345c,FUN_400f345c,528,1
400f369c,FUN_400f369c,597,1
400f38fc,FUN_400f38fc,955,1
400f3cc8,FUN_400f3cc8,91,1
400f3d24,FUN_400f3d24,27,1
400f3d48,FUN_400f3d48,33,1
400f3d6c,FUN_400f3d6c,47,1
400f3d9c,FUN_400f3d9c,194,1
400f4110,FUN_400f4110,5,1
400f4324,FUN_400f4324,1499,1
400f4944,FUN_400f4944,130,1
400f49c8,FUN_400f49c8,20,1
400f49dc,FUN_400f49dc,20,1
400f49f0,FUN_400f49f0,72,1
400f4a38,FUN_400f4a38,23,1
400f4af0,FUN_400f4af0,213,1
400f4bd4,FUN_400f4bd4,1,1
400f4bd6,FUN_400f4bd6,5,1
400f4ca4,FUN_400f4ca4,1,1
400f4cc0,FUN_400f4cc0,6,1
400f4cc8,FUN_400f4cc8,36,1
400f4cec,FUN_400f4cec,8,1
400f4cf4,FUN_400f4cf4,43,1
400f4d20,FUN_400f4d20,98,1
400f4d88,FUN_400f4d88,6,1
400f4db8,FUN_400f4db8,15,1
400f4dc8,FUN_400f4dc8,128,1
400f4e48,FUN_400f4e48,52,1
400f4e7c,FUN_400f4e7c,54,1
400f4eb4,FUN_400f4eb4,54,1
400f4eec,FUN_400f4eec,128,1
400f4f6c,FUN_400f4f6c,52,1
400f4fa0,FUN_400f4fa0,42,1
400f4fcc,FUN_400f4fcc,46,1
400f4ffc,FUN_400f4ffc,36,1
400f5020,FUN_400f5020,38,1
400f505c,FUN_400f505c,51,1
400f5094,FUN_400f5094,40,1
400f50bc,FUN_400f50bc,36,1
400f50e4,FUN_400f50e4,268,1
400f5214,FUN_400f5214,28,1
400f5230,FUN_400f5230,5,1
400f536c,FUN_400f536c,111,1
400f53e0,FUN_400f53e0,46,1
400f543c,FUN_400f543c,113,1
400f54b0,FUN_400f54b0,61,1
400f54f0,FUN_400f54f0,166,1
400f5598,FUN_400f5598,5,1
400f55dc,FUN_400f55dc,31,1
400f55fc,FUN_400f55fc,20,1
400f5610,FUN_400f5610,63,1
400f5678,FUN_400f5678,36,1
400f569c,FUN_400f569c,244,1
400f5848,FUN_400f5848,74,1
400f5894,FUN_400f5894,87,1
400f5984,FUN_400f5984,90,1
400f59e0,FUN_400f59e0,156,1
400f5a80,FUN_400f5a80,99,1
400f5b28,FUN_400f5b28,92,1
400f5ba0,FUN_400f5ba0,88,1
400f5bfc,FUN_400f5bfc,40,1
400f5c24,FUN_400f5c24,43,1
400f5cdc,FUN_400f5cdc,144,1
400f5d78,FUN_400f5d78,229,1
400f5f14,FUN_400f5f14,100,1
400f5f7c,FUN_400f5f7c,53,1
400f5fb4,FUN_400f5fb4,58,1
400f5ff0,FUN_400f5ff0,101,1
400f6078,FUN_400f6078,92,1
400f60d8,FUN_400f60d8,66,1
400f611c,FUN_400f611c,148,1
400f61b8,FUN_400f61b8,56,1
400f61f4,FUN_400f61f4,62,1
400f623c,FUN_400f623c,79,1
400f628c,FUN_400f628c,47,1
400f62c0,FUN_400f62c0,248,1
400f6414,FUN_400f6414,76,1
400f6464,FUN_400f6464,171,1
400f6548,FUN_400f6548,296,1
400f66f8,FUN_400f66f8,108,1
400f6768,FUN_400f6768,59,1
400f6814,FUN_400f6814,21,1
400f690c,FUN_400f690c,34,1
400f6930,FUN_400f6930,93,1
400f6990,FUN_400f6990,98,1
400f69f4,FUN_400f69f4,167,1
400f6aa0,FUN_400f6aa0,34,1
400f6be0,FUN_400f6be0,41,1
400f6c0c,FUN_400f6c0c,148,1
400f7200,FUN_400f7200,51,1
400f7234,FUN_400f7234,165,1
400f7478,FUN_400f7478,44,1
400f74a4,FUN_400f74a4,71,1
400f7560,FUN_400f7560,48,1
400f7594,FUN_400f7594,105,1
400f7634,FUN_400f7634,124,1
400f76b0,FUN_400f76b0,464,1
400f7884,FUN_400f7884,61,1
400f7b80,FUN_400f7b80,24,1
400f7c88,FUN_400f7c88,144,1
400f7d2c,FUN_400f7d2c,115,1
400f7da8,FUN_400f7da8,114,1
400f7e1c,FUN_400f7e1c,146,1
400f7f10,FUN_400f7f10,49,1
400f8104,FUN_400f8104,19,1
400f81d0,FUN_400f81d0,161,1
400f82a0,FUN_400f82a0,50,1
400f82d4,FUN_400f82d4,49,1
400f8308,FUN_400f8308,81,1
400f835c,FUN_400f835c,122,1
400f83d8,FUN_400f83d8,154,1
400f8504,FUN_400f8504,15,1
400f8548,FUN_400f8548,64,1
400f8588,FUN_400f8588,8,1
400f8590,FUN_400f8590,7,1
400f8598,FUN_400f8598,132,1
400f8620,FUN_400f8620,101,1
400f8688,FUN_400f8688,71,1
400f86dc,FUN_400f86dc,11,1
400f86e8,FUN_400f86e8,189,1
400f87a8,FUN_400f87a8,55,1
400f87f8,FUN_400f87f8,75,1
400f884c,FUN_400f884c,246,1
400f8a58,FUN_400f8a58,356,1
400f8bf4,FUN_400f8bf4,263,1
400f8d90,FUN_400f8d90,32,1
400f9034,FUN_400f9034,296,1
400f9190,FUN_400f9190,17,1
400f92ec,FUN_400f92ec,37,1
400f957c,FUN_400f957c,434,1
400f9740,FUN_400f9740,186,1
400f981c,FUN_400f981c,807,1
400f9b60,FUN_400f9b60,50,1
400f9b98,FUN_400f9b98,44,1
400f9bcc,FUN_400f9bcc,64,1
400f9c10,FUN_400f9c10,72,1
400f9c62,FUN_400f9c62,17,1
400f9c9c,FUN_400f9c9c,46,1
400f9ccc,FUN_400f9ccc,38,1
400f9d00,FUN_400f9d00,32,1
400f9d24,FUN_400f9d24,38,1
400f9d4c,FUN_400f9d4c,36,1
400f9d74,FUN_400f9d74,53,1
400f9db0,FUN_400f9db0,79,1
400f9e34,FUN_400f9e34,86,1
400f9e8c,FUN_400f9e8c,60,1
400f9ecc,FUN_400f9ecc,78,1
400f9f20,FUN_400f9f20,85,1
400f9f78,FUN_400f9f78,54,1
400f9fb8,FUN_400f9fb8,32,1
400f9fd8,FUN_400f9fd8,74,1
400fa024,FUN_400fa024,55,1
400fa05c,FUN_400fa05c,76,1
400fa0bc,FUN_400fa0bc,28,1
400fa0d8,FUN_400fa0d8,40,1
400fa100,FUN_400fa100,55,1
400fa158,FUN_400fa158,44,1
400fa184,FUN_400fa184,81,1
400fa1f8,FUN_400fa1f8,31,1
400fa218,FUN_400fa218,16,1
400fa240,FUN_400fa240,169,1
400fa2f0,FUN_400fa2f0,79,1
400fa380,FUN_400fa380,33,1
400fa3dc,FUN_400fa3dc,93,1
400fa43c,FUN_400fa43c,20,1
400fa510,FUN_400fa510,24,1
400fa528,FUN_400fa528,28,1
400fa544,FUN_400fa544,43,1
400fa570,FUN_400fa570,102,1
400fa5d8,FUN_400fa5d8,47,1
400fa608,FUN_400fa608,54,1
400fa640,FUN_400fa640,56,1
400fa678,FUN_400fa678,42,1
400fa6a4,FUN_400fa6a4,45,1
400fa6d4,FUN_400fa6d4,21,1
400fa6ec,FUN_400fa6ec,45,1
400fa71c,FUN_400fa71c,46,1
400fa74c,FUN_400fa74c,79,1
400fa7a8,FUN_400fa7a8,34,1
400fa7d8,FUN_400fa7d8,51,1
400fa80c,FUN_400fa80c,51,1
400fa840,FUN_400fa840,65,1
400fa884,FUN_400fa884,68,1
400fa8c8,FUN_400fa8c8,74,1
400fa914,FUN_400fa914,63,1
400fa954,FUN_400fa954,33,1
400fa988,FUN_400fa988,42,1
400faa8c,FUN_400faa8c,230,1
400fab78,FUN_400fab78,141,1
400fac08,FUN_400fac08,66,1
400fac8c,FUN_400fac8c,47,1
400facbc,FUN_400facbc,44,1
400face8,FUN_400face8,130,1
400fad74,FUN_400fad74,36,1
400fad98,FUN_400fad98,39,1
400fadc0,FUN_400fadc0,208,1
400fae94,FUN_400fae94,170,1
400faf44,FUN_400faf44,17,1
400faf58,FUN_400faf58,76,1
400fafa4,FUN_400fafa4,46,1
400fafd4,FUN_400fafd4,30,1
400faff4,FUN_400faff4,87,1
400fb050,FUN_400fb050,33,1
400fb074,FUN_400fb074,74,1
400fb0c0,FUN_400fb0c0,142,1
400fb150,FUN_400fb150,48,1
400fb180,FUN_400fb180,58,1
400fb1e8,FUN_400fb1e8,58,1
400fb250,FUN_400fb250,56,1
400fb288,FUN_400fb288,92,1
400fb2e4,FUN_400fb2e4,62,1
400fb324,FUN_400fb324,216,1
400fb3fc,FUN_400fb3fc,48,1
400fb42c,FUN_400fb42c,48,1
400fb45c,FUN_400fb45c,78,1
400fb4ac,FUN_400fb4ac,78,1
400fb4fc,FUN_400fb4fc,138,1
400fb588,FUN_400fb588,62,1
400fb5c8,FUN_400fb5c8,50,1
400fb5fc,FUN_400fb5fc,116,1
400fb670,FUN_400fb670,82,1
400fb6c4,FUN_400fb6c4,62,1
400fb704,FUN_400fb704,136,1
400fb78c,FUN_400fb78c,68,1
400fb7d0,FUN_400fb7d0,118,1
400fb848,FUN_400fb848,78,1
400fb898,FUN_400fb898,48,1
400fb8c8,FUN_400fb8c8,78,1
400fb918,FUN_400fb918,56,1
400fb950,FUN_400fb950,62,1
400fb990,FUN_400fb990,86,1
400fb9e8,FUN_400fb9e8,109,1
400fba58,FUN_400fba58,72,1
400fbaa0,FUN_400fbaa0,33,1
400fbac4,FUN_400fbac4,80,1
400fbb14,FUN_400fbb14,48,1
400fbb44,FUN_400fbb44,106,1
400fbbb0,FUN_400fbbb0,46,1
400fbbe0,FUN_400fbbe0,108,1
400fbc4c,FUN_400fbc4c,66,1
400fbc90,FUN_400fbc90,74,1
400fbcdc,FUN_400fbcdc,80,1
400fbd2c,FUN_400fbd2c,76,1
400fbd78,FUN_400fbd78,98,1
400fbddc,FUN_400fbddc,74,1
400fbe28,FUN_400fbe28,74,1
400fbe74,FUN_400fbe74,72,1
400fbebc,FUN_400fbebc,62,1
400fbefc,FUN_400fbefc,68,1
400fbf40,FUN_400fbf40,89,1
400fbf9c,FUN_400fbf9c,74,1
400fbfe8,FUN_400fbfe8,62,1
400fc028,FUN_400fc028,68,1
400fc06c,FUN_400fc06c,62,1
400fc0ac,FUN_400fc0ac,62,1
400fc0ec,FUN_400fc0ec,86,1
400fc144,FUN_400fc144,110,1
400fc1b4,FUN_400fc1b4,62,1
400fc1f4,FUN_400fc1f4,86,1
400fc24c,FUN_400fc24c,62,1
400fc28c,FUN_400fc28c,80,1
400fc2dc,FUN_400fc2dc,74,1
400fc328,FUN_400fc328,62,1
400fc368,FUN_400fc368,192,1
400fc428,FUN_400fc428,80,1
400fc478,FUN_400fc478,48,1
400fc4a8,FUN_400fc4a8,56,1
400fc4e0,FUN_400fc4e0,74,1
400fc52c,FUN_400fc52c,74,1
400fc578,FUN_400fc578,56,1
400fc5b0,FUN_400fc5b0,68,1
400fc5f4,FUN_400fc5f4,131,1
400fc678,FUN_400fc678,76,1
400fc6c4,FUN_400fc6c4,99,1
400fc728,FUN_400fc728,90,1
400fc784,FUN_400fc784,80,1
400fc7d4,FUN_400fc7d4,48,1
400fc804,FUN_400fc804,78,1
400fc854,FUN_400fc854,120,1
400fc8cc,FUN_400fc8cc,74,1
400fc918,FUN_400fc918,60,1
400fc954,FUN_400fc954,46,1
400fc984,FUN_400fc984,56,1
400fc9bc,FUN_400fc9bc,56,1
400fc9f4,FUN_400fc9f4,56,1
400fca2c,FUN_400fca2c,74,1
400fca78,FUN_400fca78,57,1
400fcab4,FUN_400fcab4,114,1
400fcb64,FUN_400fcb64,40,1
400fcb90,FUN_400fcb90,50,1
400fcbc4,FUN_400fcbc4,204,1
400fcc94,FUN_400fcc94,194,1
400fcd64,FUN_400fcd64,38,1
400fcd8c,FUN_400fcd8c,92,1
400fcde8,FUN_400fcde8,84,1
400fce40,FUN_400fce40,365,1
400fcfb4,FUN_400fcfb4,192,1
400fd078,FUN_400fd078,86,1
400fd0d4,FUN_400fd0d4,23,1
400fd0ec,FUN_400fd0ec,68,1
400fd130,FUN_400fd130,299,1
400fd260,FUN_400fd260,201,1
400fd32c,FUN_400fd32c,57,1
400fd368,FUN_400fd368,70,1
400fd4bc,FUN_400fd4bc,36,1
400fd4e4,FUN_400fd4e4,29,1
400fd504,FUN_400fd504,297,1
400fd630,FUN_400fd630,95,1
400fd690,FUN_400fd690,126,1
400fd710,FUN_400fd710,72,1
400fd75c,FUN_400fd75c,54,1
400fd794,FUN_400fd794,173,1
400fd844,FUN_400fd844,98,1
400fd8a8,FUN_400fd8a8,92,1
400fd904,FUN_400fd904,349,1
400fda68,FUN_400fda68,22,1
400fda80,FUN_400fda80,148,1
400fdb18,FUN_400fdb18,293,1
400fdc74,FUN_400fdc74,184,1
400fdd34,FUN_400fdd34,327,1
400fde80,FUN_400fde80,28,1
400fdf98,FUN_400fdf98,21,1
400fdfb0,FUN_400fdfb0,45,1
400fdfe0,FUN_400fdfe0,277,1
400fe100,FUN_400fe100,18,1
400fe114,FUN_400fe114,17,1
400fe128,FUN_400fe128,82,1
400fe17c,FUN_400fe17c,30,1
400fe19c,FUN_400fe19c,68,1
400fe1e4,FUN_400fe1e4,550,1
400fe414,FUN_400fe414,172,1
400fe4c4,FUN_400fe4c4,245,1
400fe60c,FUN_400fe60c,429,1
400fe7c4,FUN_400fe7c4,124,1
400fe840,FUN_400fe840,20,1
400fe89c,FUN_400fe89c,44,1
400fe8c8,FUN_400fe8c8,44,1
400fe8f4,FUN_400fe8f4,32,1
400fe914,FUN_400fe914,78,1
400fe9b0,FUN_400fe9b0,70,1
400fe9f8,FUN_400fe9f8,23,1
400fea10,FUN_400fea10,39,1
400fea3c,FUN_400fea3c,91,1
400feb14,FUN_400feb14,11,1
400feb20,FUN_400feb20,125,1
400feba0,FUN_400feba0,90,1
400febfc,FUN_400febfc,76,1
400fec48,FUN_400fec48,76,1
400fec94,FUN_400fec94,58,1
400fecd0,FUN_400fecd0,56,1
400fed08,FUN_400fed08,43,1
400fed7c,FUN_400fed7c,118,1
400fedf8,FUN_400fedf8,22,1
400fee10,FUN_400fee10,98,1
400fee74,FUN_400fee74,129,1
400fef00,FUN_400fef00,119,1
400fef80,FUN_400fef80,126,1
400ff004,FUN_400ff004,39,1
400ff1a8,FUN_400ff1a8,142,1
400ff238,FUN_400ff238,183,1
400ff2f4,FUN_400ff2f4,92,1
400ff350,FUN_400ff350,42,1
400ff37c,FUN_400ff37c,90,1
400ff3d8,FUN_400ff3d8,50,1
400ff40c,FUN_400ff40c,78,1
400ff45c,FUN_400ff45c,48,1
400ff48c,FUN_400ff48c,44,1
400ff4bc,FUN_400ff4bc,181,1
400ff668,FUN_400ff668,123,1
400ff710,FUN_400ff710,212,1
400ff7e8,FUN_400ff7e8,241,1
400ff8e4,FUN_400ff8e4,98,1
400ff948,FUN_400ff948,21,1
400ff98c,FUN_400ff98c,17,1
400ff9a0,FUN_400ff9a0,12,1
400ff9ac,FUN_400ff9ac,52,1
400ff9fc,FUN_400ff9fc,56,1
400ffa34,FUN_400ffa34,50,1
400ffa68,FUN_400ffa68,104,1
400ffad4,FUN_400ffad4,30,1
400ffaf4,FUN_400ffaf4,60,1
400ffb30,FUN_400ffb30,83,1
400ffb90,FUN_400ffb90,25,1
400ffc04,FUN_400ffc04,64,1
400ffcc8,FUN_400ffcc8,32,1
400ffd28,FUN_400ffd28,77,1
400ffda8,FUN_400ffda8,6,1
400ffdbc,FUN_400ffdbc,5,1
400ffe74,FUN_400ffe74,90,1
40100054,FUN_40100054,7,1
4010007c,FUN_4010007c,11,1
4010008c,FUN_4010008c,5,1
40100094,FUN_40100094,306,1
40100270,FUN_40100270,36,1
40100298,FUN_40100298,77,1
40100318,FUN_40100318,26,1
40100334,FUN_40100334,54,1
40100370,FUN_40100370,6,1
401003a4,FUN_401003a4,3,1
401003c0,FUN_401003c0,1,1
401003c8,FUN_401003c8,25,1
401003e4,FUN_401003e4,50,1
4010041c,FUN_4010041c,21,1
40100478,FUN_40100478,109,1
401004e8,FUN_401004e8,95,1
40100548,FUN_40100548,83,1
4010062a,FUN_4010062a,5,1
40100630,FUN_40100630,5,1
40100690,FUN_40100690,201,1
4010075c,FUN_4010075c,17,1
401007c4,FUN_401007c4,122,1
40100840,FUN_40100840,192,1
40100900,FUN_40100900,6,1
40100908,FUN_40100908,75,1
40100954,FUN_40100954,95,1
401009b4,FUN_401009b4,84,1
40100a08,FUN_40100a08,201,1
40100af0,FUN_40100af0,205,1
40100bc0,FUN_40100bc0,8,1
40100c0c,FUN_40100c0c,122,1
40100cb4,FUN_40100cb4,19,1
40100cc8,FUN_40100cc8,11,1
40100cd4,FUN_40100cd4,157,1
40100d8c,FUN_40100d8c,8,1
40100d94,FUN_40100d94,89,1
40100de8,FUN_40100de8,2,1
40100e20,FUN_40100e20,1,1
40100e28,FUN_40100e28,41,1
40100e54,FUN_40100e54,55,1
40100e8c,FUN_40100e8c,41,1
40100eb8,FUN_40100eb8,55,1
40100ef0,FUN_40100ef0,64,1
40100f34,FUN_40100f34,55,1
40100f6c,FUN_40100f6c,39,1
40100f94,FUN_40100f94,55,1
40100fcc,FUN_40100fcc,55,1
40101004,FUN_40101004,65,1
40101048,FUN_40101048,18,1
4010109c,FUN_4010109c,121,1
40101118,FUN_40101118,6,1
40101158,FUN_40101158,52,1
4010118c,FUN_4010118c,92,1
401011ec,FUN_401011ec,28,1
40101208,FUN_40101208,46,1
40101238,FUN_40101238,30,1
40101268,FUN_40101268,21,1
40101280,FUN_40101280,36,1
401012a4,FUN_401012a4,18,1
4010132c,FUN_4010132c,65,1
40101370,FUN_40101370,40,1
40101398,FUN_40101398,169,1
40101448,FUN_40101448,48,1
40101478,FUN_40101478,53,1
401014b0,FUN_401014b0,61,1
401014f0,FUN_401014f0,26,1
40101558,FUN_40101558,90,1
40101610,FUN_40101610,26,1
4010162c,FUN_4010162c,23,1
40101644,FUN_40101644,68,1
4010168c,FUN_4010168c,57,1
40101794,FUN_40101794,10,1
401017a0,FUN_401017a0,51,1
401017d4,FUN_401017d4,140,1
40101860,FUN_40101860,7,1
40101894,FUN_40101894,24,1
401018b0,FUN_401018b0,24,1
401018cc,FUN_401018cc,63,1
40101910,FUN_40101910,83,1
40101964,FUN_40101964,96,1
401019ec,FUN_401019ec,8,1
401019f4,FUN_401019f4,59,1
40101a30,FUN_40101a30,21,1
40101a48,FUN_40101a48,60,1
40101a84,FUN_40101a84,25,1
40101aa0,FUN_40101aa0,42,1
40101acc,FUN_40101acc,41,1
40101af8,FUN_40101af8,12,1
40101b08,FUN_40101b08,40,1
40101b2b,FUN_40101b2b,18,1
40101b44,FUN_40101b44,8,1
40101b64,FUN_40101b64,3,1
40101b6c,FUN_40101b6c,17,1
40101b8c,FUN_40101b8c,57,1
40101bc8,FUN_40101bc8,63,1
40101c08,FUN_40101c08,23,1
40101c20,FUN_40101c20,40,1
40101c48,FUN_40101c48,73,1
40101c94,FUN_40101c94,90,1
40101cf0,FUN_40101cf0,71,1
40101d3c,FUN_40101d3c,157,1
40101de4,FUN_40101de4,309,1
401020bc,FUN_401020bc,67,1
4010211c,FUN_4010211c,64,1
40102160,FUN_40102160,124,1
401021e0,FUN_401021e0,36,1
40102204,FUN_40102204,36,1
40102228,FUN_40102228,32,1
40102248,FUN_40102248,32,1
40102268,FUN_40102268,603,1
4010256c,FUN_4010256c,34,1
40102590,FUN_40102590,34,1
401025b4,FUN_401025b4,91,1
40102610,FUN_40102610,76,1
4010265c,FUN_4010265c,41,1
40102688,FUN_40102688,87,1
401026e0,FUN_401026e0,28,1
401026fc,FUN_401026fc,42,1
40102728,FUN_40102728,30,1
40102748,FUN_40102748,75,1
40102794,FUN_40102794,82,1
401027e8,FUN_401027e8,34,1
4010280c,FUN_4010280c,40,1
40102834,FUN_40102834,40,1
4010285c,FUN_4010285c,40,1
40102884,FUN_40102884,50,1
401028b8,FUN_401028b8,57,1
401028f4,FUN_401028f4,57,1
40102930,FUN_40102930,27,1
4010294c,FUN_4010294c,48,1
4010297c,FUN_4010297c,50,1
401029b0,FUN_401029b0,11,1
401029bc,FUN_401029bc,56,1
40102a30,FUN_40102a30,95,1
40102a94,FUN_40102a94,20,1
40102aa8,FUN_40102aa8,59,1
40102ae4,FUN_40102ae4,162,1
40102b88,FUN_40102b88,106,1
40102bf4,FUN_40102bf4,58,1
40102c30,FUN_40102c30,61,1
40102c70,FUN_40102c70,23,1
40102c90,FUN_40102c90,99,1
40102cf4,FUN_40102cf4,29,1
40102d14,FUN_40102d14,12,1
40102d20,FUN_40102d20,35,1
40102d44,FUN_40102d44,26,1
40102d60,FUN_40102d60,49,1
40102d94,FUN_40102d94,49,1
40102dc8,FUN_40102dc8,93,1
40102e28,FUN_40102e28,78,1
40102e78,FUN_40102e78,83,1
40102ecc,FUN_40102ecc,61,1
40102f0c,FUN_40102f0c,28,1
40102f28,FUN_40102f28,28,1
40102f44,FUN_40102f44,28,1
40102f60,FUN_40102f60,28,1
40102f7c,FUN_40102f7c,79,1
40102fd4,FUN_40102fd4,76,1
40103024,FUN_40103024,57,1
40103068,FUN_40103068,126,1
401030e8,FUN_401030e8,46,1
40103118,FUN_40103118,23,1
40103130,FUN_40103130,26,1
4010314c,FUN_4010314c,48,1
40103180,FUN_40103180,19,1
40103194,FUN_40103194,18,1
401031a8,FUN_401031a8,29,1
401031c8,FUN_401031c8,8,1
401031d0,FUN_401031d0,8,1
401031d8,FUN_401031d8,138,1
40103264,FUN_40103264,26,1
40103280,FUN_40103280,39,1
401032a8,FUN_401032a8,36,1
40103434,FUN_40103434,124,1
401034b4,FUN_401034b4,119,1
40103530,FUN_40103530,40,1
40103560,FUN_40103560,23,1
40103578,FUN_40103578,125,1
401035f8,FUN_401035f8,21,1
40103610,FUN_40103610,8,1
40103618,FUN_40103618,32,1
4010363c,FUN_4010363c,19,1
40103650,FUN_40103650,48,1
40103684,FUN_40103684,18,1
40103698,FUN_40103698,98,1
401036fc,FUN_401036fc,28,1
4010374c,FUN_4010374c,28,1
40103768,FUN_40103768,50,1
4010379c,FUN_4010379c,37,1
401037c8,FUN_401037c8,49,1
40103800,FUN_40103800,28,1
4010381c,FUN_4010381c,38,1
4010384c,FUN_4010384c,46,1
40103890,FUN_40103890,59,1
4010394c,FUN_4010394c,36,1
4010398c,FUN_4010398c,71,1
401039d4,FUN_401039d4,66,1
40103a18,FUN_40103a18,24,1
40103a30,FUN_40103a30,9,1
40103a58,FUN_40103a58,34,1
40103a8c,FUN_40103a8c,34,1
40103ac8,FUN_40103ac8,34,1
40103b04,FUN_40103b04,41,1
40103b50,FUN_40103b50,48,1
40103ba8,FUN_40103ba8,50,1
40103c10,FUN_40103c10,30,1
40103c30,FUN_40103c30,41,1
40103c60,FUN_40103c60,30,1
40103c80,FUN_40103c80,41,1
40103cb0,FUN_40103cb0,46,1
40103ce4,FUN_40103ce4,34,1
40103d18,FUN_40103d18,34,1
40103d4c,FUN_40103d4c,33,1
40103d7c,FUN_40103d7c,41,1
40103dc8,FUN_40103dc8,29,1
40103dfc,FUN_40103dfc,46,1
40103e2c,FUN_40103e2c,38,1
40103e74,FUN_40103e74,33,1
40103eb4,FUN_40103eb4,59,1
40103ef0,FUN_40103ef0,29,1
40103f18,FUN_40103f18,26,1
40103f34,FUN_40103f34,14,1
40103f44,FUN_40103f44,99,1
40103fa8,FUN_40103fa8,17,1
40103fbc,FUN_40103fbc,11,1
40103fc8,FUN_40103fc8,20,1
40103fdc,FUN_40103fdc,20,1
40103ff0,FUN_40103ff0,26,1
4010400c,FUN_4010400c,23,1
40104024,FUN_40104024,26,1
40104040,FUN_40104040,23,1
40104058,FUN_40104058,11,1
40104064,FUN_40104064,11,1
40104070,FUN_40104070,22,1
40104088,FUN_40104088,10,1
40104094,FUN_40104094,17,1
401040c4,FUN_401040c4,29,1
401040e4,FUN_401040e4,9,1
401040f0,FUN_401040f0,88,1
40104148,FUN_40104148,38,1
40104170,FUN_40104170,55,1
401041a8,FUN_401041a8,74,1
401041f4,FUN_401041f4,435,1
401043b8,FUN_401043b8,20,1
401043d8,FUN_401043d8,115,1
40104450,FUN_40104450,34,1
40104474,FUN_40104474,27,1
40104494,FUN_40104494,58,1
401044d0,FUN_401044d0,34,1
401044f4,FUN_401044f4,44,1
40104520,FUN_40104520,53,1
40104568,FUN_40104568,42,1
40104594,FUN_40104594,34,1
401045b8,FUN_401045b8,17,1
401045cc,FUN_401045cc,78,1
40104638,FUN_40104638,219,1
40104714,FUN_40104714,36,1
40104738,FUN_40104738,16,1
401048a0,FUN_401048a0,1,1
401048b0,FUN_401048b0,87,1
40104908,FUN_40104908,49,1
4010493c,FUN_4010493c,211,1
40104a14,FUN_40104a14,123,1
40104a90,FUN_40104a90,34,1
40104ad8,FUN_40104ad8,39,1
40104b30,FUN_40104b30,31,1
40104b74,FUN_40104b74,42,1
40104ba0,FUN_40104ba0,40,1
40104bc8,FUN_40104bc8,22,1
40104be0,FUN_40104be0,30,1
40104c00,FUN_40104c00,64,1
40104c40,FUN_40104c40,33,1
40104c64,FUN_40104c64,39,1
40104c8c,FUN_40104c8c,63,1
40104ccc,FUN_40104ccc,31,1
40104cec,FUN_40104cec,53,1
40104d2c,FUN_40104d2c,36,1
40104d50,FUN_40104d50,54,1
40104dd4,FUN_40104dd4,38,1
40104e44,FUN_40104e44,31,1
40104e64,FUN_40104e64,36,1
40104e88,FUN_40104e88,31,1
40104ea8,FUN_40104ea8,42,1
40104f0c,FUN_40104f0c,35,1
40104f54,FUN_40104f54,38,1
40104fa4,FUN_40104fa4,53,1
40104fe0,FUN_40104fe0,31,1
40105000,FUN_40105000,31,1
40105034,FUN_40105034,7,1
4010503c,FUN_4010503c,355,1
401051b4,FUN_401051b4,17,1
401051c8,FUN_401051c8,34,1
401051ec,FUN_401051ec,144,1
4010528c,FUN_4010528c,11,1
40105298,FUN_40105298,26,1
401052b4,FUN_401052b4,45,1
401052e4,FUN_401052e4,46,1
40105314,FUN_40105314,46,1
40105344,FUN_40105344,46,1
40105374,FUN_40105374,46,1
401053a4,FUN_401053a4,11,1
401053b0,FUN_401053b0,21,1
401053c8,FUN_401053c8,87,1
40105420,FUN_40105420,23,1
40105438,FUN_40105438,27,1
40105454,FUN_40105454,27,1
40105470,FUN_40105470,9,1
4010547c,FUN_4010547c,38,1
401054a4,FUN_401054a4,21,1
401054f0,FUN_401054f0,21,1
40105508,FUN_40105508,21,1
40105520,FUN_40105520,23,1
40105538,FUN_40105538,50,1
4010556c,FUN_4010556c,25,1
40105588,FUN_40105588,23,1
401055a0,FUN_401055a0,16,1
401055b0,FUN_401055b0,16,1
401055c0,FUN_401055c0,6,1
401055c8,FUN_401055c8,45,1
4010564c,FUN_4010564c,108,1
401056b8,FUN_401056b8,46,1
401056e8,FUN_401056e8,42,1
40105714,FUN_40105714,50,1
40105748,FUN_40105748,45,1
40105778,FUN_40105778,89,1
401057d4,FUN_401057d4,22,1
401057ec,FUN_401057ec,25,1
40105808,FUN_40105808,41,1
40105834,FUN_40105834,42,1
4010588c,FUN_4010588c,6,1
40105894,FUN_40105894,43,1
401058c0,FUN_401058c0,16,1
40105914,FUN_40105914,98,1
40105f0c,FUN_40105f0c,203,1
40106054,FUN_40106054,1,1
40106068,FUN_40106068,8,1
40106070,FUN_40106070,40,1
40106098,FUN_40106098,16,1
401060a8,FUN_401060a8,7,1
401060b0,FUN_401060b0,137,1
40106164,FUN_40106164,3,1
40106218,FUN_40106218,15,1
401063e4,FUN_401063e4,8,1
40106798,FUN_40106798,15,1
401067c4,FUN_401067c4,8,1
401067cc,FUN_401067cc,5,1
401067d4,FUN_401067d4,10,1
401067e0,FUN_401067e0,547,1
40106a04,FUN_40106a04,46,1
40106a34,FUN_40106a34,5,1
40106a3c,FUN_40106a3c,46,1
40106a6c,FUN_40106a6c,5,1
40106a74,FUN_40106a74,46,1
40106aa4,FUN_40106aa4,5,1
40106aac,FUN_40106aac,46,1
40106adc,FUN_40106adc,5,1
40106ae4,FUN_40106ae4,34,1
40106b08,FUN_40106b08,46,1
40106b38,FUN_40106b38,5,1
40106b40,FUN_40106b40,46,1
40106b70,FUN_40106b70,5,1
40106b78,FUN_40106b78,32,1
40106b98,FUN_40106b98,7,1
40106ba0,FUN_40106ba0,32,1
40106bc0,FUN_40106bc0,7,1
40106bc8,FUN_40106bc8,46,1
40106bf8,FUN_40106bf8,5,1
40106c00,FUN_40106c00,34,1
40106c24,FUN_40106c24,54,1
40106c5c,FUN_40106c5c,46,1
40106c8c,FUN_40106c8c,8,1
40106c94,FUN_40106c94,46,1
40106cc4,FUN_40106cc4,8,1
40106ccc,FUN_40106ccc,34,1
40106cf0,FUN_40106cf0,32,1
40106d10,FUN_40106d10,5,1
40106d18,FUN_40106d18,32,1
40106d38,FUN_40106d38,5,1
40106d40,FUN_40106d40,32,1
40106d60,FUN_40106d60,5,1
40106d68,FUN_40106d68,32,1
40106d88,FUN_40106d88,5,1
40106d90,FUN_40106d90,32,1
40106db0,FUN_40106db0,5,1
40106db8,FUN_40106db8,32,1
40106dd8,FUN_40106dd8,5,1
40106de0,FUN_40106de0,34,1
40106e04,FUN_40106e04,34,1
40106e28,FUN_40106e28,46,1
40106e58,FUN_40106e58,5,1
40106e60,FUN_40106e60,46,1
40106e90,FUN_40106e90,5,1
40106e98,FUN_40106e98,34,1
40106ebc,FUN_40106ebc,54,1
40106ef4,FUN_40106ef4,34,1
40106f18,FUN_40106f18,34,1
40106f3c,FUN_40106f3c,36,1
40106f60,FUN_40106f60,7,1
40106f68,FUN_40106f68,68,1
40106fbc,FUN_40106fbc,9,1
40106fc8,FUN_40106fc8,229,1
401070b8,FUN_401070b8,78,1
40107108,FUN_40107108,70,1
40107150,FUN_40107150,78,1
401071d8,FUN_401071d8,81,1
4010722c,FUN_4010722c,83,1
401072d9,FUN_401072d9,14,1
4010731c,FUN_4010731c,5,1
401074bc,FUN_401074bc,69,1
4010756c,FUN_4010756c,33,1
40107590,FUN_40107590,10,1
4010759c,FUN_4010759c,8,1
401075a4,FUN_401075a4,16,1
401075b4,FUN_401075b4,6,1
401075bc,FUN_401075bc,16,1
401075d0,FUN_401075d0,6,1
401075e8,FUN_401075e8,58,1
40107624,FUN_40107624,6,1
4010762c,FUN_4010762c,27,1
4010764c,FUN_4010764c,75,1
40107698,FUN_40107698,8,1
401076bc,FUN_401076bc,5,1
401076c4,FUN_401076c4,21,1
401076dc,FUN_401076dc,80,1
40107730,FUN_40107730,60,1
4010776c,FUN_4010776c,5,1
40107774,FUN_40107774,108,1
401077e4,FUN_401077e4,96,1
40107844,FUN_40107844,212,1
4010791c,FUN_4010791c,12,1
40107928,FUN_40107928,8,1
40107930,FUN_40107930,254,1
40107a68,FUN_40107a68,7,1
40107a70,FUN_40107a70,85,1
40107ac8,FUN_40107ac8,75,1
40107b14,FUN_40107b14,54,1
40107b4c,FUN_40107b4c,86,1
40107ba4,FUN_40107ba4,27,1
40107bc0,FUN_40107bc0,39,1
40107be8,FUN_40107be8,64,1
40107c28,FUN_40107c28,15,1
40107c38,FUN_40107c38,12,1
40107c48,FUN_40107c48,12,1
40107c58,FUN_40107c58,12,1
40107c68,FUN_40107c68,12,1
40107c78,FUN_40107c78,12,1
40107c88,FUN_40107c88,12,1
40107c98,FUN_40107c98,12,1
40107ca8,FUN_40107ca8,12,1
40107cb8,FUN_40107cb8,12,1
40107cc8,FUN_40107cc8,12,1
40107cd8,FUN_40107cd8,12,1
40107ce8,FUN_40107ce8,12,1
40107cf8,FUN_40107cf8,39,1
40107d20,FUN_40107d20,39,1
40107d48,FUN_40107d48,27,1
40107d64,FUN_40107d64,27,1
40107d80,FUN_40107d80,27,1
40107d9c,FUN_40107d9c,99,1
40107e00,FUN_40107e00,75,1
40107e4c,FUN_40107e4c,28,1
40107e68,FUN_40107e68,8,1
40107e70,FUN_40107e70,100,1
40107ed4,FUN_40107ed4,52,1
40107f0c,FUN_40107f0c,24,1
40107f24,FUN_40107f24,6,1
40107f2c,FUN_40107f2c,45,1
40107f5c,FUN_40107f5c,20,1
40107f74,FUN_40107f74,60,1
40107fb0,FUN_40107fb0,6,1
40107fb8,FUN_40107fb8,60,1
40107ff8,FUN_40107ff8,64,1
4010803c,FUN_4010803c,44,1
40108068,FUN_40108068,6,1
40108070,FUN_40108070,89,1
401080cc,FUN_401080cc,64,1
40108110,FUN_40108110,68,1
40108158,FUN_40108158,88,1
401081b0,FUN_401081b0,6,1
401081b8,FUN_401081b8,88,1
40108214,FUN_40108214,8,1
4010821c,FUN_4010821c,9,1
40108228,FUN_40108228,239,1
40108318,FUN_40108318,5,1
40108328,FUN_40108328,7,1
40108330,FUN_40108330,28,1
4010834c,FUN_4010834c,7,1
40108354,FUN_40108354,290,1
401084c0,FUN_401084c0,16,1
401084d0,FUN_401084d0,11,1
401084dc,FUN_401084dc,20,1
401084f4,FUN_401084f4,53,1
401085ac,FUN_401085ac,5,1
401085b4,FUN_401085b4,34,1
401085ec,FUN_401085ec,34,1
40108624,FUN_40108624,45,1
4010866c,FUN_4010866c,96,1
40108784,FUN_40108784,21,1
4010879c,FUN_4010879c,21,1
401087b4,FUN_401087b4,23,1
401087cc,FUN_401087cc,34,1
401087f4,FUN_401087f4,38,1
40108824,FUN_40108824,20,1
40108838,FUN_40108838,43,1
40108864,FUN_40108864,13,1
40108874,FUN_40108874,41,1
401088a0,FUN_401088a0,47,1
401088d0,FUN_401088d0,102,1
40108938,FUN_40108938,164,1
401089e0,FUN_401089e0,136,1
40108a84,FUN_40108a84,60,1
40108ac0,FUN_40108ac0,68,1
40108b04,FUN_40108b04,18,1
40108b4c,FUN_40108b4c,39,1
40108b74,FUN_40108b74,23,1
40108b8c,FUN_40108b8c,34,1
40108bb0,FUN_40108bb0,228,1
40108d4c,FUN_40108d4c,132,1
40108dd4,FUN_40108dd4,19,1
40108de8,FUN_40108de8,18,1
40108dfc,FUN_40108dfc,83,1
40108e54,FUN_40108e54,98,1
40108ebc,FUN_40108ebc,140,1
40108f48,FUN_40108f48,87,1
40108fa0,FUN_40108fa0,66,1
40108fe4,FUN_40108fe4,43,1
40109028,FUN_40109028,137,1
401090b4,FUN_401090b4,32,1
401090d4,FUN_401090d4,88,1
40109158,FUN_40109158,6,1
40109268,FUN_40109268,379,1
40109404,FUN_40109404,22,1
4010941c,FUN_4010941c,249,1
40109534,FUN_40109534,160,1
40109634,FUN_40109634,11,1
40109640,FUN_40109640,64,1
40109680,FUN_40109680,98,1
401096e4,FUN_401096e4,66,1
40109728,FUN_40109728,76,1
40109778,FUN_40109778,93,1
401097dc,FUN_401097dc,109,1
4010984c,FUN_4010984c,6,1
40109934,FUN_40109934,16,1
401099b0,FUN_401099b0,33,1
401099d4,FUN_401099d4,12,1
401099e0,FUN_401099e0,19,1
40109b08,FUN_40109b08,16,1
40109b6c,FUN_40109b6c,16,1
40109d24,FUN_40109d24,36,1
40109f78,FUN_40109f78,203,1
4010a074,FUN_4010a074,18,1
4010a08c,FUN_4010a08c,80,1
4010a0dc,FUN_4010a0dc,130,1
4010a1a4,FUN_4010a1a4,113,1
4010a218,FUN_4010a218,65,1
4010a25c,FUN_4010a25c,89,1
4010a2b8,FUN_4010a2b8,48,1
4010a2e8,FUN_4010a2e8,5,1
4010a410,FUN_4010a410,42,1
4010a43c,FUN_4010a43c,93,1
4010a49c,FUN_4010a49c,75,1
4010a4ec,FUN_4010a4ec,178,1
4010a5a0,FUN_4010a5a0,193,1
4010a664,FUN_4010a664,54,1
4010a69c,FUN_4010a69c,112,1
4010a738,FUN_4010a738,41,1
4010a774,FUN_4010a774,17,1
4010a788,FUN_4010a788,24,1
4010a7a0,FUN_4010a7a0,5,1
4010a7a8,FUN_4010a7a8,24,1
4010a7c0,FUN_4010a7c0,75,1
4010a810,FUN_4010a810,32,1
4010a834,FUN_4010a834,55,1
4010a8c8,FUN_4010a8c8,20,1
4010a8dc,FUN_4010a8dc,28,1
4010a8f8,FUN_4010a8f8,14,1
4010a908,FUN_4010a908,36,1
4010a92c,FUN_4010a92c,39,1
4010a954,FUN_4010a954,207,1
4010aa3c,FUN_4010aa3c,14,1
4010aa4c,FUN_4010aa4c,20,1
4010aa60,FUN_4010aa60,16,1
4010aa74,FUN_4010aa74,207,1
4010aa90,FUN_4010aa90,4,1
4010ab48,FUN_4010ab48,41,1
4010accc,FUN_4010accc,35,1
4010acf0,FUN_4010acf0,45,1
4010ad20,FUN_4010ad20,28,1
4010ad3c,FUN_4010ad3c,38,1
4010ad64,FUN_4010ad64,20,1
4010ad84,FUN_4010ad84,40,1
4010adac,FUN_4010adac,53,1
4010ade4,FUN_4010ade4,56,1
4010ae1c,FUN_4010ae1c,74,1
4010ae68,FUN_4010ae68,116,1
4010aee4,FUN_4010aee4,99,1
4010af48,FUN_4010af48,53,1
4010af80,FUN_4010af80,33,1
4010afa4,FUN_4010afa4,213,1
4010b07c,FUN_4010b07c,39,1
4010b0a4,FUN_4010b0a4,193,1
4010b170,FUN_4010b170,32,1
4010b194,FUN_4010b194,148,1
4010b22c,FUN_4010b22c,307,1
4010b374,FUN_4010b374,31,1
4010b394,FUN_4010b394,66,1
4010b443,FUN_4010b443,9,1
4010b484,FUN_4010b484,7,1
4010b4b8,FUN_4010b4b8,58,1
4010b4f4,FUN_4010b4f4,34,1
4010b518,FUN_4010b518,57,1
4010b554,FUN_4010b554,16,1
4010b568,FUN_4010b568,95,1
4010b610,FUN_4010b610,32,1
4010b75c,FUN_4010b75c,184,1
4010b814,FUN_4010b814,560,1
4010ba44,FUN_4010ba44,255,1
4010c058,FUN_4010c058,20,1
4010c0f8,FUN_4010c0f8,51,1
4010c12c,FUN_4010c12c,73,1
4010c178,FUN_4010c178,56,1
4010c200,FUN_4010c200,104,1
4010c268,FUN_4010c268,438,1
4010c420,FUN_4010c420,1150,1
4010c8a4,FUN_4010c8a4,41,1
4010c8d0,FUN_4010c8d0,19,1
4010c8e4,FUN_4010c8e4,362,1
4010cb9c,FUN_4010cb9c,6,1
4010cbc8,FUN_4010cbc8,8,1
4010cbd0,FUN_4010cbd0,16,1
4010cbe0,FUN_4010cbe0,8,1
4010cbf0,FUN_4010cbf0,1,1
4010cc00,FUN_4010cc00,1,1
4010cc10,FUN_4010cc10,8,1
4010cc20,FUN_4010cc20,1,1
4010cc30,FUN_4010cc30,1,1
4010cc48,FUN_4010cc48,3,1
4010cc5c,FUN_4010cc5c,6,1
4010ccd4,FUN_4010ccd4,10,1
4010ccf4,FUN_4010ccf4,8,1
4010cd34,FUN_4010cd34,8,1
4010cd6c,FUN_4010cd6c,22,1
4010cdac,FUN_4010cdac,9,1
4010cdf0,FUN_4010cdf0,8,1
4010ce28,FUN_4010ce28,1,1
4010ce65,FUN_4010ce65,7,1
4010ce74,FUN_4010ce74,7,1
4010cea0,FUN_4010cea0,6,1
4010ced0,FUN_4010ced0,3,1
4010ced8,FUN_4010ced8,8,1
4010cee0,FUN_4010cee0,8,1
4010cee8,FUN_4010cee8,29,1
4010cf08,FUN_4010cf08,156,1
4010cfa8,FUN_4010cfa8,56,1
4010cfe4,FUN_4010cfe4,114,1
4010d060,FUN_4010d060,44,1
4010d08c,FUN_4010d08c,6,1
4010d21c,FUN_4010d21c,7,1
4010d2dc,FUN_4010d2dc,20,1
4010d2f0,FUN_4010d2f0,7,1
4010d2f8,FUN_4010d2f8,12,1
4010d304,FUN_4010d304,6,1
4010d31c,FUN_4010d31c,8,1
4010d324,FUN_4010d324,33,1
4010d348,FUN_4010d348,114,1
4010d474,FUN_4010d474,6,1
4010d49d,FUN_4010d49d,7,1
4010d4c4,FUN_4010d4c4,7,1
4010d4d4,FUN_4010d4d4,3,1
4010d4dc,FUN_4010d4dc,22,1
4010d4f4,FUN_4010d4f4,53,1
4010d52c,FUN_4010d52c,156,1
4010d60c,FUN_4010d60c,1,1
4010d614,FUN_4010d614,42,1
4010d72c,FUN_4010d72c,10,1
4010d75c,FUN_4010d75c,3,1
4010d764,FUN_4010d764,22,1
4010d7a4,FUN_4010d7a4,117,1
4010d8ac,FUN_4010d8ac,27,1
4010d8c8,FUN_4010d8c8,88,1
4010d920,FUN_4010d920,6,1
4010d988,FUN_4010d988,6,1
4010d9b0,FUN_4010d9b0,8,1
4010d9b8,FUN_4010d9b8,68,1
4010da2c,FUN_4010da2c,33,1
4010da50,FUN_4010da50,32,1
4010da70,FUN_4010da70,8,1
4010da78,FUN_4010da78,7,1
4010da80,FUN_4010da80,70,1
4010db14,FUN_4010db14,6,1
4010db3c,FUN_4010db3c,8,1
4010db44,FUN_4010db44,59,1
4010dc08,FUN_4010dc08,77,1
4010ddc4,FUN_4010ddc4,20,1
4010ddd8,FUN_4010ddd8,85,1
4010de30,FUN_4010de30,54,1
4010de68,FUN_4010de68,42,1
4010de94,FUN_4010de94,30,1
4010deb4,FUN_4010deb4,46,1
4010dee0,FUN_4010dee0,8,1
4010deec,FUN_4010deec,77,1
4010df3c,FUN_4010df3c,34,1
4010df74,FUN_4010df74,12,1
4010df98,FUN_4010df98,8,1
4010dfa0,FUN_4010dfa0,110,1
4010e010,FUN_4010e010,8,1
4010e02c,FUN_4010e02c,6,1
4010e044,FUN_4010e044,6,1
4010e04c,FUN_4010e04c,37,1
4010e074,FUN_4010e074,33,1
4010e144,FUN_4010e144,136,1
4010e1cc,FUN_4010e1cc,162,1
4010e2a4,FUN_4010e2a4,148,1
4010e4fc,FUN_4010e4fc,2,1
4010e568,FUN_4010e568,1,1
4010e5ec,FUN_4010e5ec,24,1
4010e60c,FUN_4010e60c,8,1
4010e614,FUN_4010e614,18,1
4010e628,FUN_4010e628,127,1
40110b50,FUN_40110b50,17,1
40110bb4,FUN_40110bb4,24,1
40110bcc,FUN_40110bcc,88,1
40110c24,FUN_40110c24,8,1
40110ca8,FUN_40110ca8,48,1
40110cd8,FUN_40110cd8,6,1
40110cec,FUN_40110cec,7,1
40110cf4,FUN_40110cf4,75,1
40110d44,FUN_40110d44,17,1
40110d58,FUN_40110d58,29,1
40110d78,FUN_40110d78,179,1
40110eb4,FUN_40110eb4,6,1
40110ec0,FUN_40110ec0,6,1
40110ec8,FUN_40110ec8,14,1
40110ee4,FUN_40110ee4,8,1
40110eec,FUN_40110eec,8,1
40110ef4,FUN_40110ef4,11,1
40110f00,FUN_40110f00,12,1
40110f0c,FUN_40110f0c,8,1
40110f14,FUN_40110f14,209,1
40110fe8,FUN_40110fe8,8,1
40111010,FUN_40111010,57,1
40111054,FUN_40111054,8,1
401110fc,FUN_401110fc,116,1
4011117c,FUN_4011117c,1,1
401111e0,FUN_401111e0,3,1
40111249,FUN_40111249,13,1
40111268,FUN_40111268,8,1
4011128c,FUN_4011128c,6,1
40111294,FUN_40111294,21,1
401112ac,FUN_401112ac,8,1
401112b4,FUN_401112b4,12,1
401112c0,FUN_401112c0,8,1
401112c8,FUN_401112c8,24,1
401112e0,FUN_401112e0,7,1
401112e8,FUN_401112e8,29,1
40111348,FUN_40111348,8,1
40111360,FUN_40111360,6,1
40111368,FUN_40111368,21,1
40111380,FUN_40111380,25,1
4011139c,FUN_4011139c,44,1
401113c8,FUN_401113c8,8,1
401113d0,FUN_401113d0,72,1
4011143c,FUN_4011143c,8,1
40111444,FUN_40111444,19,1
4011145c,FUN_4011145c,23,1
40111474,FUN_40111474,20,1
40111488,FUN_40111488,7,1
40111490,FUN_40111490,79,1
40111544,FUN_40111544,3,1
4011156c,FUN_4011156c,1,1
401115cc,FUN_401115cc,1,1
40111626,FUN_40111626,10,1
4011163c,FUN_4011163c,5,1
401119a4,FUN_401119a4,8,1
401119ac,FUN_401119ac,9,1
401119b8,FUN_401119b8,109,1
40111a30,FUN_40111a30,8,1
40111a38,FUN_40111a38,22,1
40111a50,FUN_40111a50,16,1
40111a60,FUN_40111a60,5,1
40111a68,FUN_40111a68,8,1
40111a70,FUN_40111a70,5,1
40111a78,FUN_40111a78,16,1
40111a88,FUN_40111a88,5,1
40111a90,FUN_40111a90,8,1
40111a98,FUN_40111a98,5,1
40111aa0,FUN_40111aa0,8,1
40111aa8,FUN_40111aa8,5,1
40111ab0,FUN_40111ab0,32,1
40111ad0,FUN_40111ad0,5,1
40111ad8,FUN_40111ad8,22,1
40111af0,FUN_40111af0,49,1
40111b24,FUN_40111b24,13,1
40111b34,FUN_40111b34,21,1
40111b4c,FUN_40111b4c,14,1
40111b78,FUN_40111b78,8,1
40111b80,FUN_40111b80,8,1
40111b88,FUN_40111b88,8,1
40111b90,FUN_40111b90,8,1
40111b98,FUN_40111b98,5,1
40111ba0,FUN_40111ba0,10,1
40111bac,FUN_40111bac,76,1
40111bf8,FUN_40111bf8,5,1
40111c2a,FUN_40111c2a,10,1
40111c4c,FUN_40111c4c,8,1
40111c60,FUN_40111c60,1,1
40111c68,FUN_40111c68,66,1
40111cb8,FUN_40111cb8,1,1
40111cc0,FUN_40111cc0,24,1
40111cd8,FUN_40111cd8,7,1
40111ce0,FUN_40111ce0,31,1
40111d00,FUN_40111d00,24,1
40111d18,FUN_40111d18,7,1
40111d20,FUN_40111d20,24,1
40111d38,FUN_40111d38,7,1
40111d40,FUN_40111d40,24,1
40111d58,FUN_40111d58,7,1
40111d60,FUN_40111d60,133,1
40111e00,FUN_40111e00,1,1
40111e08,FUN_40111e08,54,1
40111e78,FUN_40111e78,32,1
40111ec0,FUN_40111ec0,32,1
40111efc,FUN_40111efc,62,1
40111f48,FUN_40111f48,43,1
40111f74,FUN_40111f74,53,1
40111fac,FUN_40111fac,49,1
40111fe0,FUN_40111fe0,37,1
40112008,FUN_40112008,37,1
40112030,FUN_40112030,60,1
4011206c,FUN_4011206c,8,1
401120a4,FUN_401120a4,10,1
401120e8,FUN_401120e8,6,1
40112118,FUN_40112118,11,1
40112124,FUN_40112124,30,1
40112170,FUN_40112170,8,1
40112178,FUN_40112178,47,1
401121c0,FUN_401121c0,7,1
401121c8,FUN_401121c8,57,1
4011225c,FUN_4011225c,21,1
401122a8,FUN_401122a8,23,1
401122d8,FUN_401122d8,63,1
40112318,FUN_40112318,17,1
4011240c,FUN_4011240c,20,1
40112420,FUN_40112420,35,1
4011245c,FUN_4011245c,21,1
40112474,FUN_40112474,29,1
40112494,FUN_40112494,116,1
40112508,FUN_40112508,115,1
4011257c,FUN_4011257c,80,1
401125d0,FUN_401125d0,68,1
40112614,FUN_40112614,66,1
40112658,FUN_40112658,8,1
40112674,FUN_40112674,8,1
401126b4,FUN_401126b4,38,1
401126dc,FUN_401126dc,33,1
40112740,FUN_40112740,7,1
40112748,FUN_40112748,141,1
401127d8,FUN_401127d8,148,1
4011286c,FUN_4011286c,63,1
401128ac,FUN_401128ac,44,1
401128d8,FUN_401128d8,8,1
401128e0,FUN_401128e0,42,1
4011290c,FUN_4011290c,42,1
40112938,FUN_40112938,95,1
40112998,FUN_40112998,8,1
401129d8,FUN_401129d8,3,1
401129e0,FUN_401129e0,44,1
40112a0c,FUN_40112a0c,8,1
40112a69,FUN_40112a69,61,1
40112aa8,FUN_40112aa8,6,1
40112cc8,thunk_FUN_4011cb60,3,1
40112d1c,FUN_40112d1c,3,1
40112d24,FUN_40112d24,52,1
40112d84,FUN_40112d84,28,1
40112e48,FUN_40112e48,1,1
40112e50,FUN_40112e50,57,1
40112e8c,FUN_40112e8c,45,1
40112ee8,FUN_40112ee8,8,1
40112ef0,FUN_40112ef0,15,1
40112f00,FUN_40112f00,89,1
40112f60,FUN_40112f60,18,1
40112fe0,FUN_40112fe0,18,1
4011307c,FUN_4011307c,46,1
401130ac,FUN_401130ac,60,1
401130e8,FUN_401130e8,7,1
401130f0,FUN_401130f0,147,1
40113188,FUN_40113188,79,1
401131d8,FUN_401131d8,18,1
40113250,FUN_40113250,17,1
401132b4,FUN_401132b4,28,1
401132d0,FUN_401132d0,142,1
40113360,FUN_40113360,32,1
40113380,FUN_40113380,109,1
401134fc,FUN_401134fc,1,1
40113560,FUN_40113560,61,1
401135ac,FUN_401135ac,48,1
401135dc,FUN_401135dc,126,1
4011365c,FUN_4011365c,45,1
4011368c,FUN_4011368c,39,1
401136b4,FUN_401136b4,63,1
401136f4,FUN_401136f4,31,1
40113714,FUN_40113714,69,1
40113760,FUN_40113760,57,1
401137a0,FUN_401137a0,31,1
401137c0,FUN_401137c0,31,1
401137e0,FUN_401137e0,33,1
40113868,FUN_40113868,38,1
401138a8,FUN_401138a8,38,1
401138fc,FUN_401138fc,42,1
40113950,FUN_40113950,51,1
401139cc,FUN_401139cc,54,1
40113a4c,FUN_40113a4c,51,1
40113ab4,FUN_40113ab4,55,1
40113b20,FUN_40113b20,37,1
40113b58,FUN_40113b58,47,1
40113b88,FUN_40113b88,126,1
40113c8c,FUN_40113c8c,45,1
40113cc0,FUN_40113cc0,47,1
40113d00,FUN_40113d00,31,1
40113d20,FUN_40113d20,35,1
40113d48,FUN_40113d48,12,1
40113d58,FUN_40113d58,77,1
40113da8,FUN_40113da8,44,1
40113dd8,FUN_40113dd8,56,1
40113e24,FUN_40113e24,25,1
40113e58,FUN_40113e58,205,1
40113f2c,FUN_40113f2c,61,1
40113fcc,FUN_40113fcc,18,1
40114028,FUN_40114028,40,1
40114050,FUN_40114050,20,1
40114064,FUN_40114064,25,1
4011411c,FUN_4011411c,25,1
40114138,FUN_40114138,81,1
4011418c,FUN_4011418c,113,1
40114234,FUN_40114234,268,1
40114340,FUN_40114340,117,1
401143b8,FUN_401143b8,58,1
401143e0,FUN_401143e0,28,1
40114410,FUN_40114410,27,1
4011442c,FUN_4011442c,157,1
401144e0,FUN_401144e0,293,1
4011460c,FUN_4011460c,5,1
401147a4,FUN_401147a4,20,1
401147b8,FUN_401147b8,125,1
40114838,FUN_40114838,53,1
40114880,FUN_40114880,47,1
40114900,FUN_40114900,41,1
4011492b,FUN_4011492b,49,1
4011495c,FUN_4011495c,6,1
40114978,FUN_40114978,8,1
40114980,FUN_40114980,8,1
40114988,FUN_40114988,8,1
40114990,FUN_40114990,8,1
40114998,FUN_40114998,15,1
401149fc,FUN_401149fc,7,1
40114a04,FUN_40114a04,30,1
40114ab8,FUN_40114ab8,26,1
40114b0c,FUN_40114b0c,51,1
40114b40,FUN_40114b40,101,1
40114c38,FUN_40114c38,20,1
40114c4c,FUN_40114c4c,74,1
40114ca8,FUN_40114ca8,143,1
40114dc0,FUN_40114dc0,8,1
40114dc8,FUN_40114dc8,93,1
40114e40,FUN_40114e40,7,1
40114e48,FUN_40114e48,89,1
40114ec4,FUN_40114ec4,64,1
40114f04,FUN_40114f04,7,1
40114f0c,FUN_40114f0c,80,1
40114f94,FUN_40114f94,7,1
40114f9c,FUN_40114f9c,50,1
40114fd0,FUN_40114fd0,18,1
40114fe4,FUN_40114fe4,219,1
401150cc,FUN_401150cc,84,1
40115120,FUN_40115120,56,1
40115158,FUN_40115158,84,1
401151ac,FUN_401151ac,28,1
40115204,FUN_40115204,55,1
4011523c,FUN_4011523c,62,1
40115308,FUN_40115308,44,1
40115338,FUN_40115338,7,1
40115340,FUN_40115340,7,1
401153b0,FUN_401153b0,24,1
401154ac,FUN_401154ac,110,1
40115520,FUN_40115520,52,1
40115e70,FUN_40115e70,3,1
40115e8c,FUN_40115e8c,74,1
40115ed8,FUN_40115ed8,60,1
401162fc,FUN_401162fc,248,1
401163f4,FUN_401163f4,13,1
40116404,FUN_40116404,11,1
40116410,FUN_40116410,7,1
40116424,FUN_40116424,51,1
40116458,FUN_40116458,11,1
40116464,FUN_40116464,12,1
401164d8,FUN_401164d8,296,1
40116600,FUN_40116600,302,1
40116730,FUN_40116730,11,1
4011673c,FUN_4011673c,5,1
40116744,FUN_40116744,5,1
4011674c,FUN_4011674c,5,1
40116754,FUN_40116754,11,1
40116760,FUN_40116760,11,1
4011676c,FUN_4011676c,75,1
401167b8,FUN_401167b8,10,1
401167c4,FUN_401167c4,10,1
401167d0,FUN_401167d0,126,1
4011686c,FUN_4011686c,169,1
40116918,FUN_40116918,41,1
4011693c,FUN_4011693c,2,1
40116944,FUN_40116944,17,1
40116958,FUN_40116958,28,1
40116b1c,FUN_40116b1c,4,1
40116b64,FUN_40116b64,3,1
40116bb4,FUN_40116bb4,2,1
40116c78,FUN_40116c78,2,1
40116ccc,FUN_40116ccc,4,1
40116d20,FUN_40116d20,3,1
40116dd0,FUN_40116dd0,3,1
40116e24,FUN_40116e24,3,1
40116e84,FUN_40116e84,4,1
40116f80,FUN_40116f80,1,1
40116f88,FUN_40116f88,22,1
40116fa4,FUN_40116fa4,22,1
40116fc0,FUN_40116fc0,36,1
40117008,FUN_40117008,41,1
40117038,FUN_40117038,35,1
401170dc,FUN_401170dc,3,1
40117100,FUN_40117100,22,1
4011729c,FUN_4011729c,4,1
401172d8,FUN_401172d8,6,1
401172e0,FUN_401172e0,56,1
4011731c,FUN_4011731c,46,1
401173a4,FUN_401173a4,1417,1
401179b0,FUN_401179b0,3,1
401179b8,FUN_401179b8,272,1
40117acc,FUN_40117acc,26,1
40117b40,FUN_40117b40,164,1
40117e94,FUN_40117e94,322,1
40117ff4,FUN_40117ff4,117,1
401180e8,FUN_401180e8,1,1
40118134,FUN_40118134,116,1
401181a8,FUN_401181a8,7,1
401181b0,FUN_401181b0,116,1
4011824c,FUN_4011824c,54,1
40118284,FUN_40118284,11,1
401182b0,FUN_401182b0,352,1
40118418,FUN_40118418,6,1
40118420,FUN_40118420,275,1
40118538,FUN_40118538,453,1
40118700,FUN_40118700,3,1
40118774,FUN_40118774,8,1
4011877c,FUN_4011877c,131,1
4011881c,FUN_4011881c,4,1
40118838,FUN_40118838,4,1
401189c8,FUN_401189c8,2,1
40118b1c,FUN_40118b1c,2,1
40118b90,FUN_40118b90,19,1
40118c64,FUN_40118c64,72,1
40118cc0,FUN_40118cc0,3,1
40118d48,FUN_40118d48,47,1
40118da8,FUN_40118da8,1438,1
40119368,FUN_40119368,2,1
401194d0,FUN_401194d0,1,1
401194d8,FUN_401194d8,2636,1
40119f40,FUN_40119f40,216,1
4011a01c,FUN_4011a01c,4,1
4011a020,FUN_4011a020,4,1
4011a024,FUN_4011a024,458,1
4011a2dc,thunk_FUN_4011ae60,3,1
4011a2e4,FUN_4011a2e4,7,1
4011a2ec,FUN_4011a2ec,96,1
4011a360,FUN_4011a360,3,1
4011a45a,FUN_4011a45a,12,1
4011a480,FUN_4011a480,6,1
4011a4e0,FUN_4011a4e0,170,1
4011a590,FUN_4011a590,1,1
4011a598,FUN_4011a598,243,1
4011a7f4,FUN_4011a7f4,209,1
4011abb0,FUN_4011abb0,281,1
4011acd0,FUN_4011acd0,2,1
4011ae60,FUN_4011ae60,3,1
4011b1d4,FUN_4011b1d4,1,1
4011b1dc,FUN_4011b1dc,370,1
4011b3ac,FUN_4011b3ac,2,1
4011b3e0,FUN_4011b3e0,152,1
4011b6e8,FUN_4011b6e8,1,1
4011b6f0,FUN_4011b6f0,194,1
4011b7b4,FUN_4011b7b4,941,1
4011bba8,FUN_4011bba8,2,1
4011bbe8,FUN_4011bbe8,2,1
4011bcb4,FUN_4011bcb4,2,1
4011bd14,FUN_4011bd14,2,1
4011be30,FUN_4011be30,4,1
4011bef0,FUN_4011bef0,6,1
4011bef8,FUN_4011bef8,110,1
4011bf90,FUN_4011bf90,168,1
4011c064,FUN_4011c064,117,1
4011c0e0,FUN_4011c0e0,11,1
4011c18c,FUN_4011c18c,1,1
4011c76c,FUN_4011c76c,2,1
4011c89c,FUN_4011c89c,2,1
4011ca08,FUN_4011ca08,1,1
4011cb60,FUN_4011cb60,6,1
4011d1d4,FUN_4011d1d4,41,1
4011d340,FUN_4011d340,2,1
4011d378,FUN_4011d378,4,1
4011d3e4,FUN_4011d3e4,221,1
4011d504,FUN_4011d504,3,1
4011d558,FUN_4011d558,1,1
4011d634,FUN_4011d634,6,1
4011d63c,FUN_4011d63c,358,1
4011d7a4,FUN_4011d7a4,2,1
4011d9e0,FUN_4011d9e0,6,1
4011d9e8,FUN_4011d9e8,559,1
4011dc1c,FUN_4011dc1c,2,1
4011de00,FUN_4011de00,706,1
4011e0c8,FUN_4011e0c8,783,1
4011e3dc,FUN_4011e3dc,8,1
4011e3e4,FUN_4011e3e4,20,1
4011e3fc,FUN_4011e3fc,21,1
4011e434,FUN_4011e434,117,1
4011e4b0,FUN_4011e4b0,7,1
4011e520,FUN_4011e520,2,1
4011e58c,FUN_4011e58c,2,1
4011e7b0,FUN_4011e7b0,37,1
4011e7d8,FUN_4011e7d8,15,1
4011e7e8,FUN_4011e7e8,24,1
4011e834,FUN_4011e834,5,1
4011e83c,FUN_4011e83c,156,1
4011e8dc,FUN_4011e8dc,84,1
4011e940,FUN_4011e940,70,1
4011e988,FUN_4011e988,8,1
4011e990,FUN_4011e990,41,1
4011e9bc,FUN_4011e9bc,125,1
4011ea3c,FUN_4011ea3c,82,1
4011ec18,FUN_4011ec18,8,1
4011ec20,FUN_4011ec20,57,1
4011edf0,FUN_4011edf0,6,1
4011f24c,FUN_4011f24c,1,1
4011f76c,FUN_4011f76c,6,1
4011f798,FUN_4011f798,14,1
4011f7ac,FUN_4011f7ac,26,1
4011f7c8,FUN_4011f7c8,10,1
4011f7d4,FUN_4011f7d4,61,1
4011f834,FUN_4011f834,24,1
4011f894,FUN_4011f894,47,1
4011f8c4,FUN_4011f8c4,14,1
4011f8e4,FUN_4011f8e4,140,1
4011f974,FUN_4011f974,148,1
4011fd08,FUN_4011fd08,5,1
4011fd10,FUN_4011fd10,402,1
40120004,FUN_40120004,12,1
40120010,FUN_40120010,80,1
401200f0,FUN_401200f0,1,1
40120638,FUN_40120638,3,1
40121868,FUN_40121868,7,1
40121870,FUN_40121870,1064,1
40121cd0,FUN_40121cd0,2,1
40122138,FUN_40122138,4,1
4012257c,FUN_4012257c,5,1
40122584,FUN_40122584,46,1
401226a0,FUN_401226a0,5,1
401226a8,FUN_401226a8,77,1
401226f8,FUN_401226f8,121,1
40122784,FUN_40122784,1,1
40122904,FUN_40122904,6,1
4012290c,FUN_4012290c,60,1
40122948,FUN_40122948,4,1
401229c8,FUN_401229c8,8,1
401229d0,FUN_401229d0,131,1
40122a58,FUN_40122a58,55,1
40122a90,FUN_40122a90,63,1
40122ad0,FUN_40122ad0,131,1
40122b58,FUN_40122b58,118,1
40122bd0,FUN_40122bd0,4,1
40122c28,FUN_40122c28,1,1
40122c74,FUN_40122c74,1,1
40122c7c,FUN_40122c7c,69,1
40122cc4,FUN_40122cc4,63,1
40122d04,FUN_40122d04,80,1
40122d58,FUN_40122d58,6,1
40122d60,FUN_40122d60,84,1
40122db8,FUN_40122db8,2,1
40122ed8,FUN_40122ed8,334,1
40123040,FUN_40123040,8,1
40123048,FUN_40123048,90,1
401230ac,FUN_401230ac,1,1
40123530,FUN_40123530,3,1
40123db4,FUN_40123db4,1,1
40123dbc,FUN_40123dbc,42,1
40123f84,FUN_40123f84,4,1
4012444c,FUN_4012444c,1,1
40124454,FUN_40124454,169,1
40124550,FUN_40124550,243,1
40124644,FUN_40124644,3,1
401248c0,FUN_401248c0,22,1
401248d8,FUN_401248d8,10,1
401248e4,FUN_401248e4,496,1
40124afc,FUN_40124afc,2,1
40124da8,FUN_40124da8,54,1
40124ecc,FUN_40124ecc,52,1
40124f00,FUN_40124f00,27,1
40124fe0,FUN_40124fe0,1,1
40124fe8,FUN_40124fe8,144,1
4012507c,FUN_4012507c,139,1
40125118,FUN_40125118,58,1
40125154,FUN_40125154,7,1
40125264,FUN_40125264,7,1
40125454,FUN_40125454,3,1
401255a4,FUN_401255a4,11,1
401255e4,FUN_401255e4,7,1
401255ec,FUN_401255ec,170,1
40125698,FUN_40125698,2,1
4012590c,FUN_4012590c,3,1
401259e0,FUN_401259e0,44,1
40125a1c,FUN_40125a1c,824,1
40125edc,FUN_40125edc,5,1
40125ee4,FUN_40125ee4,220,1
40126188,FUN_40126188,293,1
40126348,FUN_40126348,99,1
401263d4,FUN_401263d4,105,1
40126454,FUN_40126454,70,1
4012649c,FUN_4012649c,11,1
401265e0,FUN_401265e0,6,1
401265e8,FUN_401265e8,5,1
40126644,FUN_40126644,2,1
40126694,FUN_40126694,3,1
4012669c,FUN_4012669c,51,1
40126700,FUN_40126700,1,1
40126720,FUN_40126720,65,1
401267d8,FUN_401267d8,36,1
40126870,FUN_40126870,241,1
40126964,FUN_40126964,89,1
40126d44,FUN_40126d44,3,1
40126e80,FUN_40126e80,59,1
401271f8,FUN_401271f8,37,1
40127438,FUN_40127438,859,1
4012779c,FUN_4012779c,17,1
401277b0,FUN_401277b0,11,1
40127844,FUN_40127844,14,1
40127858,FUN_40127858,14,1
4012786c,FUN_4012786c,12,1
40127878,FUN_40127878,2,1
40127880,FUN_40127880,123,1
4012790c,FUN_4012790c,24,1
40127924,FUN_40127924,22,1
40127970,FUN_40127970,8,1
40127978,FUN_40127978,101,1
401279e0,FUN_401279e0,43,1
40127a0c,FUN_40127a0c,42,1
40127a38,FUN_40127a38,42,1
40127ab8,FUN_40127ab8,236,1
40127ba8,FUN_40127ba8,115,1
40127c1c,FUN_40127c1c,33,1
40127c44,FUN_40127c44,38,1
40127c70,FUN_40127c70,237,1
40127da0,FUN_40127da0,24,1
40127dbc,FUN_40127dbc,129,1
40127e40,FUN_40127e40,20,1
40127e54,FUN_40127e54,73,1
40127ea0,FUN_40127ea0,46,1
40127f20,FUN_40127f20,1,1
40128330,FUN_40128330,332,1
40128878,FUN_40128878,141,1
40128914,FUN_40128914,67,1
40128958,FUN_40128958,28,1
40128974,FUN_40128974,58,1
401289b0,FUN_401289b0,429,1
40128b74,FUN_40128b74,72,1
40128bbc,FUN_40128bbc,46,1
40128c3c,FUN_40128c3c,20,1
40128c64,FUN_40128c64,20,1
40128d28,FUN_40128d28,118,1
40128da8,FUN_40128da8,38,1
40128e70,FUN_40128e70,78,1
40128ee8,FUN_40128ee8,8,1
40129918,FUN_40129918,58,1
40129954,FUN_40129954,182,1
40129a0c,FUN_40129a0c,84,1
40129ba4,FUN_40129ba4,1087,1
4012a19c,FUN_4012a19c,148,1
4012a244,FUN_4012a244,192,1
4012a30c,FUN_4012a30c,73,1
4012a37c,FUN_4012a37c,447,1
4012a8c0,FUN_4012a8c0,63,1
4012a908,FUN_4012a908,64,1
4012a950,FUN_4012a950,62,1
4012a994,FUN_4012a994,159,1
4012aa4c,FUN_4012aa4c,414,1
4012abf8,FUN_4012abf8,176,1
4012adfc,FUN_4012adfc,25,1
4012ae18,FUN_4012ae18,65,1
4012ae5c,FUN_4012ae5c,182,1
4012afd4,FUN_4012afd4,26,1
4012aff0,FUN_4012aff0,119,1
4012b068,FUN_4012b068,50,1
4012b0a8,FUN_4012b0a8,16,1
4012b0bc,FUN_4012b0bc,86,1
4012b114,FUN_4012b114,14,1
4012b124,FUN_4012b124,59,1
4012b160,FUN_4012b160,528,1
4012b394,FUN_4012b394,135,1
4012b420,FUN_4012b420,130,1
4012b4a4,FUN_4012b4a4,309,1
4012b5e8,FUN_4012b5e8,24,1
4012b600,FUN_4012b600,46,1
4012b630,FUN_4012b630,109,1
4012ba74,FUN_4012ba74,15,1
4012bb04,FUN_4012bb04,58,1
4012bb40,FUN_4012bb40,73,1
4012beec,FUN_4012beec,15,1
4012bfcc,FUN_4012bfcc,28,1
4012bfe8,FUN_4012bfe8,16,1
4012bff8,FUN_4012bff8,17,1
4012c00c,FUN_4012c00c,22,1
4012c024,FUN_4012c024,16,1
4012c034,FUN_4012c034,17,1
4012c048,FUN_4012c048,21,1
4012c060,FUN_4012c060,24,1
4012c078,FUN_4012c078,24,1
4012c090,FUN_4012c090,29,1
4012c0b0,FUN_4012c0b0,94,1
4012c13c,FUN_4012c13c,42,1
4012c168,FUN_4012c168,24,1
4012c180,FUN_4012c180,24,1
4012c198,FUN_4012c198,138,1
4012c274,FUN_4012c274,24,1
4012c28c,FUN_4012c28c,55,1
4012c2e0,FUN_4012c2e0,13,1
4012c2f0,FUN_4012c2f0,369,1
4012c468,FUN_4012c468,91,1
4012c4c4,FUN_4012c4c4,176,1
4012c574,FUN_4012c574,8,1
4012c5b4,FUN_4012c5b4,47,1
4012c5e4,FUN_4012c5e4,16,1
4012c5f4,FUN_4012c5f4,80,1
4012c690,FUN_4012c690,8,1
4012c698,FUN_4012c698,122,1
4012c718,FUN_4012c718,7,1
4012c720,FUN_4012c720,38,1
4012c748,FUN_4012c748,32,1
4012c768,FUN_4012c768,6,1
4012c770,FUN_4012c770,48,1
4012c7a0,FUN_4012c7a0,32,1
4012c7c0,FUN_4012c7c0,20,1
4012c7d4,FUN_4012c7d4,94,1
4012c838,FUN_4012c838,94,1
4012c89c,FUN_4012c89c,119,1
4012c91c,FUN_4012c91c,119,1
4012c99c,FUN_4012c99c,187,1
4012ca60,FUN_4012ca60,76,1
4012cab0,FUN_4012cab0,155,1
4012cde0,FUN_4012cde0,150,1
4012ce7c,FUN_4012ce7c,112,1
4012cef0,FUN_4012cef0,77,1
4012cf40,FUN_4012cf40,213,1
4012d01c,FUN_4012d01c,59,1
4012d0e8,FUN_4012d0e8,163,1
4012d19c,FUN_4012d19c,170,1
4012d254,FUN_4012d254,167,1
4012d304,FUN_4012d304,111,1
4012d378,FUN_4012d378,91,1
4012d3d4,FUN_4012d3d4,134,1
4012d45c,FUN_4012d45c,280,1
4012d574,FUN_4012d574,261,1
4012d67c,FUN_4012d67c,46,1
4012d6ac,FUN_4012d6ac,181,1
4012d764,FUN_4012d764,172,1
4012d810,FUN_4012d810,6,1
4012d818,FUN_4012d818,115,1
4012d88c,FUN_4012d88c,82,1
4012d8e0,FUN_4012d8e0,82,1
4012d934,FUN_4012d934,32,1
4012d954,FUN_4012d954,168,1
4012da04,FUN_4012da04,84,1
4012daf8,FUN_4012daf8,152,1
4012dc2c,FUN_4012dc2c,152,1
4012dda0,FUN_4012dda0,24,1
4012ddb8,FUN_4012ddb8,72,1
4012de00,FUN_4012de00,177,1
4012df2c,FUN_4012df2c,176,1
4012dfe0,FUN_4012dfe0,124,1
4012e05c,FUN_4012e05c,21,1
4012e074,FUN_4012e074,1571,1
4012e7b0,FUN_4012e7b0,515,1
4012e9e4,FUN_4012e9e4,21,1
4012e9fc,FUN_4012e9fc,510,1
4012eda0,FUN_4012eda0,14,1
4012edb0,FUN_4012edb0,41,1
4012eddc,FUN_4012eddc,31,1
4012edfc,FUN_4012edfc,201,1
4012f5d8,FUN_4012f5d8,52,1
4012f60c,FUN_4012f60c,54,1
4012f644,FUN_4012f644,188,1
4012f760,FUN_4012f760,83,1
4012f82c,FUN_4012f82c,101,1
4012f894,FUN_4012f894,137,1
4012f920,FUN_4012f920,240,1
4012fa18,FUN_4012fa18,200,1
4012fae8,FUN_4012fae8,201,1
4012fbbc,FUN_4012fbbc,205,1
4012fc90,FUN_4012fc90,564,1
4012ff68,FUN_4012ff68,74,1
4012ffb4,FUN_4012ffb4,105,1
40130074,thunk_FUN_400986bc,3,1
40130084,FUN_40130084,114,1
40130398,FUN_40130398,83,1
40130448,FUN_40130448,114,1
401304c0,FUN_401304c0,162,1
40130570,FUN_40130570,18,1
40130584,FUN_40130584,17,1
40130598,FUN_40130598,184,1
40130658,FUN_40130658,382,1
401307d8,FUN_401307d8,100,1
40130c20,FUN_40130c20,183,1
40130cdc,FUN_40130cdc,330,1
40130e2c,FUN_40130e2c,135,1
40131088,FUN_40131088,127,1
401312e0,FUN_401312e0,148,1
401317d0,FUN_401317d0,23,1
401317e8,FUN_401317e8,8,1
401317f0,FUN_401317f0,178,1
40131928,FUN_40131928,194,1
401319ec,FUN_401319ec,58,1
40131a28,FUN_40131a28,101,1
40131a94,FUN_40131a94,313,1
40131d5c,FUN_40131d5c,132,1
40131de0,FUN_40131de0,66,1
40131e28,FUN_40131e28,204,1
40131ef8,FUN_40131ef8,16,1
40131f08,FUN_40131f08,61,1
40131f6c,FUN_40131f6c,104,1
40132020,FUN_40132020,76,1
4013206c,FUN_4013206c,49,1
401320a0,FUN_401320a0,125,1
40132550,FUN_40132550,68,1
401325fc,FUN_401325fc,20,1
40132610,FUN_40132610,38,1
40132638,FUN_40132638,114,1
401326ac,FUN_401326ac,44,1
401326d8,FUN_401326d8,16,1
401326e8,FUN_401326e8,95,1
40132754,FUN_40132754,24,1
4013276c,FUN_4013276c,67,1
401327c4,FUN_401327c4,148,1
40132860,FUN_40132860,23,1
40132934,FUN_40132934,86,1
4013298c,FUN_4013298c,558,1
40132bd0,FUN_40132bd0,230,1
40132d10,FUN_40132d10,15,1
40132d20,FUN_40132d20,16,1
40132d30,FUN_40132d30,34,1
40132d54,FUN_40132d54,46,1
40132d84,FUN_40132d84,62,1
40132dc8,FUN_40132dc8,155,1
40132f8c,FUN_40132f8c,122,1
40133008,FUN_40133008,69,1
40133054,FUN_40133054,12,1
40133064,FUN_40133064,28,1
40133080,FUN_40133080,34,1
401330a4,FUN_401330a4,106,1
40133110,FUN_40133110,90,1
4013316c,FUN_4013316c,60,1
401331a8,FUN_401331a8,60,1
401331e4,FUN_401331e4,70,1
4013322c,FUN_4013322c,92,1
40133288,FUN_40133288,114,1
4013333c,FUN_4013333c,37,1
40133364,FUN_40133364,17,1
40133378,FUN_40133378,16,1
40133388,FUN_40133388,70,1
401333d0,FUN_401333d0,6,1
401333f4,FUN_401333f4,8,1
401333fc,FUN_401333fc,31,1
4013341c,FUN_4013341c,20,1
40133430,FUN_40133430,30,1
40133504,FUN_40133504,24,1
4013352c,FUN_4013352c,35,1
40133550,FUN_40133550,34,1
40133574,FUN_40133574,24,1
4013358c,FUN_4013358c,20,1
401335a0,FUN_401335a0,85,1
401335f8,FUN_401335f8,33,1
4013361c,FUN_4013361c,30,1
4013363c,FUN_4013363c,13,1
4013364c,FUN_4013364c,114,1
401336c0,FUN_401336c0,21,1
401336d8,FUN_401336d8,32,1
401336f8,FUN_401336f8,5,1
40133700,FUN_40133700,47,1
40133730,FUN_40133730,47,1
40133760,FUN_40133760,48,1
40133790,FUN_40133790,43,1
401337bc,FUN_401337bc,33,1
401337e0,FUN_401337e0,32,1
40133800,FUN_40133800,5,1
40133808,FUN_40133808,36,1
4013382c,FUN_4013382c,5,1
40133834,FUN_40133834,43,1
40133860,FUN_40133860,43,1
4013388c,FUN_4013388c,44,1
401338b8,FUN_401338b8,44,1
401338e4,FUN_401338e4,19,1
401338f8,FUN_401338f8,20,1
4013390c,FUN_4013390c,57,1
40133948,FUN_40133948,74,1
40133998,FUN_40133998,12,1
401339a8,FUN_401339a8,58,1
401339e4,FUN_401339e4,138,1
40133a70,FUN_40133a70,80,1
40133b80,FUN_40133b80,77,1
40133bd0,FUN_40133bd0,510,1
40133dd8,FUN_40133dd8,208,1
40133eac,FUN_40133eac,189,1
40133f6c,FUN_40133f6c,242,1
40134060,FUN_40134060,110,1
401340d0,FUN_401340d0,538,1
401342f4,FUN_401342f4,119,1
4013436c,FUN_4013436c,63,1
401343ac,FUN_401343ac,92,1
4013440c,FUN_4013440c,88,1
40134464,FUN_40134464,43,1
40134490,FUN_40134490,89,1
401344ec,FUN_401344ec,236,1
401345e0,FUN_401345e0,311,1
4013471c,FUN_4013471c,6,1
4013472c,FUN_4013472c,8,1
40134734,FUN_40134734,12,1
40134740,FUN_40134740,8,1
40134748,FUN_40134748,12,1
40134754,FUN_40134754,6,1
4013477c,FUN_4013477c,3,1
40134784,FUN_40134784,41,1
401347b0,FUN_401347b0,31,1
401347d0,FUN_401347d0,33,1
401347f4,FUN_401347f4,33,1
40134818,FUN_40134818,47,1
40134848,FUN_40134848,32,1
4013486c,FUN_4013486c,33,1
40134890,FUN_40134890,32,1
401348b0,FUN_401348b0,6,1
401348b8,FUN_401348b8,35,1
401348dc,FUN_401348dc,20,1
401348f4,FUN_401348f4,20,1
4013490c,FUN_4013490c,15,1
4013491c,FUN_4013491c,9,1
40134928,FUN_40134928,28,1
40134948,FUN_40134948,29,1
40134968,FUN_40134968,25,1
40134984,FUN_40134984,10,1
40134990,FUN_40134990,52,1
401349c4,FUN_401349c4,33,1
401349e8,FUN_401349e8,138,1
40134a74,FUN_40134a74,179,1
40134b2c,FUN_40134b2c,119,1
40134ba4,FUN_40134ba4,35,1
40134bc8,FUN_40134bc8,149,1
40134c60,FUN_40134c60,132,1
40134ce4,FUN_40134ce4,66,1
40134d28,FUN_40134d28,31,1
40134d48,FUN_40134d48,10,1
40134d54,FUN_40134d54,96,1
40134db8,FUN_40134db8,57,1
40134df4,FUN_40134df4,45,1
40134e24,FUN_40134e24,20,1
40134e38,FUN_40134e38,95,1
40134e98,FUN_40134e98,87,1
40134f9c,FUN_40134f9c,165,1
401350f4,FUN_401350f4,31,1
40135114,FUN_40135114,20,1
40135128,FUN_40135128,51,1
4013515c,FUN_4013515c,32,1
4013517c,FUN_4013517c,28,1
40135198,FUN_40135198,40,1
401351c0,FUN_401351c0,66,1
40135204,FUN_40135204,272,1
40135318,FUN_40135318,394,1
401354a8,FUN_401354a8,208,1
4013558c,FUN_4013558c,220,1
40135674,FUN_40135674,52,1
401356a8,FUN_401356a8,809,1
401359d8,FUN_401359d8,298,1
40135b0c,FUN_40135b0c,163,1
40135bb0,FUN_40135bb0,21,1
40135bc8,FUN_40135bc8,73,1
40135c14,FUN_40135c14,172,1
40135cc4,FUN_40135cc4,693,1
40135f84,FUN_40135f84,54,1
40135fbc,FUN_40135fbc,44,1
40135fe8,FUN_40135fe8,40,1
40136010,FUN_40136010,20,1
40136024,FUN_40136024,8,1
4013602c,FUN_4013602c,16,1
4013603c,FUN_4013603c,86,1
40136098,FUN_40136098,18,1
401360ac,FUN_401360ac,18,1
401360c0,FUN_401360c0,102,1
40136128,FUN_40136128,19,1
4013613c,FUN_4013613c,134,1
401361c4,FUN_401361c4,12,1
401361d4,FUN_401361d4,76,1
4013637c,FUN_4013637c,1,1
40136490,FUN_40136490,3,1
401365fc,FUN_401365fc,171,1
401367d8,FUN_401367d8,6,1
40136818,FUN_40136818,332,1
401369a8,FUN_401369a8,64,1
401369e8,FUN_401369e8,207,1
40136b34,FUN_40136b34,131,1
40137044,FUN_40137044,288,1
4013716c,FUN_4013716c,82,1
401371c0,FUN_401371c0,12,1
401371cc,FUN_401371cc,8,1
401371d4,FUN_401371d4,31,1
401371f4,FUN_401371f4,65,1
40137238,FUN_40137238,100,1
401372dc,FUN_401372dc,61,1
4013775c,FUN_4013775c,29,1
4013777c,FUN_4013777c,17,1
40137790,FUN_40137790,18,1
401377a4,FUN_401377a4,69,1
4013781c,FUN_4013781c,59,1
40137858,FUN_40137858,11,1
40137864,FUN_40137864,86,1
401378bc,FUN_401378bc,74,1
40137908,FUN_40137908,56,1
40137940,FUN_40137940,58,1
4013797c,FUN_4013797c,316,1
40137ac0,FUN_40137ac0,215,1
40137b9c,FUN_40137b9c,36,1
40137c80,FUN_40137c80,133,1
40137d08,FUN_40137d08,8,1
40137d7c,FUN_40137d7c,46,1
40137dac,FUN_40137dac,43,1
40137dd8,FUN_40137dd8,8,1
40137e15,FUN_40137e15,10,1
40137e67,FUN_40137e67,104,1
40137edc,FUN_40137edc,12,1
40137f2d,FUN_40137f2d,92,1
4013801d,FUN_4013801d,74,1
4013808c,FUN_4013808c,8,1
40138094,FUN_40138094,210,1
4013816c,FUN_4013816c,87,1
401381c4,FUN_401381c4,7,1
401381d8,FUN_401381d8,104,1
40138280,FUN_40138280,90,1
401382dc,FUN_401382dc,70,1
40138324,FUN_40138324,65,1
40138368,FUN_40138368,331,1
401384bc,FUN_401384bc,319,1
401386f0,FUN_401386f0,95,1
40138750,FUN_40138750,58,1
4013878c,FUN_4013878c,155,1
4013882c,FUN_4013882c,18,1
40138840,FUN_40138840,96,1
401388a0,FUN_401388a0,115,1
40138918,FUN_40138918,103,1
401389ac,FUN_401389ac,78,1
401389fc,FUN_401389fc,65,1
40138a40,FUN_40138a40,96,1
40138ac8,FUN_40138ac8,32,1
40138ae8,FUN_40138ae8,279,1
40138c00,FUN_40138c00,98,1
40138c8c,FUN_40138c8c,102,1
40138d68,FUN_40138d68,6,1
40138d70,FUN_40138d70,28,1
40138d8c,FUN_40138d8c,5,1
40138d94,FUN_40138d94,17,1
40138da8,FUN_40138da8,18,1
40138de8,FUN_40138de8,230,1
40138ed0,FUN_40138ed0,8,1
40138ed8,FUN_40138ed8,43,1
40138f04,FUN_40138f04,60,1
40138f40,FUN_40138f40,71,1
40138ff8,FUN_40138ff8,31,1
40139018,FUN_40139018,78,1
4013906c,FUN_4013906c,92,1
401390cc,FUN_401390cc,5,1
401390f8,FUN_401390f8,8,1
4013917c,FUN_4013917c,72,1
401391c4,FUN_401391c4,12,1
401391d0,FUN_401391d0,8,1
401391d8,FUN_401391d8,26,1
401391f4,FUN_401391f4,40,1
4013921c,FUN_4013921c,23,1
40139234,FUN_40139234,414,1
401393ec,FUN_401393ec,5,1
4013946c,FUN_4013946c,41,1
40139498,FUN_40139498,76,1
401394e4,FUN_401394e4,8,1
401394ec,FUN_401394ec,62,1
40139598,FUN_40139598,8,1
40139620,FUN_40139620,7,1
401396a8,FUN_401396a8,126,1
4013978c,FUN_4013978c,323,1
401399c8,FUN_401399c8,55,1
40139a08,FUN_40139a08,46,1
40139a38,FUN_40139a38,29,1
40139a64,FUN_40139a64,20,1
40139a78,FUN_40139a78,12,1
40139a84,FUN_40139a84,8,1
40139a8c,FUN_40139a8c,9,1
40139a98,FUN_40139a98,10,1
40139aa4,FUN_40139aa4,20,1
40139ab8,FUN_40139ab8,28,1
40139ad4,FUN_40139ad4,20,1
40139ae8,FUN_40139ae8,12,1
40139af4,FUN_40139af4,8,1
40139afc,FUN_40139afc,162,1
40139ba4,FUN_40139ba4,40,1
40139bd0,FUN_40139bd0,64,1
40139c24,FUN_40139c24,8,1
40139d98,FUN_40139d98,24,1
40139db4,FUN_40139db4,12,1
40139dc4,FUN_40139dc4,12,1
40139dd0,FUN_40139dd0,5,1
40139dd8,FUN_40139dd8,13,1
40139de8,FUN_40139de8,13,1
40139df8,FUN_40139df8,19,1
40139e0c,FUN_40139e0c,20,1
40139f28,FUN_40139f28,150,1
40139fe6,FUN_40139fe6,62,1
4013a024,FUN_4013a024,8,1
4013a052,FUN_4013a052,81,1
4013a0a4,FUN_4013a0a4,6,1
4013a1a8,FUN_4013a1a8,1070,1
4013a5d8,FUN_4013a5d8,12,1
4013a5e8,FUN_4013a5e8,48,1
4013a61c,FUN_4013a61c,1024,1
4013aa20,FUN_4013aa20,12,1
4013aa30,FUN_4013aa30,786,1
4013ad48,FUN_4013ad48,33,1
4013aeb0,FUN_4013aeb0,24,1
4013aecc,FUN_4013aecc,24,1
4013aee4,FUN_4013aee4,16,1
4013afc0,FUN_4013afc0,16,1
4013b08c,FUN_4013b08c,1768,1
4013b774,FUN_4013b774,31,1
4013b794,FUN_4013b794,107,1
4013b820,FUN_4013b820,56,1
4013b8a0,FUN_4013b8a0,50,1
4013b8d4,FUN_4013b8d4,79,1
4013b9e4,FUN_4013b9e4,29,1
4013cc10,FUN_4013cc10,36,1
4013cc34,FUN_4013cc34,80,1
4013cca8,FUN_4013cca8,154,1
4013cd74,FUN_4013cd74,50,1
4013ce24,FUN_4013ce24,65,1
4013ce84,FUN_4013ce84,7,1
4013ce8c,FUN_4013ce8c,79,1
4013cf1e,FUN_4013cf1e,54,1
4013cfb8,FUN_4013cfb8,5,1
4013cfc0,FUN_4013cfc0,28,1
4013d200,FUN_4013d200,1,1
4013d290,FUN_4013d290,10,1
4013d380,FUN_4013d380,35,1
4013d3a4,FUN_4013d3a4,38,1
4013d428,FUN_4013d428,256,1
4013d52c,FUN_4013d52c,34,1
4013d558,FUN_4013d558,229,1
4013d654,FUN_4013d654,15,1
4013d664,FUN_4013d664,32,1
4013d688,FUN_4013d688,83,1
4013d75c,FUN_4013d75c,54,1
4013d800,FUN_4013d800,92,1
4013d970,FUN_4013d970,325,1
4013daf4,FUN_4013daf4,98,1
4013db88,FUN_4013db88,206,1
4013dc90,FUN_4013dc90,8,1
4013dccc,FUN_4013dccc,133,1
4013ded4,FUN_4013ded4,8,1
4013dedc,FUN_4013dedc,24,1
4013def4,FUN_4013def4,156,1
4013dfa8,FUN_4013dfa8,8,1
4013dfb0,FUN_4013dfb0,23,1
4013dfc8,FUN_4013dfc8,23,1
4013dfe0,FUN_4013dfe0,60,1
4013e01c,FUN_4013e01c,83,1
4013e070,FUN_4013e070,72,1
4013e0bc,FUN_4013e0bc,126,1
4013e13c,FUN_4013e13c,215,1
4013e218,FUN_4013e218,10,1
4013e224,FUN_4013e224,10,1
4013e230,FUN_4013e230,17,1
4013e244,FUN_4013e244,17,1
4013e258,FUN_4013e258,48,1
4013e288,FUN_4013e288,8,1
4013e290,FUN_4013e290,27,1
4013e2ac,FUN_4013e2ac,27,1
4013e2c8,FUN_4013e2c8,35,1
4013e2ec,FUN_4013e2ec,11,1
4013e2f8,FUN_4013e2f8,12,1
4013e304,FUN_4013e304,8,1
4013e30c,FUN_4013e30c,20,1
4013e320,FUN_4013e320,56,1
4013e35c,FUN_4013e35c,17,1
4013e370,FUN_4013e370,140,1
4013e43c,FUN_4013e43c,100,1
4013e4a4,FUN_4013e4a4,115,1
4013e51c,FUN_4013e51c,150,1
4013e5b4,FUN_4013e5b4,282,1
4013e97c,FUN_4013e97c,34,1
4013e9fc,FUN_4013e9fc,108,1
4013ea70,FUN_4013ea70,210,1
4013eb44,FUN_4013eb44,106,1
4013ebb0,FUN_4013ebb0,26,1
4013ebcc,FUN_4013ebcc,24,1
4013ebe4,FUN_4013ebe4,418,1
4013ed93,FUN_4013ed93,35,1
4013edb8,FUN_4013edb8,5,1
4013f4ac,FUN_4013f4ac,1,1
4013f5dc,FUN_4013f5dc,173,1
4013f6a8,FUN_4013f6a8,25,1
4013f6c4,FUN_4013f6c4,226,1
4013f7b8,FUN_4013f7b8,125,1
4013f838,FUN_4013f838,135,1
4013f8d4,FUN_4013f8d4,1,1
4013fc00,FUN_4013fc00,129,1
4013fc88,FUN_4013fc88,141,1
4013fd9c,FUN_4013fd9c,75,1
4013fe7c,FUN_4013fe7c,7,1
4013ff48,FUN_4013ff48,80,1
4013ff98,FUN_4013ff98,29,1
4013ffb8,FUN_4013ffb8,62,1
4013fff8,FUN_4013fff8,76,1
40140044,FUN_40140044,71,1
4014008c,FUN_4014008c,72,1
401400d4,FUN_401400d4,37,1
401400fc,FUN_401400fc,169,1
401401a8,FUN_401401a8,123,1
40140308,FUN_40140308,275,1
40140420,FUN_40140420,6,1
4014074c,FUN_4014074c,34,1
40140788,FUN_40140788,8,1
40140790,FUN_40140790,26,1
401407ac,FUN_401407ac,498,1
40140aa0,FUN_40140aa0,32,1
40140ac0,FUN_40140ac0,52,1
40140af4,FUN_40140af4,53,1
40140b2c,FUN_40140b2c,49,1
40140b60,FUN_40140b60,40,1
40140b88,FUN_40140b88,32,1
40140ba8,FUN_40140ba8,12,1
40140bb4,FUN_40140bb4,8,1
40140bbc,FUN_40140bbc,169,1
40140c68,FUN_40140c68,6,1
40140c98,FUN_40140c98,68,1
40140cdc,FUN_40140cdc,76,1
40140d28,FUN_40140d28,72,1
40140d74,FUN_40140d74,76,1
40140e74,FUN_40140e74,10,1
40140e80,FUN_40140e80,31,1
40140ea0,FUN_40140ea0,32,1
40140ec0,FUN_40140ec0,107,1
40140f2c,FUN_40140f2c,36,1
40140f50,FUN_40140f50,55,1
40140f88,FUN_40140f88,170,1
40141038,FUN_40141038,8,1
40141054,FUN_40141054,31,1
40141074,FUN_40141074,51,1
401410a8,FUN_401410a8,6,1
401410dc,FUN_401410dc,100,1
40141144,FUN_40141144,72,1
4014118c,FUN_4014118c,16,1
4014119c,FUN_4014119c,74,1
401411e8,FUN_401411e8,32,1
40141208,FUN_40141208,144,1
40141298,FUN_40141298,334,1
401413e8,FUN_401413e8,134,1
40141470,FUN_40141470,60,1
401414b0,FUN_401414b0,46,1
401414e0,FUN_401414e0,77,1
40141530,FUN_40141530,19,1
40141544,FUN_40141544,101,1
40141628,FUN_40141628,26,1
40141644,FUN_40141644,88,1
40141798,FUN_40141798,50,1
401417cc,FUN_401417cc,38,1
401417f4,FUN_401417f4,36,1
40141818,FUN_40141818,167,1
40141a58,FUN_40141a58,44,1
40141a88,FUN_40141a88,27,1
40141ab8,FUN_40141ab8,13,1
40141ac8,FUN_40141ac8,40,1
40141af4,FUN_40141af4,77,1
40141b44,FUN_40141b44,16,1
40141c04,FUN_40141c04,23,1
40141c1c,FUN_40141c1c,38,1
40141c44,FUN_40141c44,68,1
40141c88,FUN_40141c88,119,1
40141d04,FUN_40141d04,103,1
40141d6c,FUN_40141d6c,91,1
40141dc8,FUN_40141dc8,24,1
40141de0,FUN_40141de0,17,1
40141df4,FUN_40141df4,49,1
40141e2c,FUN_40141e2c,34,1
40141e50,FUN_40141e50,34,1
40141e74,FUN_40141e74,34,1
40141e98,FUN_40141e98,40,1
40141ec0,FUN_40141ec0,40,1
40141ee8,FUN_40141ee8,54,1
40141f20,FUN_40141f20,337,1
40142078,FUN_40142078,18,1
4014208c,FUN_4014208c,78,1
401420dc,FUN_401420dc,168,1
40142188,FUN_40142188,203,1
40142258,FUN_40142258,15,1
40142268,FUN_40142268,47,1
40142298,FUN_40142298,79,1
401422ec,FUN_401422ec,45,1
4014231c,FUN_4014231c,60,1
4014235c,FUN_4014235c,53,1
40142394,FUN_40142394,206,1
401424c4,FUN_401424c4,330,1
40142614,FUN_40142614,28,1
40142630,FUN_40142630,8,1
40142638,FUN_40142638,46,1
40142668,FUN_40142668,128,1
401426ec,FUN_401426ec,128,1
40142770,FUN_40142770,81,1
401427c4,FUN_401427c4,975,1
40142ba8,FUN_40142ba8,28,1
40142bc4,FUN_40142bc4,58,1
40142c00,FUN_40142c00,208,1
40142cd4,FUN_40142cd4,136,1
40142d5c,FUN_40142d5c,74,1
40142da8,FUN_40142da8,179,1
40142e5c,FUN_40142e5c,2668,1
401438e8,FUN_401438e8,3034,1
401444e8,FUN_401444e8,19,1
401444fc,FUN_401444fc,238,1
401445f0,FUN_401445f0,208,1
401446c0,FUN_401446c0,42,1
401446ec,FUN_401446ec,68,1
40144730,FUN_40144730,26,1
4014474c,FUN_4014474c,122,1
40144acc,FUN_40144acc,412,1
40144c6c,FUN_40144c6c,258,1
40144d78,FUN_40144d78,126,1
40144dfc,FUN_40144dfc,171,1
40144ea8,FUN_40144ea8,171,1
40144f54,FUN_40144f54,104,1
40144fbc,FUN_40144fbc,94,1
4014501c,FUN_4014501c,106,1
40145088,FUN_40145088,1148,1
40145510,FUN_40145510,45,1
40145540,FUN_40145540,43,1
4014556c,FUN_4014556c,72,1
401455b4,FUN_401455b4,273,1
401456c8,FUN_401456c8,76,1
40145714,FUN_40145714,7,1
4014574c,FUN_4014574c,43,1
40145778,FUN_40145778,36,1
4014579c,FUN_4014579c,8,1
401457a4,FUN_401457a4,41,1
401457d0,FUN_401457d0,31,1
401457f0,FUN_401457f0,54,1
40145864,FUN_40145864,32,1
40145884,FUN_40145884,113,1
401458fc,FUN_401458fc,23,1
40145914,FUN_40145914,441,1
40145ad4,FUN_40145ad4,199,1
40145ba0,FUN_40145ba0,349,1
40145d00,FUN_40145d00,90,1
40145d60,FUN_40145d60,138,1
40145e1c,FUN_40145e1c,103,1
40145e88,FUN_40145e88,47,1
40145ebc,FUN_40145ebc,24,1
40145edc,FUN_40145edc,10,1
40145ee8,FUN_40145ee8,40,1
40145f14,FUN_40145f14,55,1
40145f7c,FUN_40145f7c,191,1
40146100,FUN_40146100,51,1
40146134,FUN_40146134,52,1
40146168,FUN_40146168,21,1
40146180,FUN_40146180,77,1
401461d0,FUN_401461d0,54,1
40146208,FUN_40146208,100,1
4014626c,FUN_4014626c,115,1
4014637c,FUN_4014637c,119,1
401463f4,FUN_401463f4,80,1
40146594,FUN_40146594,266,1
401466a0,FUN_401466a0,233,1
4014678c,FUN_4014678c,126,1
40146c14,FUN_40146c14,64,1
40146c58,FUN_40146c58,40,1
40146c80,FUN_40146c80,69,1
40146cc8,FUN_40146cc8,159,1
40146d68,FUN_40146d68,238,1
40146e58,FUN_40146e58,194,1
40146f1c,FUN_40146f1c,76,1
40147138,FUN_40147138,408,1
40147208,FUN_40147208,10,1
40147214,FUN_40147214,88,1
4014726c,FUN_4014726c,247,1
40147364,FUN_40147364,133,1
40147460,FUN_40147460,36,1
40147484,FUN_40147484,321,1
40147600,FUN_40147600,28,1
4014761c,FUN_4014761c,5,1
40147624,FUN_40147624,46,1
40147654,FUN_40147654,5,1
401479c8,FUN_401479c8,332,1
40147b40,FUN_40147b40,90,1
40147c18,FUN_40147c18,188,1
40147cd8,FUN_40147cd8,56,1
40147d14,FUN_40147d14,34,1
40147d38,FUN_40147d38,21,1
40147d50,FUN_40147d50,49,1
40147d84,FUN_40147d84,30,1
40147da4,FUN_40147da4,101,1
40147e40,FUN_40147e40,170,1
40147ef0,FUN_40147ef0,110,1
40147f60,FUN_40147f60,79,1
40147fb0,FUN_40147fb0,125,1
40148030,FUN_40148030,84,1
401480f8,FUN_401480f8,8,1
40148108,FUN_40148108,39,1
40148130,FUN_40148130,54,1
40148168,FUN_40148168,39,1
40148190,FUN_40148190,100,1
401481f8,FUN_401481f8,37,1
40148220,FUN_40148220,541,1
4014844c,FUN_4014844c,537,1
401486a0,FUN_401486a0,53,1
401486d8,FUN_401486d8,37,1
40148700,FUN_40148700,37,1
40148728,FUN_40148728,319,1
40148874,FUN_40148874,215,1
401489c8,FUN_401489c8,6,1
40148ae0,FUN_40148ae0,16,1
40148b0c,FUN_40148b0c,25,1
40148bd4,FUN_40148bd4,26,1
40148bf0,FUN_40148bf0,29,1
40148c10,FUN_40148c10,35,1
40148c34,FUN_40148c34,40,1
40148c5c,FUN_40148c5c,85,1
40148cb4,FUN_40148cb4,40,1
40148cdc,FUN_40148cdc,30,1
40148cfc,FUN_40148cfc,70,1
40148d44,FUN_40148d44,58,1
40148d84,FUN_40148d84,44,1
40148db0,FUN_40148db0,38,1
40148dd8,FUN_40148dd8,82,1
40148e30,FUN_40148e30,53,1
40148e68,FUN_40148e68,60,1
40148ea8,FUN_40148ea8,35,1
40148ecc,FUN_40148ecc,57,1
40148f08,FUN_40148f08,13,1
40148f18,FUN_40148f18,30,1
40148f38,FUN_40148f38,11,1
40148f44,FUN_40148f44,83,1
40148fb4,FUN_40148fb4,25,1
40148fd0,FUN_40148fd0,9,1
40148fdc,FUN_40148fdc,12,1
40148fe8,FUN_40148fe8,6,1
40148ff0,FUN_40148ff0,9,1
40148ffc,FUN_40148ffc,45,1
4014903c,FUN_4014903c,52,1
40149078,FUN_40149078,16,1
401490e4,FUN_401490e4,170,1
40149190,FUN_40149190,383,1
40149310,FUN_40149310,106,1
40149394,FUN_40149394,49,1
40149828,FUN_40149828,10,1
40149834,FUN_40149834,231,1
4014991c,FUN_4014991c,58,1
40149960,FUN_40149960,5,1
40149a00,FUN_40149a00,30,1
40149a20,FUN_40149a20,36,1
40149a44,FUN_40149a44,112,1
40149ab4,FUN_40149ab4,32,1
40149ad4,FUN_40149ad4,37,1
40149afc,FUN_40149afc,59,1
40149b60,FUN_40149b60,28,1
40149b7c,FUN_40149b7c,40,1
40149ba4,FUN_40149ba4,28,1
40149bc0,FUN_40149bc0,190,1
40149c80,FUN_40149c80,29,1
40149ca0,FUN_40149ca0,28,1
40149cbc,FUN_40149cbc,261,1
40149dcc,FUN_40149dcc,34,1
40149df0,FUN_40149df0,154,1
40149e90,FUN_40149e90,34,1
40149eb4,FUN_40149eb4,37,1
40149edc,FUN_40149edc,44,1
40149f08,FUN_40149f08,68,1
40149f74,FUN_40149f74,49,1
40149fa8,FUN_40149fa8,174,1
4014a05c,FUN_4014a05c,56,1
4014a094,FUN_4014a094,418,1
4014a2d8,FUN_4014a2d8,1,1
4014a3f8,FUN_4014a3f8,85,1
4014a48c,FUN_4014a48c,3,1
4014a51b,FUN_4014a51b,4,1
4014a59e,FUN_4014a59e,25,1
4014a730,FUN_4014a730,5,1
4014a75d,FUN_4014a75d,53,1
4014a798,FUN_4014a798,8,1
4014a804,FUN_4014a804,20,1
4014a818,FUN_4014a818,60,1
4014a854,FUN_4014a854,5,1
4014a8e8,FUN_4014a8e8,111,1
4014a958,FUN_4014a958,77,1
4014a9a8,FUN_4014a9a8,179,1
4014ab48,FUN_4014ab48,144,1
4014abe0,FUN_4014abe0,6,1
4014ac47,FUN_4014ac47,13,1
4014ac70,FUN_4014ac70,8,1
4014ac86,FUN_4014ac86,7,1
4014acb0,FUN_4014acb0,6,1
4014ad14,FUN_4014ad14,11,1
4014ad20,FUN_4014ad20,8,1
4014adac,FUN_4014adac,312,1
4014ae74,FUN_4014ae74,8,1
4014ae7c,FUN_4014ae7c,60,1
4014aeec,FUN_4014aeec,35,1
4014af10,FUN_4014af10,27,1
4014af2c,FUN_4014af2c,67,1
4014af74,FUN_4014af74,20,1
4014af88,FUN_4014af88,156,1
4014b028,FUN_4014b028,25,1
4014b044,FUN_4014b044,24,1
4014b05c,FUN_4014b05c,79,1
4014b0b0,FUN_4014b0b0,199,1
4014b184,FUN_4014b184,5,1
4014b18c,FUN_4014b18c,40,1
4014b204,FUN_4014b204,461,1
4014e304,FUN_4014e304,17,1
4014e348,FUN_4014e348,16,1
4014e35c,FUN_4014e35c,865,1
4014e760,FUN_4014e760,1,1
4014e768,FUN_4014e768,24,1
4014e780,FUN_4014e780,21,1
4014ebf0,FUN_4014ebf0,489,1
4014ede8,FUN_4014ede8,53,1
4014ee20,FUN_4014ee20,62,1
4014ef2c,FUN_4014ef2c,20,1
4014ef40,FUN_4014ef40,12,1
4014ef4c,FUN_4014ef4c,36,1
4014ef70,FUN_4014ef70,17,1
4014ef84,FUN_4014ef84,12,1
4014ef94,FUN_4014ef94,79,1
4014efde,FUN_4014efde,2,1
4014efe0,FUN_4014efe0,2,1
4014f0d0,FUN_4014f0d0,66,1
4014f144,FUN_4014f144,38,1
4014f16c,FUN_4014f16c,86,1
4014f1c4,FUN_4014f1c4,44,1
4014f1f0,FUN_4014f1f0,731,1
4014f594,FUN_4014f594,288,1
4014f6e8,FUN_4014f6e8,61,1
4014f728,FUN_4014f728,112,1
4014f7c0,FUN_4014f7c0,52,1
4014f7f4,FUN_4014f7f4,32,1
4014f818,FUN_4014f818,25,1
4014f834,FUN_4014f834,16,1
4014f848,FUN_4014f848,38,1
4014f870,FUN_4014f870,68,1
4014f8e8,FUN_4014f8e8,109,1
4014f964,FUN_4014f964,3,1
4014f96c,FUN_4014f96c,19,1
4014f980,FUN_4014f980,58,1
4014fa3c,FUN_4014fa3c,58,1
4014faac,FUN_4014faac,8,1
4014fb54,FUN_4014fb54,119,1
4014fc64,FUN_4014fc64,96,1
4014fcd0,FUN_4014fcd0,6,1
4014fd2c,FUN_4014fd2c,1,1
4014fd50,FUN_4014fd50,5,1
4014fd58,FUN_4014fd58,237,1
4014fe48,FUN_4014fe48,5,1
4014ff30,FUN_4014ff30,63,1
4014ff70,FUN_4014ff70,63,1
4014ffb0,FUN_4014ffb0,15,1
4014ffd0,FUN_4014ffd0,56,1
4015000c,FUN_4015000c,41,1
40150034,FUN_40150034,10,1
40150044,FUN_40150044,50,1
40150088,FUN_40150088,11,1
40150094,FUN_40150094,7,1
4015009c,FUN_4015009c,8,1
401500a4,FUN_401500a4,8,1
401500ac,FUN_401500ac,21,1
401500c4,FUN_401500c4,18,1
40150104,FUN_40150104,59,1
40150150,FUN_40150150,1,1
40150158,FUN_40150158,20,1
4015016c,FUN_4015016c,92,1
401501c8,FUN_401501c8,6,1
401504d4,FUN_401504d4,265,1
401505e4,FUN_401505e4,39,1
4015060c,FUN_4015060c,42,1
40150638,FUN_40150638,258,1
4015075c,FUN_4015075c,59,1
401508a4,FUN_401508a4,8,1
40150c68,FUN_40150c68,44,1
40150ca4,FUN_40150ca4,52,1
40150cd8,FUN_40150cd8,108,1
40150d44,FUN_40150d44,24,1
40150d66,FUN_40150d66,37,1
40150e04,FUN_40150e04,5,1
40150e20,FUN_40150e20,6,1
40150e28,FUN_40150e28,116,1
40150f30,FUN_40150f30,21,1
40150f48,FUN_40150f48,136,1
401511cc,FUN_401511cc,44,1
401511f8,FUN_401511f8,118,1
401512d4,FUN_401512d4,596,1
40151de4,FUN_40151de4,130,1
40151e68,FUN_40151e68,437,1
4015204c,FUN_4015204c,183,1
40152148,FUN_40152148,49,1
4015217c,FUN_4015217c,61,1
401521cc,FUN_401521cc,196,1
401523ec,FUN_401523ec,25,1
4015241c,FUN_4015241c,18,1
40152434,FUN_40152434,104,1
401524a0,FUN_401524a0,122,1
4015251c,FUN_4015251c,102,1
40152584,FUN_40152584,90,1
401525e0,FUN_401525e0,53,1
40152618,FUN_40152618,28,1
40152d14,FUN_40152d14,132,1
40152da0,FUN_40152da0,53,1
40152dd8,FUN_40152dd8,114,1
40152e50,FUN_40152e50,89,1
40152eb0,FUN_40152eb0,35,1
40152fbc,FUN_40152fbc,140,1
4015304c,FUN_4015304c,37,1
40153074,FUN_40153074,67,1
401530fc,FUN_401530fc,254,1
401532fc,FUN_401532fc,66,1
40153350,FUN_40153350,35,1
40153374,FUN_40153374,327,1
4015357c,FUN_4015357c,44,1
401535a8,FUN_401535a8,28,1
401535c4,FUN_401535c4,51,1
401535f8,FUN_401535f8,125,1
40153754,FUN_40153754,8,1
4015375c,FUN_4015375c,27,1
40153778,FUN_40153778,107,1
40153a08,FUN_40153a08,1,1
40153a30,FUN_40153a30,1,1
40153a90,FUN_40153a90,7,1
40153ab8,FUN_40153ab8,1,1
40153b3c,FUN_40153b3c,7,1
40153b90,FUN_40153b90,22,1
40153ba8,FUN_40153ba8,22,1
40153bc0,FUN_40153bc0,37,1
40153be8,FUN_40153be8,68,1
40153c2c,FUN_40153c2c,23,1
40153c44,FUN_40153c44,194,1
4015406c,FUN_4015406c,234,1
40154188,FUN_40154188,65,1
40154220,FUN_40154220,149,1
401542e0,FUN_401542e0,16,1
4015430c,FUN_4015430c,16,1
40154320,FUN_40154320,16,1
40154334,FUN_40154334,22,1
4015434c,FUN_4015434c,67,1
40154390,FUN_40154390,98,1
40154404,FUN_40154404,51,1
40154438,FUN_40154438,43,1
40154464,FUN_40154464,21,1
4015447c,FUN_4015447c,45,1
401544ac,FUN_401544ac,34,1
401544d0,FUN_401544d0,109,1
40154540,FUN_40154540,48,1
40154570,FUN_40154570,28,1
4015458c,FUN_4015458c,88,1
401545e4,FUN_401545e4,161,1
401546f0,FUN_401546f0,117,1
40154768,FUN_40154768,28,1
40154784,FUN_40154784,103,1
401547ec,FUN_401547ec,163,1
40154890,FUN_40154890,16,1
401548a4,FUN_401548a4,61,1
40154960,FUN_40154960,45,1
40154990,FUN_40154990,36,1
401549b4,FUN_401549b4,105,1
40154a20,FUN_40154a20,889,1
40154ddc,FUN_40154ddc,150,1
40154e74,FUN_40154e74,106,1
40154ee0,FUN_40154ee0,28,1
40154f00,FUN_40154f00,79,1
40154fa8,FUN_40154fa8,30,1
40154fc8,FUN_40154fc8,25,1
40155030,FUN_40155030,42,1
4015505c,FUN_4015505c,2639,1
40156504,FUN_40156504,2655,1
40157b10,FUN_40157b10,57,1
40157b80,FUN_40157b80,225,1
40157c64,FUN_40157c64,36,1
40157c88,FUN_40157c88,59,1
40157cd4,FUN_40157cd4,56,1
40157d14,FUN_40157d14,96,1
40157d88,FUN_40157d88,115,1
40157e04,FUN_40157e04,36,1
40157e3c,FUN_40157e3c,83,1
40157e90,FUN_40157e90,64,1
40157ed0,FUN_40157ed0,15,1
40157ee0,FUN_40157ee0,75,1
40157f30,FUN_40157f30,59,1
40157f74,FUN_40157f74,118,1
40157fec,FUN_40157fec,113,1
40158064,FUN_40158064,167,1
4015810c,FUN_4015810c,154,1
401581a8,FUN_401581a8,37,1
401581d0,FUN_401581d0,207,1
401582a4,FUN_401582a4,214,1
40158380,FUN_40158380,74,1
401583cc,FUN_401583cc,74,1
40158418,FUN_40158418,36,1
4015843c,FUN_4015843c,36,1
40158460,FUN_40158460,210,1
40158538,FUN_40158538,86,1
40158590,FUN_40158590,514,1
40158798,FUN_40158798,277,1
401588b0,FUN_401588b0,99,1
40158914,FUN_40158914,68,1
4015895c,FUN_4015895c,165,1
40158e40,FUN_40158e40,224,1
40158f24,FUN_40158f24,46,1
40158f54,FUN_40158f54,383,1
401590e0,FUN_401590e0,201,1
401591ac,FUN_401591ac,684,1
4015945c,FUN_4015945c,76,1
401594a8,FUN_401594a8,5,1
401596a8,FUN_401596a8,86,1
40159700,FUN_40159700,24,1
40159718,FUN_40159718,37,1
40159740,FUN_40159740,16,1
40159754,FUN_40159754,47,1
40159784,FUN_40159784,68,1
401597cc,FUN_401597cc,58,1
40159808,FUN_40159808,20,1
4015981c,FUN_4015981c,335,1
401599d0,FUN_401599d0,185,1
40159afc,FUN_40159afc,25,1
40159b30,FUN_40159b30,76,1
40159bc4,FUN_40159bc4,64,1
40159c04,FUN_40159c04,12,1
40159c10,FUN_40159c10,6,1
40159c28,FUN_40159c28,2,1
40159c30,FUN_40159c30,20,1
40159c48,FUN_40159c48,12,1
40159c54,FUN_40159c54,6,1
40159c6c,FUN_40159c6c,5,1
40159c74,FUN_40159c74,20,1
40159c8c,FUN_40159c8c,21,1
40159ca4,FUN_40159ca4,15,1
40159cb4,FUN_40159cb4,15,1
40159cc4,FUN_40159cc4,29,1
40159ce4,FUN_40159ce4,12,1
40159cf0,FUN_40159cf0,6,1
40159d08,FUN_40159d08,8,1
40159d10,FUN_40159d10,15,1
40159d20,FUN_40159d20,28,1
40159d40,FUN_40159d40,24,1
40159d5c,FUN_40159d5c,28,1
40159d7c,FUN_40159d7c,24,1
40159d98,FUN_40159d98,20,1
40159db0,FUN_40159db0,12,1
40159dbc,FUN_40159dbc,7,1
40159dc4,FUN_40159dc4,16,1
40159dd4,FUN_40159dd4,107,1
40159e40,FUN_40159e40,115,1
40159eb4,FUN_40159eb4,64,1
4015a02c,FUN_4015a02c,99,1
4015a090,FUN_4015a090,136,1
4015a11c,FUN_4015a11c,145,1
4015a1b0,FUN_4015a1b0,481,1
4015a394,FUN_4015a394,312,1
4015a524,FUN_4015a524,156,1
4015a5c0,FUN_4015a5c0,143,1
4015a650,FUN_4015a650,27,1
4015a66c,FUN_4015a66c,16,1
4015a688,FUN_4015a688,12,1
4015a694,FUN_4015a694,21,1
4015a6ac,FUN_4015a6ac,16,1
4015a704,FUN_4015a704,43,1
4015a7fc,FUN_4015a7fc,79,1
4015a84c,FUN_4015a84c,54,1
4015a884,FUN_4015a884,34,1
4015a8a8,FUN_4015a8a8,111,1
4015a918,FUN_4015a918,74,1
4015a964,FUN_4015a964,18,1
4015a978,FUN_4015a978,72,1
4015a9c0,FUN_4015a9c0,177,1
4015aa74,FUN_4015aa74,50,1
4015aaa8,FUN_4015aaa8,33,1
4015aacc,FUN_4015aacc,68,1
4015ab14,FUN_4015ab14,456,1
4015ace0,FUN_4015ace0,12,1
4015acec,FUN_4015acec,54,1
4015ad24,FUN_4015ad24,64,1
4015ad64,FUN_4015ad64,82,1
4015adb8,FUN_4015adb8,22,1
4015add0,FUN_4015add0,78,1
4015ae20,FUN_4015ae20,96,1
4015ae80,FUN_4015ae80,56,1
4015aeb8,FUN_4015aeb8,84,1
4015af10,FUN_4015af10,70,1
4015af58,FUN_4015af58,36,1
4015af7c,FUN_4015af7c,118,1
4015b008,FUN_4015b008,62,1
4015b048,FUN_4015b048,55,1
4015b080,FUN_4015b080,60,1
4015b0c0,FUN_4015b0c0,43,1
4015b0ec,FUN_4015b0ec,28,1
4015b108,FUN_4015b108,157,1
4015b1ac,FUN_4015b1ac,71,1
4015b1f4,FUN_4015b1f4,132,1
4015b278,FUN_4015b278,130,1
4015b2fc,FUN_4015b2fc,406,1
4015b494,FUN_4015b494,86,1
4015b4ec,FUN_4015b4ec,23,1
4015b504,FUN_4015b504,25,1
4015b520,FUN_4015b520,594,1
4015b774,FUN_4015b774,19,1
4015b788,FUN_4015b788,66,1
4015b7cc,FUN_4015b7cc,44,1
4015b7fc,FUN_4015b7fc,24,1
4015b814,FUN_4015b814,26,1
4015b830,FUN_4015b830,23,1
4015b848,FUN_4015b848,65,1
4015b88c,FUN_4015b88c,26,1
4015b8a8,FUN_4015b8a8,12,1
4015b8b4,FUN_4015b8b4,88,1
4015b910,FUN_4015b910,33,1
4015b934,FUN_4015b934,40,1
4015b95c,FUN_4015b95c,91,1
4015b9b8,FUN_4015b9b8,27,1
4015b9d4,FUN_4015b9d4,36,1
4015b9f8,FUN_4015b9f8,17,1
4015ba0c,FUN_4015ba0c,34,1
4015ba30,FUN_4015ba30,583,1
4015bc78,FUN_4015bc78,1220,1
4015c140,FUN_4015c140,10,1
4015c30c,FUN_4015c30c,61,1
4015c35d,FUN_4015c35d,11,1
4015c370,FUN_4015c370,23,1
4015c388,FUN_4015c388,186,1
4015c448,FUN_4015c448,188,1
4015c508,FUN_4015c508,49,1
4015c53c,FUN_4015c53c,43,1
4015c568,FUN_4015c568,66,1
4015c5ac,FUN_4015c5ac,46,1
4015c5dc,FUN_4015c5dc,419,1
4015c78c,FUN_4015c78c,103,1
4015c7f4,FUN_4015c7f4,1107,1
4015cc48,FUN_4015cc48,29,1
4015cc68,FUN_4015cc68,110,1
4015ccd8,FUN_4015ccd8,333,1
4015ce2c,FUN_4015ce2c,138,1
4015ceb8,FUN_4015ceb8,156,1
4015cf54,FUN_4015cf54,6,1
4015cfcc,FUN_4015cfcc,4,1
4015cfe0,FUN_4015cfe0,6,1
4015d02e,FUN_4015d02e,26,1
4015d048,FUN_4015d048,5,1
4015d4fb,FUN_4015d4fb,28,1
4015d57c,FUN_4015d57c,8,1
4015d8fe,FUN_4015d8fe,25,1
4015d950,FUN_4015d950,8,1
4015db64,FUN_4015db64,52,1
4015dc4c,FUN_4015dc4c,8,1
4015dc54,FUN_4015dc54,12,1
4015dc60,FUN_4015dc60,8,1
4015dc68,FUN_4015dc68,12,1
4015dc74,FUN_4015dc74,8,1
4015dc7c,FUN_4015dc7c,202,1
4015dd48,FUN_4015dd48,983,1
4015e12c,FUN_4015e12c,104,1
4015e198,FUN_4015e198,116,1
4015e20c,FUN_4015e20c,139,1
4015e2f8,FUN_4015e2f8,25,1
4015e348,FUN_4015e348,32,1
4015e368,FUN_4015e368,6,1
4015e370,FUN_4015e370,24,1
4015e388,FUN_4015e388,305,1
4015e4bc,FUN_4015e4bc,18,1
4015e4d0,FUN_4015e4d0,16,1
4015e4e4,FUN_4015e4e4,75,1
4015e68c,FUN_4015e68c,69,1
4015e7fc,FUN_4015e7fc,264,1
4015e908,FUN_4015e908,247,1
4015ea00,FUN_4015ea00,48,1
4015ea30,FUN_4015ea30,99,1
4015ea94,FUN_4015ea94,12,1
4015eaa0,FUN_4015eaa0,24,1
4015eab8,FUN_4015eab8,16,1
4015ead0,FUN_4015ead0,181,1
4015eb88,FUN_4015eb88,53,1
4015ec24,FUN_4015ec24,53,1
4015ec64,FUN_4015ec64,21,1
4015ec7c,FUN_4015ec7c,166,1
4015ed24,FUN_4015ed24,8,1
4015ed40,FUN_4015ed40,12,1
4015ed4c,FUN_4015ed4c,8,1
4015ed54,FUN_4015ed54,55,1
4015ed90,FUN_4015ed90,16,1
4015eda4,FUN_4015eda4,95,1
4015ee88,FUN_4015ee88,159,1
4015ef30,FUN_4015ef30,88,1
4015ef90,FUN_4015ef90,74,1
4015efe0,FUN_4015efe0,72,1
4015f02c,FUN_4015f02c,85,1
4015f08c,FUN_4015f08c,102,1
4015f144,FUN_4015f144,32,1
4015f164,FUN_4015f164,77,1
4015f1b4,FUN_4015f1b4,41,1
4015f1e0,FUN_4015f1e0,49,1
4015f214,FUN_4015f214,182,1
4015f328,FUN_4015f328,16,1
4015f33c,FUN_4015f33c,581,1
4015f5f8,FUN_4015f5f8,36,1
4015f61c,FUN_4015f61c,58,1
4015f658,FUN_4015f658,50,1
4015f690,FUN_4015f690,28,1
4015f6ac,FUN_4015f6ac,41,1
4015f6d8,FUN_4015f6d8,32,1
4015f6f8,FUN_4015f6f8,132,1
4015f780,FUN_4015f780,29,1
4015f7a0,FUN_4015f7a0,150,1
4015f83c,FUN_4015f83c,37,1
4015f864,FUN_4015f864,44,1
4015f890,FUN_4015f890,44,1
4015f8bc,FUN_4015f8bc,160,1
4015f95c,FUN_4015f95c,5,1
4015f97c,FUN_4015f97c,6,1
4015f984,FUN_4015f984,20,1
4015f99c,FUN_4015f99c,12,1
4015f9a8,FUN_4015f9a8,6,1
4015f9c4,FUN_4015f9c4,8,1
4015f9cc,FUN_4015f9cc,12,1
4015f9d8,FUN_4015f9d8,5,1
4015f9e0,FUN_4015f9e0,8,1
4015f9e8,FUN_4015f9e8,5,1
4015f9f0,FUN_4015f9f0,36,1
4015fa14,FUN_4015fa14,6,1
4015fa1c,FUN_4015fa1c,36,1
4015fa40,FUN_4015fa40,6,1
4015fa48,FUN_4015fa48,35,1
4015fa6c,FUN_4015fa6c,52,1
4015faa4,FUN_4015faa4,12,1
4015fab0,FUN_4015fab0,6,1
4015fac4,FUN_4015fac4,6,1
4015fadc,FUN_4015fadc,8,1
4015fae4,FUN_4015fae4,26,1
4015fb00,FUN_4015fb00,21,1
4015fb18,FUN_4015fb18,12,1
4015fb24,FUN_4015fb24,6,1
4015fb3c,FUN_4015fb3c,2,1
4015fb44,FUN_4015fb44,12,1
4015fb50,FUN_4015fb50,5,1
4015fb58,FUN_4015fb58,36,1
4015fb80,FUN_4015fb80,68,1
4015fbc4,FUN_4015fbc4,6,1
4015fbcc,FUN_4015fbcc,33,1
4015fbf0,FUN_4015fbf0,63,1
4015fc4c,FUN_4015fc4c,50,1
4015fc88,FUN_4015fc88,3,1
4015fc90,FUN_4015fc90,28,1
4015fcd8,FUN_4015fcd8,5,1
4015fce0,FUN_4015fce0,24,1
4015fcf8,FUN_4015fcf8,22,1
4015fd10,FUN_4015fd10,24,1
4015fd28,FUN_4015fd28,181,1
4015fde0,FUN_4015fde0,129,1
4015fe61,FUN_4015fe61,16,1
40160034,FUN_40160034,34,1
40160058,FUN_40160058,6,1
40160060,FUN_40160060,6,1
40160066,FUN_40160066,146,1
401600f8,FUN_401600f8,18,1
4016010c,FUN_4016010c,17,1
40160170,FUN_40160170,31,1
40160190,FUN_40160190,370,1
40160304,FUN_40160304,413,1
401604b4,FUN_401604b4,208,1
40160588,FUN_40160588,253,1
40160778,FUN_40160778,362,1
40160994,FUN_40160994,20,1
401609a8,FUN_401609a8,15,1
401609b8,FUN_401609b8,24,1
401609d0,FUN_401609d0,17,1
40160a6c,FUN_40160a6c,126,1
40160b70,FUN_40160b70,157,1
40160c10,FUN_40160c10,91,1
40160c6c,FUN_40160c6c,111,1
40160ce4,FUN_40160ce4,117,1
40160d5c,FUN_40160d5c,411,1
40160f18,FUN_40160f18,65,1
40160f5c,FUN_40160f5c,78,1
40160fac,FUN_40160fac,45,1
40160fdc,FUN_40160fdc,99,1
40161040,FUN_40161040,886,1
401613bc,FUN_401613bc,133,1
40161554,FUN_40161554,95,1
4016167c,FUN_4016167c,224,1
40161764,FUN_40161764,59,1
401617a0,FUN_401617a0,458,1
40161978,FUN_40161978,95,1
401619dc,FUN_401619dc,65,1
40161a20,FUN_40161a20,37,1
40161a48,FUN_40161a48,191,1
40161b0c,FUN_40161b0c,54,1
40161b44,FUN_40161b44,479,1
40161d24,FUN_40161d24,45,1
40161d54,FUN_40161d54,155,1
40161df0,FUN_40161df0,54,1
40161e28,FUN_40161e28,12,1
40161e34,FUN_40161e34,16,1
40161fec,FUN_40161fec,156,1
4016208c,FUN_4016208c,257,1
40162190,FUN_40162190,434,1
40162344,FUN_40162344,112,1
401623b4,FUN_401623b4,49,1
401623e8,FUN_401623e8,51,1
4016241c,FUN_4016241c,44,1
40162448,FUN_40162448,7,1
40162450,FUN_40162450,19,1
40162464,FUN_40162464,16,1
40162474,FUN_40162474,16,1
40162484,FUN_40162484,48,1
401624b4,FUN_401624b4,16,1
401624c4,FUN_401624c4,358,1
4016262c,FUN_4016262c,16,1
40162640,FUN_40162640,19,1
40162654,FUN_40162654,42,1
40162688,FUN_40162688,82,1
401626ec,FUN_401626ec,24,1
40162704,FUN_40162704,19,1
40162718,FUN_40162718,58,1
40162754,FUN_40162754,160,1
4016283c,FUN_4016283c,167,1
401628e4,FUN_401628e4,143,1
40162974,FUN_40162974,162,1
40162a18,FUN_40162a18,16,1
40162a2c,FUN_40162a2c,37,1
40162a7c,FUN_40162a7c,55,1
40162ab4,FUN_40162ab4,4418,1
40163bf8,FUN_40163bf8,96,1
40163c6c,FUN_40163c6c,24,1
40163c84,FUN_40163c84,265,1
40163d90,FUN_40163d90,2140,1
401645ec,FUN_401645ec,16,1
40164600,FUN_40164600,38,1
4016464c,FUN_4016464c,114,1
401646c0,FUN_401646c0,68,1
40164704,FUN_40164704,96,1
40164778,FUN_40164778,24,1
40164790,FUN_40164790,349,1
401648f0,FUN_401648f0,3761,1
401657a4,FUN_401657a4,16,1
401657b8,FUN_401657b8,53,1
40165818,FUN_40165818,216,1
401658f4,FUN_401658f4,76,1
40165940,FUN_40165940,128,1
401659d4,FUN_401659d4,24,1
401659ec,FUN_401659ec,644,1
40165c70,FUN_40165c70,17,1
40165c84,FUN_40165c84,20,1
40165c98,FUN_40165c98,16,1
40165ca8,FUN_40165ca8,14,1
40165cb8,FUN_40165cb8,14,1
40165cc8,FUN_40165cc8,18,1
40165cdc,FUN_40165cdc,40,1
40165d04,FUN_40165d04,40,1
40165d2c,FUN_40165d2c,105,1
40165d98,FUN_40165d98,48,1
40165dcc,FUN_40165dcc,21,1
40165de4,FUN_40165de4,40,1
40165e0c,FUN_40165e0c,73,1
40165efc,FUN_40165efc,47,1
40165f2c,FUN_40165f2c,19,1
40165f60,FUN_40165f60,126,1
40165fe0,FUN_40165fe0,17,1
4016602c,FUN_4016602c,292,1
40166154,FUN_40166154,29,1
40166174,FUN_40166174,317,1
401662b8,FUN_401662b8,271,1
40166644,FUN_40166644,54,1
4016667c,FUN_4016667c,22,1
40166694,FUN_40166694,44,1
401666c0,FUN_401666c0,42,1
401666ec,FUN_401666ec,102,1
40166754,FUN_40166754,42,1
40166780,FUN_40166780,80,1
401667d4,FUN_401667d4,624,1
40166a4c,FUN_40166a4c,31,1
40166a6c,FUN_40166a6c,462,1
40166c3c,FUN_40166c3c,392,1
40166dc8,FUN_40166dc8,105,1
40166ea4,FUN_40166ea4,37,1
40166ecc,FUN_40166ecc,138,1
40166f5c,FUN_40166f5c,25,1
40166f78,FUN_40166f78,10,1
40166f84,FUN_40166f84,12,1
40166f90,FUN_40166f90,52,1
40166fc4,FUN_40166fc4,18,1
40166fd8,FUN_40166fd8,82,1
4016702c,FUN_4016702c,40,1
40167058,FUN_40167058,53,1
401670b0,FUN_401670b0,53,1
401670e8,FUN_401670e8,53,1
40167120,FUN_40167120,53,1
40167158,FUN_40167158,53,1
40167190,FUN_40167190,37,1
401671b8,FUN_401671b8,53,1
401671f0,FUN_401671f0,57,1
40167250,FUN_40167250,8,1
401674d0,FUN_401674d0,82,1
401677fc,FUN_401677fc,456,1
40167a58,FUN_40167a58,107,1
40167ac4,FUN_40167ac4,92,1
40167b20,FUN_40167b20,16,1
40167b30,FUN_40167b30,14,1
40167b40,FUN_40167b40,17,1
40167b54,FUN_40167b54,68,1
40167b98,FUN_40167b98,52,1
40167bcc,FUN_40167bcc,81,1
40167d90,FUN_40167d90,181,1
40167e48,FUN_40167e48,113,1
40167f00,FUN_40167f00,129,1
401680f0,FUN_401680f0,55,1
40168128,FUN_40168128,70,1
40168170,FUN_40168170,51,1
401681a4,FUN_401681a4,16,1
401681b8,FUN_401681b8,240,1
401682b0,FUN_401682b0,82,1
40168b94,FUN_40168b94,44,1
40168bc4,FUN_40168bc4,213,1
40168ca0,FUN_40168ca0,43,1
40168ccc,FUN_40168ccc,19,1
40168ce0,FUN_40168ce0,1475,1
401692dc,FUN_401692dc,37,1
40169304,FUN_40169304,64,1
40169390,FUN_40169390,21,1
401693a8,FUN_401693a8,26,1
401693c4,FUN_401693c4,487,1
4016985c,FUN_4016985c,59,1
401699b4,FUN_401699b4,5,1
401699bc,FUN_401699bc,16,1
401699e4,FUN_401699e4,5,1
401699ec,FUN_401699ec,8,1
401699f4,FUN_401699f4,5,1
401699fc,FUN_401699fc,9,1
40169a08,FUN_40169a08,3,1
40169a0c,FUN_40169a0c,8,1
40169a14,FUN_40169a14,8,1
40169a1c,FUN_40169a1c,9,1
40169a28,FUN_40169a28,8,1
40169a30,FUN_40169a30,17,1
40169a48,FUN_40169a48,59,1
40169a8c,FUN_40169a8c,19,1
40169aa4,FUN_40169aa4,39,1
40169ae0,FUN_40169ae0,158,1
40169b9c,FUN_40169b9c,225,1
40169c90,FUN_40169c90,160,1
40169d34,FUN_40169d34,52,1
40169ee8,FUN_40169ee8,953,1
4016a2e0,FUN_4016a2e0,7,1
4016a2e8,FUN_4016a2e8,119,1
4016a364,FUN_4016a364,119,1
4016a3e0,FUN_4016a3e0,53,1
4016a418,FUN_4016a418,8,1
4016a420,FUN_4016a420,22,1
4016a438,FUN_4016a438,24,1
4016a450,FUN_4016a450,8,1
4016a458,FUN_4016a458,36,1
4016a47c,FUN_4016a47c,8,1
4016a484,FUN_4016a484,30,1
4016a4a4,FUN_4016a4a4,54,1
4016a4dc,FUN_4016a4dc,37,1
4016a540,FUN_4016a540,2,1
4016a548,FUN_4016a548,31,1
4016a56c,FUN_4016a56c,60,1
4016a5c0,FUN_4016a5c0,56,1
4016a5f8,FUN_4016a5f8,32,1
4016a634,FUN_4016a634,176,1
4016a6fc,FUN_4016a6fc,240,1
4016a92c,FUN_4016a92c,5,1
4016a934,FUN_4016a934,13,1
4016a944,FUN_4016a944,13,1
4016a958,FUN_4016a958,276,1
4016aa70,FUN_4016aa70,10,1
4016aa80,FUN_4016aa80,11,1
4016aa98,FUN_4016aa98,67,1
4016aae0,FUN_4016aae0,33,1
4016ab04,FUN_4016ab04,33,1
4016aba0,FUN_4016aba0,41,1
4016ad3c,FUN_4016ad3c,32,1
4016ae6c,FUN_4016ae6c,190,1
4016af78,FUN_4016af78,34,1
4016b160,FUN_4016b160,1,1
4016b1a8,FUN_4016b1a8,4,1
4016b2bc,FUN_4016b2bc,6,1
4016b2c4,FUN_4016b2c4,55,1
4016b2fc,FUN_4016b2fc,36,1
4016b320,FUN_4016b320,2,1
4016b380,FUN_4016b380,78,1
4016b3d0,FUN_4016b3d0,45,1
4016b418,FUN_4016b418,33,1
4016b444,FUN_4016b444,55,1
4016b47c,FUN_4016b47c,174,1
4016b52c,FUN_4016b52c,69,1
4016b578,FUN_4016b578,35,1
4016b5a4,FUN_4016b5a4,131,1
4016b6dc,FUN_4016b6dc,37,1
4016b708,FUN_4016b708,40,1
4016b734,FUN_4016b734,86,1
4016b7dc,FUN_4016b7dc,52,1
4016b810,FUN_4016b810,30,1
4016b834,FUN_4016b834,38,1
4016b860,FUN_4016b860,44,1
4016b898,FUN_4016b898,186,1
4016b958,FUN_4016b958,12,1
4016b964,FUN_4016b964,3,1
4016ba24,FUN_4016ba24,100,1
4016ba90,FUN_4016ba90,140,1
4016bb50,FUN_4016bb50,106,1
4016bbcc,FUN_4016bbcc,280,1
4016bd10,FUN_4016bd10,107,1
4016bd88,FUN_4016bd88,129,1
4016be24,FUN_4016be24,211,1
4016bf78,FUN_4016bf78,210,1
4016c13c,FUN_4016c13c,3,1
4016c144,FUN_4016c144,168,1
4016c1f0,FUN_4016c1f0,46,1
4016c224,FUN_4016c224,56,1
4016c330,FUN_4016c330,13,1
4016c340,FUN_4016c340,12,1
4016c34c,FUN_4016c34c,2,1
4016ca98,FUN_4016ca98,8,1
4016caa0,FUN_4016caa0,5,1
4016caa8,FUN_4016caa8,30,1
4016e168,FUN_4016e168,30,1
4016e190,FUN_4016e190,59,1
4016e1d4,FUN_4016e1d4,391,1
4016e360,thunk_FUN_4016c144,3,1
4016e368,FUN_4016e368,13,1
4016e378,FUN_4016e378,14,1
4016e388,FUN_4016e388,36,1
4016e3b4,FUN_4016e3b4,182,1
4016e5b0,FUN_4016e5b0,76,1
4016e744,FUN_4016e744,86,1
4016ea3c,FUN_4016ea3c,376,1
4016ebbc,FUN_4016ebbc,47,1
4016ebf4,FUN_4016ebf4,187,1
4016ecb8,FUN_4016ecb8,3,1
4016ed04,FUN_4016ed04,99,1
4016ed74,FUN_4016ed74,408,1
4016ef1c,FUN_4016ef1c,52,1
4016ef54,FUN_4016ef54,7,1
4016ef5c,FUN_4016ef5c,68,1
4016efa0,FUN_4016efa0,88,1
4016f244,FUN_4016f244,253,1
4016f354,FUN_4016f354,69,1
4016f3a0,FUN_4016f3a0,114,1
4016f418,FUN_4016f418,108,1
4016f488,FUN_4016f488,50,1
4016f4c4,FUN_4016f4c4,97,1
4016f538,FUN_4016f538,144,1
4016f624,FUN_4016f624,163,1
4016f6e4,FUN_4016f6e4,549,1
4016fa34,FUN_4016fa34,49,1
4016fa8c,FUN_4016fa8c,377,1
4016fc2c,FUN_4016fc2c,77,1
4016fcec,FUN_4016fcec,132,1
4016fd80,FUN_4016fd80,57,1
4016fdbc,FUN_4016fdbc,52,1
4016fdf8,FUN_4016fdf8,44,1
4016ff3c,FUN_4016ff3c,57,1
4016ff80,FUN_4016ff80,79,1
4016ffd4,FUN_4016ffd4,105,1
40170044,FUN_40170044,93,1
4017014c,FUN_4017014c,52,1
40170180,FUN_40170180,70,1
401701d4,FUN_401701d4,110,1
40170268,FUN_40170268,148,1
40170304,FUN_40170304,112,1
4017038c,FUN_4017038c,68,1
4017054c,FUN_4017054c,18,1
40170748,FUN_40170748,209,1
40170824,FUN_40170824,29,1
40170898,FUN_40170898,58,1
40170ec4,FUN_40170ec4,260,1
40170fd0,FUN_40170fd0,17,1
40170ff8,FUN_40170ff8,37,1
40171028,FUN_40171028,179,1
40171170,FUN_40171170,1226,1
401716a4,FUN_401716a4,573,1
401718ec,FUN_401718ec,39,1
40171918,FUN_40171918,134,1
401719a4,FUN_401719a4,203,1
40171a78,FUN_40171a78,16,1
40171aa8,FUN_40171aa8,209,1
40171eec,FUN_40171eec,31,1
40171f0c,FUN_40171f0c,60,1
40171f4c,FUN_40171f4c,124,1
40171fc8,FUN_40171fc8,431,1
401722ec,FUN_401722ec,149,1
4017238c,FUN_4017238c,77,1
40172914,FUN_40172914,1,1
4017291c,FUN_4017291c,34,1
40172948,FUN_40172948,18,1
40172968,FUN_40172968,21,1
40172994,FUN_40172994,80,1
401729f4,FUN_401729f4,252,1
40172af8,FUN_40172af8,36,1
40172b20,FUN_40172b20,18,1
40172b50,FUN_40172b50,234,1
40172c48,FUN_40172c48,8,1
40172c50,FUN_40172c50,342,1
40172f58,FUN_40172f58,41,1
40172f88,FUN_40172f88,12,1
40173094,FUN_40173094,32,1
401730b4,FUN_401730b4,2,1
40173170,FUN_40173170,3,1
40173178,FUN_40173178,9,1
40173184,FUN_40173184,104,1
401732e0,FUN_401732e0,1,1
4017332c,FUN_4017332c,77,1
40173388,FUN_40173388,1,1
401737dc,FUN_401737dc,6,1
401737e4,FUN_401737e4,32,1
40173804,FUN_40173804,4,1
40173930,FUN_40173930,4,1
40173994,FUN_40173994,183,1
40173a58,FUN_40173a58,5,1
40173a60,FUN_40173a60,23,1
40173af4,FUN_40173af4,37,1
40173b44,FUN_40173b44,15,1
40173b64,FUN_40173b64,349,1
401744b4,FUN_401744b4,10,1
401744c0,FUN_401744c0,58,1
40174518,FUN_40174518,59,1
40174574,FUN_40174574,69,1
401745de,FUN_401745de,10,1
40174649,FUN_40174649,18,1
40174661,FUN_40174661,27,1
40174684,FUN_40174684,97,1
401746ec,FUN_401746ec,78,1
40174878,FUN_40174878,24,1
401748b8,FUN_401748b8,26,1
401748d4,FUN_401748d4,16,1
4017490c,FUN_4017490c,16,1
40174950,FUN_40174950,84,1
401749a4,FUN_401749a4,72,1
401749f0,FUN_401749f0,29,1
40174a10,FUN_40174a10,28,1
40174a7c,FUN_40174a7c,53,1
40174ab4,FUN_40174ab4,8,1
40174c24,FUN_40174c24,117,1
40174c95,FUN_40174c95,13,1
40174ca2,FUN_40174ca2,58,1
40174d08,FUN_40174d08,104,1
40174d70,FUN_40174d70,73,1
40174e34,FUN_40174e34,16,1
40174e4c,FUN_40174e4c,49,1
40174e88,FUN_40174e88,18,1
40174e9c,FUN_40174e9c,51,1
40174ed0,FUN_40174ed0,87,1
40174f2c,FUN_40174f2c,36,1
40174f54,FUN_40174f54,128,1
40174fe0,FUN_40174fe0,86,1
4017507c,FUN_4017507c,48,1
40175084,FUN_40175084,113,1
40175114,FUN_40175114,24,1
401751f8,FUN_401751f8,48,1
40175228,FUN_40175228,41,1
40175294,FUN_40175294,226,1
401753c4,FUN_401753c4,5,1
401753cc,FUN_401753cc,178,1
40175504,FUN_40175504,179,1
401755ec,FUN_401755ec,46,1
4017561c,FUN_4017561c,38,1
40175644,FUN_40175644,44,1
40175674,FUN_40175674,23,1
40175694,FUN_40175694,23,1
401756bc,FUN_401756bc,17,1
40175740,FUN_40175740,52,1
40175774,FUN_40175774,48,1
401757ac,FUN_401757ac,23,1
401757c4,FUN_401757c4,38,1
401757fc,FUN_401757fc,152,1
4017589c,FUN_4017589c,283,1
401759c4,FUN_401759c4,135,1
40175a6c,FUN_40175a6c,857,1
40175e08,FUN_40175e08,629,1
40176090,FUN_40176090,480,1
4017630c,FUN_4017630c,129,1
40176394,FUN_40176394,129,1
40176434,FUN_40176434,175,1
401764fc,FUN_401764fc,446,1
401766c8,FUN_401766c8,25,1
401766e4,FUN_401766e4,25,1
40176708,FUN_40176708,155,1
401767a8,FUN_401767a8,88,1
40176800,FUN_40176800,8,1
40176808,FUN_40176808,362,1
401769a0,FUN_401769a0,218,1
40176e24,FUN_40176e24,34,1
40177094,FUN_40177094,281,1
401772dc,FUN_401772dc,556,1
40177518,FUN_40177518,180,1
401775e0,FUN_401775e0,213,1
401779b8,FUN_401779b8,101,1
40177abc,FUN_40177abc,38,1
40177ae4,FUN_40177ae4,10,1
40177af0,FUN_40177af0,88,1
40177b68,FUN_40177b68,89,1
40177bdc,FUN_40177bdc,110,1
40177ce0,FUN_40177ce0,135,1
40177d70,FUN_40177d70,16,1
40177dcc,FUN_40177dcc,51,1
40177e00,FUN_40177e00,126,1
40177e80,FUN_40177e80,64,1
40177ec4,FUN_40177ec4,79,1
40177f14,FUN_40177f14,93,1
40177f74,FUN_40177f74,49,1
40177fac,FUN_40177fac,108,1
40178018,FUN_40178018,246,1
40178114,FUN_40178114,98,1
40178178,FUN_40178178,55,1
401781b0,FUN_401781b0,50,1
401781e8,FUN_401781e8,35,1
40178210,FUN_40178210,58,1
4017825c,FUN_4017825c,35,1
40178348,FUN_40178348,40,1
40178378,FUN_40178378,50,1
401783b8,thunk_FUN_401783c0,3,1
401783c0,FUN_401783c0,4,1
401783c4,FUN_401783c4,54,1
401783fc,FUN_401783fc,36,1
40178424,FUN_40178424,75,1
40178558,FUN_40178558,18,1
40178584,FUN_40178584,97,1
401785e8,FUN_401785e8,38,1
40178610,FUN_40178610,24,1
40178628,FUN_40178628,28,1
40178644,FUN_40178644,11,1
40178650,FUN_40178650,30,1
40178670,FUN_40178670,47,1
401786a0,FUN_401786a0,16,1
401786b0,FUN_401786b0,27,1
401786cc,FUN_401786cc,13,1
401786dc,FUN_401786dc,14,1
401788c4,FUN_401788c4,105,1
40178940,FUN_40178940,145,1
401789d4,FUN_401789d4,36,1
40178a04,FUN_40178a04,149,1
40178b08,FUN_40178b08,55,1
40178b80,FUN_40178b80,21,1
40178b98,FUN_40178b98,19,1
40178bac,FUN_40178bac,17,1
40178bc0,FUN_40178bc0,15,1
40178bd0,FUN_40178bd0,84,1
40178c38,FUN_40178c38,45,1
40178e44,FUN_40178e44,282,1
4017904c,FUN_4017904c,21,1
40179064,FUN_40179064,12,1
40179078,FUN_40179078,26,1
40179444,FUN_40179444,53,1
40179498,FUN_40179498,724,1
401797b0,FUN_401797b0,42,1
401797e4,FUN_401797e4,16,1
40179ea4,FUN_40179ea4,148,1
4017a010,FUN_4017a010,39,1
4017a4d8,FUN_4017a4d8,999,1
4017a56a,FUN_4017a56a,4,1
4017a938,FUN_4017a938,13,1
4017a948,FUN_4017a948,13,1
4017a958,FUN_4017a958,13,1
4017a968,FUN_4017a968,34,1
4017aa20,FUN_4017aa20,65,1
4017b674,FUN_4017b674,303,1
4017b7e0,FUN_4017b7e0,12,1
4017b840,FUN_4017b840,135,1
4017b97c,FUN_4017b97c,285,1
4017bacc,FUN_4017bacc,69,1
4017bb14,FUN_4017bb14,156,1
4017bdf0,FUN_4017bdf0,38,1
4017be18,FUN_4017be18,82,1
4017be94,FUN_4017be94,1171,1
4017c3f0,FUN_4017c3f0,15,1
4017c408,FUN_4017c408,79,1
4017c4b0,FUN_4017c4b0,47,1
4017c52c,FUN_4017c52c,119,1
4017c5a8,FUN_4017c5a8,33,1
4017c83c,FUN_4017c83c,37,1
4017c864,FUN_4017c864,443,1
4017ca50,FUN_4017ca50,50,1
4017d260,FUN_4017d260,15,1
4017d270,FUN_4017d270,41,1
4017d29c,FUN_4017d29c,30,1
4017d2bc,FUN_4017d2bc,15,1
4017d2cc,FUN_4017d2cc,12,1
4017d2d8,FUN_4017d2d8,16,1
4017d2e8,FUN_4017d2e8,16,1
4017d2f8,FUN_4017d2f8,14,1
4017d308,FUN_4017d308,11,1
4017d314,FUN_4017d314,22,1
4017d32c,FUN_4017d32c,21,1
4017d344,FUN_4017d344,15,1
4017d354,FUN_4017d354,13,1
4017d364,FUN_4017d364,13,1
4017d374,FUN_4017d374,14,1
4017d384,FUN_4017d384,22,1
4017d39c,FUN_4017d39c,43,1
4017d3cc,FUN_4017d3cc,41,1
4017d3f8,FUN_4017d3f8,30,1
4017d418,FUN_4017d418,24,1
4017d430,FUN_4017d430,14,1
4017d440,FUN_4017d440,14,1
4017d450,FUN_4017d450,60,1
4017d48c,FUN_4017d48c,41,1
4017d4c0,FUN_4017d4c0,56,1
4017d500,FUN_4017d500,24,1
4017d518,FUN_4017d518,44,1
4017d54c,FUN_4017d54c,83,1
4017d5c8,FUN_4017d5c8,30,1
4017d5e8,FUN_4017d5e8,27,1
4017d610,FUN_4017d610,34,1
4017d634,FUN_4017d634,34,1
4017d658,FUN_4017d658,19,1
4017d684,FUN_4017d684,18,1
4017d698,FUN_4017d698,78,1
4017d6e8,FUN_4017d6e8,35,1
4017d70c,FUN_4017d70c,25,1
4017d72c,FUN_4017d72c,27,1
4017d7b8,FUN_4017d7b8,6,1
4017d870,FUN_4017d870,4,1
4017d874,FUN_4017d874,20,1
4017d888,FUN_4017d888,27,1
4017d8a4,FUN_4017d8a4,17,1
4017d8b8,FUN_4017d8b8,16,1
4017d8ec,FUN_4017d8ec,98,1
4017da00,FUN_4017da00,193,1
4017db2c,FUN_4017db2c,95,1
4017db8c,FUN_4017db8c,71,1
4017dbd8,FUN_4017dbd8,82,1
4017dc2c,FUN_4017dc2c,22,1
4017dc48,FUN_4017dc48,82,1
4017dc9c,FUN_4017dc9c,14,1
4017dcdc,FUN_4017dcdc,101,1
4017dd44,FUN_4017dd44,19,1
4017dd5c,FUN_4017dd5c,34,1
4017dd80,FUN_4017dd80,14,1
4017dd90,FUN_4017dd90,16,1
4017dda0,FUN_4017dda0,7,1
4017dda8,FUN_4017dda8,14,1
4017ddc8,FUN_4017ddc8,1,1
4017ddfc,FUN_4017ddfc,2,1
4017de2c,FUN_4017de2c,2,1
4017de5c,FUN_4017de5c,3,1
4017debc,FUN_4017debc,1,1
4017deec,FUN_4017deec,2,1
4017df20,FUN_4017df20,3,1
4017dfd0,FUN_4017dfd0,1,1
4017e00c,FUN_4017e00c,21,1
4017e040,FUN_4017e040,2,1
4017e074,FUN_4017e074,1,1
4017e144,FUN_4017e144,7,1
4017e1ec,FUN_4017e1ec,143,1
4017e288,FUN_4017e288,6,1
4017e290,FUN_4017e290,14,1
4017e2a8,FUN_4017e2a8,47,1
4017e2ec,FUN_4017e2ec,77,1
4017e33c,FUN_4017e33c,38,1
4017e364,FUN_4017e364,28,1
4017e380,FUN_4017e380,26,1
4017e3b0,FUN_4017e3b0,31,1
4017e3d0,FUN_4017e3d0,64,1
4017e410,FUN_4017e410,53,1
4017e448,FUN_4017e448,13,1
4017e458,FUN_4017e458,13,1
4017e470,FUN_4017e470,92,1
4017e4d0,FUN_4017e4d0,34,1
4017e508,FUN_4017e508,142,1
4017e5f8,FUN_4017e5f8,210,1
4017e6dc,FUN_4017e6dc,43,1
4017e7b0,FUN_4017e7b0,62,1
4017e7f4,FUN_4017e7f4,44,1
4017e834,FUN_4017e834,5,1
4017e83c,FUN_4017e83c,31,1
4017e85c,FUN_4017e85c,88,1
4017e8b8,FUN_4017e8b8,58,1
4017e8f8,FUN_4017e8f8,47,1
4017eb30,FUN_4017eb30,3,1
4017eb38,FUN_4017eb38,13,1
4017eb48,FUN_4017eb48,13,1
4017eb58,FUN_4017eb58,15,1
4017eb68,FUN_4017eb68,13,1
4017eb78,FUN_4017eb78,12,1
4017eb84,FUN_4017eb84,2,1
4017eb8c,FUN_4017eb8c,85,1
4017f018,FUN_4017f018,78,1
4017f080,FUN_4017f080,93,1
4017f0f0,FUN_4017f0f0,3,1
4017f140,FUN_4017f140,5,1
4017f148,FUN_4017f148,13,1
4017f158,FUN_4017f158,13,1
4017f168,FUN_4017f168,14,1
4017f178,FUN_4017f178,71,1
4017f1d0,FUN_4017f1d0,19,1
4017f2cc,FUN_4017f2cc,33,1
4017f358,FUN_4017f358,41,1
4017f43c,FUN_4017f43c,16,1
4017f654,FUN_4017f654,55,1
4017f694,FUN_4017f694,135,1
4017f724,FUN_4017f724,18,1
4017fb24,FUN_4017fb24,44,1
4017ff74,FUN_4017ff74,162,1
4017fff0,FUN_4017fff0,4,1
40180000,FUN_40180000,20,1
40180014,FUN_40180014,20,1
40180054,FUN_40180054,418,1
401800d4,FUN_401800d4,3,1
40180288,FUN_40180288,113,1
401802fc,FUN_401802fc,110,1
4018036c,FUN_4018036c,81,1
401803c0,FUN_401803c0,16,1
401803e0,FUN_401803e0,148,1
401805a8,FUN_401805a8,114,1
40180638,FUN_40180638,192,1
401806fc,FUN_401806fc,47,1
40180734,FUN_40180734,167,1
40180a4c,FUN_40180a4c,63,1
40180d28,FUN_40180d28,246,1
401812d8,FUN_401812d8,149,1
401813ac,FUN_401813ac,7,1
40181504,FUN_40181504,93,1
4018177c,FUN_4018177c,11,1
40181788,FUN_40181788,28,1
401817a4,FUN_401817a4,55,1
401817ec,FUN_401817ec,93,1
40181850,FUN_40181850,109,1
401818d4,FUN_401818d4,109,1
40181a04,FUN_40181a04,24,1
40181b00,FUN_40181b00,36,1
40181b24,FUN_40181b24,8,1
40181b2c,FUN_40181b2c,124,1
40181ba8,FUN_40181ba8,7,1
40181bb0,FUN_40181bb0,148,1
40181c44,FUN_40181c44,80,1
40181e7c,FUN_40181e7c,159,1
40181f60,FUN_40181f60,2,1
40181fd0,FUN_40181fd0,2,1
40182098,FUN_40182098,6,1
401820a0,FUN_401820a0,152,1
40182138,FUN_40182138,7,1
40182140,FUN_40182140,148,1
401821d4,FUN_401821d4,5,1
401821dc,FUN_401821dc,101,1
40182244,FUN_40182244,63,1
401822f8,FUN_401822f8,21,1
40182318,FUN_40182318,21,1
40182338,FUN_40182338,21,1
401823a0,FUN_401823a0,130,1
40182438,FUN_40182438,21,1
40182610,FUN_40182610,20,1
40182624,FUN_40182624,40,1
4018264c,FUN_4018264c,82,1
401826a0,FUN_401826a0,29,1
401826f0,FUN_401826f0,111,1
40182760,FUN_40182760,16,1
40182774,FUN_40182774,15,1
40182784,FUN_40182784,10,1
40182790,FUN_40182790,10,1
4018279c,FUN_4018279c,10,1
401827a8,FUN_401827a8,21,1
401827c0,FUN_401827c0,18,1
401827e0,FUN_401827e0,12,1
401827ec,FUN_401827ec,20,1
40182800,FUN_40182800,20,1
40182814,FUN_40182814,20,1
40182828,FUN_40182828,20,1
4018283c,FUN_4018283c,10,1
40182848,FUN_40182848,10,1
401829dc,FUN_401829dc,10,1
401829e8,FUN_401829e8,11,1
401829f4,FUN_401829f4,20,1
40182a08,FUN_40182a08,25,1
40182a24,FUN_40182a24,8,1
40182a2c,FUN_40182a2c,13,1
40182a3c,FUN_40182a3c,10,1
40182a48,FUN_40182a48,23,1
40182a60,FUN_40182a60,33,1
40182b34,FUN_40182b34,19,1
40182b48,FUN_40182b48,51,1
40182b80,FUN_40182b80,50,1
40182bb4,FUN_40182bb4,44,1
40182be0,FUN_40182be0,27,1
40182bfc,FUN_40182bfc,27,1
40182c18,FUN_40182c18,10,1
40182c24,FUN_40182c24,13,1
40182c34,FUN_40182c34,13,1
40182c44,FUN_40182c44,12,1
40182c50,FUN_40182c50,16,1
40182c60,FUN_40182c60,10,1
40182c6c,FUN_40182c6c,24,1
40182c84,FUN_40182c84,22,1
40182c9c,FUN_40182c9c,11,1
40182ca8,FUN_40182ca8,13,1
40182cb8,FUN_40182cb8,15,1
40182cc8,FUN_40182cc8,10,1
40182cf0,FUN_40182cf0,10,1
40182cfc,FUN_40182cfc,10,1
40182d08,FUN_40182d08,8,1
40182d10,FUN_40182d10,2,1
40182d18,FUN_40182d18,26,1
40182d38,FUN_40182d38,28,1
40182e98,FUN_40182e98,77,1
40182ee8,FUN_40182ee8,61,1
40182f34,FUN_40182f34,151,1
40182fd0,FUN_40182fd0,110,1
4018304c,FUN_4018304c,194,1
40183110,FUN_40183110,7,1
40183118,FUN_40183118,20,1
40183138,FUN_40183138,135,1
401831ec,FUN_401831ec,155,1
40183398,FUN_40183398,482,1
40183600,FUN_40183600,368,1
40183790,FUN_40183790,156,1
40183838,FUN_40183838,8,1
40183840,FUN_40183840,65,1
40183a04,FUN_40183a04,18,1
40183bac,FUN_40183bac,1,1
40183bd4,FUN_40183bd4,171,1
40183be4,FUN_40183be4,1,1
40183c0b,FUN_40183c0b,5,1
40183c10,FUN_40183c10,20,1
40183c28,FUN_40183c28,125,1
40183cac,FUN_40183cac,61,1
40183cf8,FUN_40183cf8,16,1
40183d90,FUN_40183d90,35,1
40183db4,FUN_40183db4,28,1
40183dd4,FUN_40183dd4,31,1
40183df8,FUN_40183df8,29,1
40183e18,FUN_40183e18,45,1
40183e80,FUN_40183e80,49,1
40183eb4,FUN_40183eb4,14,1
40183f2c,FUN_40183f2c,1,1
40183f4c,FUN_40183f4c,12,1
40183f60,FUN_40183f60,94,1
40183fc0,FUN_40183fc0,19,1
40183fd4,FUN_40183fd4,19,1
40183fec,FUN_40183fec,39,1
40184018,FUN_40184018,19,1
4018402c,FUN_4018402c,58,1
40184068,FUN_40184068,92,1
401840cc,FUN_401840cc,15,1
401840dc,FUN_401840dc,56,1
4018411c,FUN_4018411c,11,1
4018412c,FUN_4018412c,11,1
4018413c,FUN_4018413c,57,1
40184178,FUN_40184178,48,1
401841ac,FUN_401841ac,51,1
401841e4,FUN_401841e4,163,1
40184294,FUN_40184294,5,1
4018429c,FUN_4018429c,53,1
401842dc,FUN_401842dc,146,1
40184370,FUN_40184370,51,1
401843a4,FUN_401843a4,105,1
40184418,FUN_40184418,86,1
40184470,FUN_40184470,82,1
401844c8,FUN_401844c8,65,1
4018451c,FUN_4018451c,338,1
40184678,FUN_40184678,98,1
401846e4,FUN_401846e4,45,1
40184714,FUN_40184714,69,1
40184764,FUN_40184764,232,1
4018484c,FUN_4018484c,62,1
4018488c,FUN_4018488c,46,1
401848c0,FUN_401848c0,195,1
40184984,FUN_40184984,168,1
40184a30,FUN_40184a30,86,1
40184a8c,FUN_40184a8c,20,1
40184aa0,FUN_40184aa0,35,1
40184ac4,FUN_40184ac4,8,1
40184acc,FUN_40184acc,44,1
40184afc,FUN_40184afc,312,1
40184c3c,FUN_40184c3c,84,1
40184c90,FUN_40184c90,361,1
40184e04,FUN_40184e04,8,1
40184e0c,FUN_40184e0c,12,1
40184e18,FUN_40184e18,6,1
40184e34,FUN_40184e34,8,1
40184ea0,FUN_40184ea0,21,1
40184eb8,FUN_40184eb8,17,1
40184ecc,FUN_40184ecc,54,1
40184f04,FUN_40184f04,43,1
40184f38,FUN_40184f38,49,1
401850b8,FUN_401850b8,223,1
401852d0,FUN_401852d0,21,1
401853e8,FUN_401853e8,161,1
4018548c,FUN_4018548c,45,1
401854c4,FUN_401854c4,57,1
40185528,FUN_40185528,15,1
4018553c,FUN_4018553c,15,1
40185550,FUN_40185550,15,1
40185564,FUN_40185564,15,1
40185598,FUN_40185598,31,1
401855b8,FUN_401855b8,71,1
40185608,FUN_40185608,74,1
40185658,FUN_40185658,89,1
401856b4,FUN_401856b4,64,1
40185844,FUN_40185844,29,1
4018586c,FUN_4018586c,53,1
401858ac,FUN_401858ac,207,1
4018599c,FUN_4018599c,6,1
401859a4,FUN_401859a4,128,1
40185a2c,FUN_40185a2c,287,1
40185b50,FUN_40185b50,29,1
40185b70,FUN_40185b70,42,1
40185ba0,FUN_40185ba0,26,1
40185bfc,FUN_40185bfc,37,1
40185c34,FUN_40185c34,248,1
40185d74,FUN_40185d74,270,1
40185ed4,FUN_40185ed4,50,1
40185f98,FUN_40185f98,87,1
40185ff0,FUN_40185ff0,2,1
40185ff8,FUN_40185ff8,79,1
4018604c,FUN_4018604c,76,1
4018609c,FUN_4018609c,115,1
40186118,FUN_40186118,212,1
401861ec,FUN_401861ec,2,1
401861f4,FUN_401861f4,84,1
4018624c,FUN_4018624c,47,1
4018627c,FUN_4018627c,163,1
40186324,FUN_40186324,5,1
4018632c,FUN_4018632c,141,1
40186490,FUN_40186490,16,1
40186550,FUN_40186550,1,1
401865e4,FUN_401865e4,3,1
401865ec,FUN_401865ec,20,1
40186600,FUN_40186600,151,1
4018669c,FUN_4018669c,73,1
401866e8,FUN_401866e8,63,1
40186728,FUN_40186728,92,1
40186788,FUN_40186788,104,1
401867f0,FUN_401867f0,8,1
401867f8,FUN_401867f8,122,1
40186874,FUN_40186874,10,1
40186880,FUN_40186880,18,1
40186894,FUN_40186894,14,1
401868ac,FUN_401868ac,8,1
401868bc,FUN_401868bc,15,1
401868cc,FUN_401868cc,15,1
401868dc,FUN_401868dc,15,1
401868ec,FUN_401868ec,15,1
401868fc,FUN_401868fc,15,1
4018690c,FUN_4018690c,3,1
4018691c,FUN_4018691c,15,1
4018692c,FUN_4018692c,18,1
40186958,FUN_40186958,26,1
40186980,FUN_40186980,100,1
401869e4,FUN_401869e4,5,1
401869ec,FUN_401869ec,22,1
40186a04,FUN_40186a04,68,1
40186a48,FUN_40186a48,5,1
40186a50,FUN_40186a50,68,1
40186a94,FUN_40186a94,2,1
40186ab0,FUN_40186ab0,4,1
40186ad4,FUN_40186ad4,27,1
40186b54,FUN_40186b54,3,1
40186b9c,FUN_40186b9c,6,1
40186bb8,FUN_40186bb8,100,1
40186c24,FUN_40186c24,88,1
40186c84,FUN_40186c84,54,1
40186cbc,FUN_40186cbc,55,1
40186d04,FUN_40186d04,40,1
40186d2c,FUN_40186d2c,5,1
40186d34,FUN_40186d34,51,1
40186ee0,FUN_40186ee0,130,1
40186f90,thunk_FUN_40186fd6,6,1
40186fd6,FUN_40186fd6,102,1
4018703c,FUN_4018703c,120,1
401870b8,FUN_401870b8,107,1
40187124,FUN_40187124,2,1
401871a0,FUN_401871a0,224,1
40187318,FUN_40187318,126,1
401873a0,FUN_401873a0,20,1
401873b4,FUN_401873b4,8,1
401873c8,FUN_401873c8,8,1
401873e4,FUN_401873e4,12,1
401873fc,FUN_401873fc,8,1
4018742c,FUN_4018742c,2,1
40187480,FUN_40187480,5,1
401874d0,FUN_401874d0,1,1
401874d1,FUN_401874d1,7,1
401874d8,FUN_401874d8,4,1
401874dc,FUN_401874dc,76,1
40187530,FUN_40187530,25,1
40187544,FUN_40187544,8,1
40187598,FUN_40187598,1,1
401875a0,FUN_401875a0,215,1
40187694,FUN_40187694,8,1
401876cc,FUN_401876cc,5,1
401876e0,FUN_401876e0,1,1
401878f0,FUN_401878f0,108,1
401879a0,FUN_401879a0,70,1
401879e8,FUN_401879e8,137,1
40187af4,FUN_40187af4,52,1
40187b30,FUN_40187b30,153,1
40187bd4,FUN_40187bd4,62,1
40187c18,FUN_40187c18,40,1
40187d90,FUN_40187d90,29,1
40187db4,FUN_40187db4,13,1
40187dc4,FUN_40187dc4,10,1
40187dd4,FUN_40187dd4,15,1
40187de8,FUN_40187de8,49,1
40187e70,FUN_40187e70,30,1
40187e94,FUN_40187e94,83,1
40187f10,FUN_40187f10,88,1
40188068,FUN_40188068,66,1
401880d8,FUN_401880d8,103,1
401881d4,FUN_401881d4,49,1
40188210,FUN_40188210,38,1
40188278,FUN_40188278,82,1
401882ec,FUN_401882ec,397,1
40188658,FUN_40188658,70,1
401886dc,FUN_401886dc,89,1
401888b4,FUN_401888b4,8,1
401888bc,FUN_401888bc,8,1
401888d8,FUN_401888d8,37,1
4018895c,FUN_4018895c,55,1
40188994,FUN_40188994,42,1
401889c0,FUN_401889c0,34,1
401889e4,FUN_401889e4,10,1
401889f0,FUN_401889f0,10,1
401889fc,FUN_401889fc,11,1
40188a08,FUN_40188a08,10,1
40188a14,FUN_40188a14,10,1
40188a20,FUN_40188a20,10,1
40188a2c,FUN_40188a2c,10,1
40188a38,FUN_40188a38,10,1
40188a44,FUN_40188a44,10,1
40188a50,FUN_40188a50,10,1
40188a5c,FUN_40188a5c,10,1
40188a70,FUN_40188a70,33,1
40188a94,FUN_40188a94,10,1
40188aa0,FUN_40188aa0,10,1
40188aac,FUN_40188aac,9,1
40188ab0,FUN_40188ab0,1,1
40188ab8,FUN_40188ab8,13,1
40188ac8,FUN_40188ac8,14,1
40188ad8,FUN_40188ad8,11,1
40188b0c,FUN_40188b0c,101,1
40188c08,FUN_40188c08,52,1
40188c8c,FUN_40188c8c,24,1
40188cec,FUN_40188cec,7,1
40188cf4,FUN_40188cf4,61,1
40188d34,FUN_40188d34,103,1
40188dc8,FUN_40188dc8,140,1
40188f9c,FUN_40188f9c,23,1
4018906c,FUN_4018906c,53,1
401890f4,FUN_401890f4,60,1
40189154,FUN_40189154,160,1
401891f8,FUN_401891f8,56,1
40189230,FUN_40189230,34,1
40189284,FUN_40189284,36,1
401892a8,FUN_401892a8,36,1
401892cc,FUN_401892cc,25,1
401892ec,FUN_401892ec,35,1
40189328,FUN_40189328,87,1
40189384,FUN_40189384,84,1
401893f8,FUN_401893f8,94,1
4018949c,FUN_4018949c,2,1
401894a4,FUN_401894a4,43,1
40189528,FUN_40189528,521,1
40189738,FUN_40189738,64,1
40189794,FUN_40189794,93,1
40189800,FUN_40189800,89,1
40189860,FUN_40189860,102,1
401898d8,FUN_401898d8,133,1
40189968,FUN_40189968,178,1
40189a34,FUN_40189a34,186,1
40189b00,FUN_40189b00,125,1
40189b8c,FUN_40189b8c,103,1
40189c14,FUN_40189c14,231,1
40189d0c,FUN_40189d0c,136,1
40189da8,FUN_40189da8,89,1
40189e24,FUN_40189e24,297,1
40189f58,FUN_40189f58,57,1
40189fa4,FUN_40189fa4,80,1
40189ffc,FUN_40189ffc,78,1
4018a050,FUN_4018a050,124,1
4018a0ec,FUN_4018a0ec,89,1
4018a268,FUN_4018a268,82,1
4018a2bc,FUN_4018a2bc,2,1
4018a2f4,FUN_4018a2f4,27,1
4018a31c,FUN_4018a31c,1,1
4018ace4,FUN_4018ace4,116,1
4018ad5c,FUN_4018ad5c,42,1
4018ad88,FUN_4018ad88,41,1
4018adac,FUN_4018adac,1,1
4018adb4,FUN_4018adb4,42,1
4018ade0,FUN_4018ade0,53,1
4018ae18,FUN_4018ae18,73,1
4018ae64,FUN_4018ae64,148,1
4018aef8,FUN_4018aef8,117,1
4018af70,FUN_4018af70,82,1
4018afc4,FUN_4018afc4,40,1
4018aff0,FUN_4018aff0,15,1
4018b000,FUN_4018b000,40,1
4018b02c,FUN_4018b02c,15,1
4018b03c,FUN_4018b03c,54,1
4018b074,FUN_4018b074,21,1
4018b08c,FUN_4018b08c,10,1
4018b098,FUN_4018b098,10,1
4018b0a4,FUN_4018b0a4,142,1
4018b19c,FUN_4018b19c,10,1
4018b1a8,FUN_4018b1a8,96,1
4018b20c,FUN_4018b20c,28,1
4018b228,FUN_4018b228,7,1
4018b230,FUN_4018b230,28,1
4018b250,FUN_4018b250,12,1
4018b25c,FUN_4018b25c,6,1
4018b268,FUN_4018b268,16,1
4018b278,FUN_4018b278,41,1
4018b2d8,FUN_4018b2d8,1,1
4018b318,FUN_4018b318,1,1
4018b320,FUN_4018b320,52,1
4018b374,FUN_4018b374,52,1
4018b3a8,FUN_4018b3a8,71,1
4018b3f4,FUN_4018b3f4,52,1
4018b42c,FUN_4018b42c,24,1
4018b444,FUN_4018b444,136,1
4018b4cc,FUN_4018b4cc,9,1
4018b4d8,FUN_4018b4d8,187,1
4018b684,FUN_4018b684,60,1
4018b6c0,FUN_4018b6c0,61,1
4018b700,FUN_4018b700,66,1
4018b758,FUN_4018b758,36,1
4018b804,FUN_4018b804,24,1
4018b884,FUN_4018b884,67,1
4018b8c8,FUN_4018b8c8,42,1
4018b938,FUN_4018b938,41,1
4018b98c,FUN_4018b98c,48,1
4018ba10,FUN_4018ba10,24,1
4018ba28,FUN_4018ba28,203,1
4018bafc,FUN_4018bafc,34,1
4018bb20,FUN_4018bb20,85,1
4018bb78,FUN_4018bb78,135,1
4018bcec,FUN_4018bcec,34,1
4018bd48,FUN_4018bd48,54,1
4018bd80,FUN_4018bd80,324,1
4018c0c4,FUN_4018c0c4,178,1
4018c178,FUN_4018c178,151,1
4018c210,FUN_4018c210,237,1
4018c300,FUN_4018c300,226,1
4018c440,FUN_4018c440,26,1
4018c478,FUN_4018c478,87,1
4018c4d0,FUN_4018c4d0,881,1
4018c878,FUN_4018c878,1,1
4018c880,FUN_4018c880,25,1
4018c89c,FUN_4018c89c,97,1
4018cc64,FUN_4018cc64,6,1
4018cca4,FUN_4018cca4,1,1
4018ccac,FUN_4018ccac,102,1
4018cd2c,FUN_4018cd2c,409,1
4018cfe0,FUN_4018cfe0,52,1
4018d028,FUN_4018d028,16,1
4018d2c8,FUN_4018d2c8,66,1
4018d30c,FUN_4018d30c,58,1
4018d348,FUN_4018d348,18,1
4018d35c,FUN_4018d35c,32,1
4018d37c,FUN_4018d37c,22,1
4018d3ac,FUN_4018d3ac,476,1
4018d718,FUN_4018d718,82,1
4018d770,FUN_4018d770,53,1
4018d7a8,FUN_4018d7a8,37,1
4018d7fc,FUN_4018d7fc,56,1
4018d924,FUN_4018d924,93,1
4018d988,FUN_4018d988,60,1
4018da00,FUN_4018da00,22,1
4018da50,FUN_4018da50,22,1
4018da68,FUN_4018da68,48,1
4018da98,FUN_4018da98,58,1
4018dad4,FUN_4018dad4,69,1
4018db14,FUN_4018db14,2,1
4018db78,FUN_4018db78,48,1
4018dbac,FUN_4018dbac,16,1
4018dd58,FUN_4018dd58,68,1
4018de90,FUN_4018de90,147,1
4018df94,FUN_4018df94,22,1
4018dffc,FUN_4018dffc,29,1
4018e01c,FUN_4018e01c,32,1
4018e03c,FUN_4018e03c,35,1
4018e060,FUN_4018e060,41,1
4018e08c,FUN_4018e08c,28,1
4018e0a8,FUN_4018e0a8,371,1
4018e157,FUN_4018e157,12,1
4018e234,FUN_4018e234,36,1
4018e278,FUN_4018e278,145,1
4018e3dc,FUN_4018e3dc,4,1
4018e486,FUN_4018e486,62,1
4018e576,FUN_4018e576,322,1
4018e61d,FUN_4018e61d,64,1
4018e765,FUN_4018e765,286,1
4018e8b8,FUN_4018e8b8,5,1
4018e8bd,FUN_4018e8bd,54,1
4018e8f8,FUN_4018e8f8,9,1
4018e902,FUN_4018e902,30,1
4018e925,FUN_4018e925,12,1
4018e988,FUN_4018e988,285,1
4018eaf4,FUN_4018eaf4,166,1
4018ebdc,FUN_4018ebdc,12,1
4018ec0c,FUN_4018ec0c,95,1
4018ec6c,FUN_4018ec6c,23,1
4018ec94,FUN_4018ec94,78,1
4018ed98,FUN_4018ed98,144,1
4018ee28,FUN_4018ee28,5,1
4018ef0c,FUN_4018ef0c,1,1
4018ef3c,FUN_4018ef3c,24,1
4018ef54,FUN_4018ef54,7,1
4018ef5c,FUN_4018ef5c,15,1
4018effc,FUN_4018effc,136,1
4018f52c,FUN_4018f52c,22,1
4018f6d0,FUN_4018f6d0,18,1
4018f6e4,FUN_4018f6e4,38,1
4018f7e8,FUN_4018f7e8,90,1
4018f84c,FUN_4018f84c,5,1
4018f86c,FUN_4018f86c,48,1
4018f89c,FUN_4018f89c,80,1
4018f908,FUN_4018f908,27,1
4018f924,FUN_4018f924,28,1
4018f944,FUN_4018f944,8,1
4018f94c,FUN_4018f94c,32,1
4018f9b4,FUN_4018f9b4,42,1
4018f9f0,FUN_4018f9f0,16,1
4018fa00,FUN_4018fa00,30,1
4018fa20,FUN_4018fa20,88,1
4018fa78,FUN_4018fa78,8,1
4018fa80,FUN_4018fa80,82,1
4018fad4,FUN_4018fad4,106,1
4018fb40,FUN_4018fb40,82,1
4018fd0c,FUN_4018fd0c,55,1
4018fd4c,FUN_4018fd4c,62,1
4018fd8c,FUN_4018fd8c,85,1
4018fde4,FUN_4018fde4,107,1
4018fe50,FUN_4018fe50,46,1
4018fea4,FUN_4018fea4,28,1
4018fec0,FUN_4018fec0,26,1
40190000,FUN_40190000,6,1
40190010,FUN_40190010,4,1
40190014,FUN_40190014,52,1
40190018,FUN_40190018,12,1
40190024,FUN_40190024,31,1
40190070,FUN_40190070,1,1
401900c8,FUN_401900c8,76,1
40190114,FUN_40190114,18,1
40190128,FUN_40190128,19,1
4019013c,FUN_4019013c,34,1
4019018c,FUN_4019018c,20,1
401901ac,FUN_401901ac,113,1
40190228,FUN_40190228,70,1
40190270,FUN_40190270,44,1
4019029c,FUN_4019029c,16,1
401902bc,FUN_401902bc,3,1
40190410,FUN_40190410,8,1
40190418,FUN_40190418,92,1
40190474,FUN_40190474,2,1
401904cc,FUN_401904cc,3,1
40190578,FUN_40190578,217,1
40190664,FUN_40190664,79,1
401906b8,FUN_401906b8,163,1
40190770,FUN_40190770,263,1
40190878,FUN_40190878,111,1
401908f0,FUN_401908f0,263,1
401909f8,FUN_401909f8,145,1
40190af8,FUN_40190af8,123,1
40190b68,FUN_40190b68,212,1
40190c40,FUN_40190c40,8,1
40190c90,FUN_40190c90,52,1
40190cc4,FUN_40190cc4,8,1
40190cd0,FUN_40190cd0,1,1
40190cdc,FUN_40190cdc,8,1
40190cf0,FUN_40190cf0,821,1
4019103a,FUN_4019103a,34,1
4019107c,FUN_4019107c,221,1
40191164,FUN_40191164,14,1
4019117c,FUN_4019117c,93,1
401911e0,FUN_401911e0,17,1
401911f8,FUN_401911f8,135,1
401912c0,FUN_401912c0,8,1
401912c8,FUN_401912c8,74,1
40191312,FUN_40191312,62,1
40191350,FUN_40191350,8,1
40191358,FUN_40191358,75,1
401913a3,FUN_401913a3,68,1
401913e7,FUN_401913e7,68,1
4019142b,FUN_4019142b,68,1
4019146f,FUN_4019146f,71,1
401914b6,FUN_401914b6,251,1
401915b1,FUN_401915b1,13,1
401915be,FUN_401915be,13,1
401915cc,FUN_401915cc,13,1
401915d9,FUN_401915d9,13,1
401915e6,FUN_401915e6,13,1
401915f4,FUN_401915f4,13,1
40191601,FUN_40191601,13,1
4019160e,FUN_4019160e,11,1
40191624,FUN_40191624,165,1
401916d4,FUN_401916d4,156,1
40191780,FUN_40191780,120,1
40191810,FUN_40191810,433,1
401919d4,FUN_401919d4,197,1
40191ab8,FUN_40191ab8,218,1
40191ba4,FUN_40191ba4,136,1
40191c2c,FUN_40191c2c,31,1
40191d9c,FUN_40191d9c,33,1
40191e04,FUN_40191e04,8,1
40191e50,FUN_40191e50,8,1
40191e74,FUN_40191e74,25,1
40191e9d,FUN_40191e9d,150,1
40191fac,FUN_40191fac,2,1
40192024,FUN_40192024,1,1
40192110,FUN_40192110,3,1
40192118,FUN_40192118,34,1
4019214c,FUN_4019214c,169,1
401921fc,FUN_401921fc,162,1
40192b00,FUN_40192b00,56,1
40192f04,FUN_40192f04,175,1
40192fc0,FUN_40192fc0,137,1
40193050,FUN_40193050,8,1
40193078,FUN_40193078,8,1
40193088,FUN_40193088,229,1
40193198,FUN_40193198,22,1
401931bc,FUN_401931bc,248,1
401932bc,FUN_401932bc,51,1
401932f0,FUN_401932f0,39,1
401935e4,FUN_401935e4,8,1
401935ec,FUN_401935ec,20,1
4019360c,FUN_4019360c,343,1
40193770,FUN_40193770,292,1
401938ac,FUN_401938ac,123,1
40193944,FUN_40193944,56,1
40193b5c,FUN_40193b5c,214,1
40193c38,FUN_40193c38,191,1
40193d10,FUN_40193d10,168,1
40193dc4,FUN_40193dc4,491,1
40194060,FUN_40194060,585,1
401942ac,FUN_401942ac,162,1
40194354,FUN_40194354,372,1
401944d0,FUN_401944d0,8,1
401944d8,FUN_401944d8,117,1
40194550,FUN_40194550,1,1
40194600,FUN_40194600,28,1
40194624,FUN_40194624,118,1
401946c0,FUN_401946c0,530,1
401948e4,FUN_401948e4,61,1
40194934,FUN_40194934,227,1
40194a28,FUN_40194a28,86,1
40194a80,FUN_40194a80,86,1
40194b04,FUN_40194b04,800,1
40194e50,FUN_40194e50,1,1
40195008,FUN_40195008,82,1
4019505c,FUN_4019505c,44,1
40195088,FUN_40195088,2,1
40195134,FUN_40195134,1,1
4019520c,FUN_4019520c,391,1
40195394,FUN_40195394,457,1
40195570,FUN_40195570,1,1
40195608,FUN_40195608,12,1
40195610,FUN_40195610,51,1
40195644,FUN_40195644,118,1
401959bc,FUN_401959bc,233,1
40195ed8,FUN_40195ed8,583,1
40196130,FUN_40196130,327,1
4019627c,FUN_4019627c,84,1
401962d8,FUN_401962d8,583,1
40196524,FUN_40196524,518,1
4019673c,FUN_4019673c,203,1
40196814,FUN_40196814,371,1
40196990,FUN_40196990,152,1
40196a30,FUN_40196a30,450,1
40196c08,FUN_40196c08,1,1
40196d8c,FUN_40196d8c,131,1
40196e10,FUN_40196e10,39,1
40196e48,FUN_40196e48,12,1
40196e58,FUN_40196e58,17,1
40196e6c,FUN_40196e6c,10,1
40196e78,FUN_40196e78,16,1
40196e88,FUN_40196e88,82,1
40196edc,FUN_40196edc,6,1
40196ee4,FUN_40196ee4,95,1
40196f48,FUN_40196f48,12,1
40196f54,FUN_40196f54,6,1
40196f70,FUN_40196f70,39,1
40196f98,FUN_40196f98,47,1
40196fc8,FUN_40196fc8,6,1
40196fd0,FUN_40196fd0,28,1
40196ff0,FUN_40196ff0,31,1
40197010,FUN_40197010,67,1
40197054,FUN_40197054,11,1
4019706c,FUN_4019706c,6,1
40197088,FUN_40197088,39,1
401970b0,FUN_401970b0,43,1
401970dc,FUN_401970dc,137,1
40197168,FUN_40197168,37,1
40197190,FUN_40197190,35,1
401971b4,FUN_401971b4,25,1
401971d0,FUN_401971d0,56,1
40197208,FUN_40197208,6,1
40197210,FUN_40197210,33,1
40197234,FUN_40197234,22,1
4019724c,FUN_4019724c,10,1
40197258,FUN_40197258,111,1
401972d0,FUN_401972d0,12,1
401972dc,FUN_401972dc,12,1
401972e8,FUN_401972e8,12,1
4019734c,FUN_4019734c,84,1
401973a0,FUN_401973a0,8,1
401973a8,FUN_401973a8,12,1
401973b8,FUN_401973b8,196,1
4019747c,FUN_4019747c,6,1
40197498,FUN_40197498,21,1
401974b0,FUN_401974b0,25,1
401974cc,FUN_401974cc,753,1
40197808,FUN_40197808,249,1
4019790c,FUN_4019790c,18,1
40197920,FUN_40197920,55,1
40197958,FUN_40197958,64,1
40197998,FUN_40197998,169,1
40197a44,FUN_40197a44,8,1
40197a4c,FUN_40197a4c,18,1
40197a60,FUN_40197a60,16,1
40197a70,FUN_40197a70,8,1
40197a78,FUN_40197a78,228,1
40197bbc,FUN_40197bbc,8,1
40197bc4,FUN_40197bc4,113,1
40197c78,FUN_40197c78,7,1
40197c80,FUN_40197c80,80,1
40197cd0,FUN_40197cd0,7,1
40197d98,FUN_40197d98,50,1
40197fac,FUN_40197fac,22,1
40197fc4,FUN_40197fc4,22,1
40197fdc,FUN_40197fdc,46,1
4019800c,FUN_4019800c,46,1
4019803c,FUN_4019803c,1818,1
40198d2c,FUN_40198d2c,23,1
40198d44,FUN_40198d44,24,1
40198d5c,FUN_40198d5c,27,1
40198d78,FUN_40198d78,155,1
40198e18,FUN_40198e18,159,1
40198ebc,FUN_40198ebc,71,1
40198f04,FUN_40198f04,68,1
40198fa0,FUN_40198fa0,8,1
40198fcc,thunk_FUN_40199344,3,1
40198fe0,FUN_40198fe0,10,1
40199076,FUN_40199076,52,1
401990d8,FUN_401990d8,60,1
40199188,FUN_40199188,32,1
401991ac,FUN_401991ac,13,1
40199250,FUN_40199250,10,1
4019925a,FUN_4019925a,27,1
40199275,FUN_40199275,30,1
401992e4,FUN_401992e4,42,1
40199310,FUN_40199310,13,1
4019931d,FUN_4019931d,28,1
40199344,FUN_40199344,2,1
40199348,FUN_40199348,3,1
40199350,FUN_40199350,11,1
4019937c,FUN_4019937c,171,1
40199428,FUN_40199428,158,1
401994ce,FUN_401994ce,50,1
40199648,FUN_40199648,8,1
4019978c,FUN_4019978c,18,1
401997cc,FUN_401997cc,101,1
4019980e,FUN_4019980e,3,1
4019981c,FUN_4019981c,3,1
40199820,FUN_40199820,8,1
4019a78c,FUN_4019a78c,8,1
4019aaf8,FUN_4019aaf8,8,1
4019abe0,FUN_4019abe0,6,1
4019ad08,FUN_4019ad08,837,1
4019b3f6,FUN_4019b3f6,494,1
4019b5ec,FUN_4019b5ec,6,1
4019b5f4,FUN_4019b5f4,54,1
4019b62e,FUN_4019b62e,2929,1
4019c1c8,FUN_4019c1c8,25,1
4019c1e4,FUN_4019c1e4,39,1
4019c242,FUN_4019c242,5,1
4019c248,FUN_4019c248,65,1
4019c2bc,FUN_4019c2bc,216,1
4019c355,FUN_4019c355,41,1
4019c3d0,FUN_4019c3d0,3,1
4019c3f0,FUN_4019c3f0,1,1
4019c41c,FUN_4019c41c,8,1
4019c4f0,FUN_4019c4f0,8,1
4019c7ed,FUN_4019c7ed,6,1
4019c7fb,FUN_4019c7fb,7487,1
4019e68c,FUN_4019e68c,12,1
4019e698,FUN_4019e698,6,1
4019e6a0,FUN_4019e6a0,9,1
4019e6a9,FUN_4019e6a9,67,1
4019e6f4,FUN_4019e6f4,9,1
4019e6fd,FUN_4019e6fd,11,1
4019e708,FUN_4019e708,5,1
4019e710,FUN_4019e710,24,1
4019e728,FUN_4019e728,52,1
4019e75c,FUN_4019e75c,33,1
4019e780,FUN_4019e780,71,1
4019e7c8,FUN_4019e7c8,68,1
4019e864,FUN_4019e864,8,1
4019e890,thunk_FUN_4019ec08,3,1
4019e8a4,FUN_4019e8a4,10,1
4019e93a,FUN_4019e93a,52,1
4019e99c,FUN_4019e99c,60,1
4019ea4c,FUN_4019ea4c,32,1
4019ea70,FUN_4019ea70,13,1
4019eb14,FUN_4019eb14,10,1
4019eb1e,FUN_4019eb1e,27,1
4019eb39,FUN_4019eb39,30,1
4019eba8,FUN_4019eba8,42,1
4019ebd4,FUN_4019ebd4,13,1
4019ebe1,FUN_4019ebe1,28,1
4019ec08,FUN_4019ec08,2,1
4019ec0c,FUN_4019ec0c,3,1
4019ec14,FUN_4019ec14,11,1
4019ec40,FUN_4019ec40,384,1
4019edc8,FUN_4019edc8,157,1
4019ee6e,FUN_4019ee6e,50,1
4019efe8,FUN_4019efe8,8,1
4019f12c,FUN_4019f12c,18,1
4019f16c,FUN_4019f16c,101,1
4019f1ae,FUN_4019f1ae,6,1
4019f1b4,FUN_4019f1b4,6,1
4019f1be,FUN_4019f1be,3,1
401a0018,FUN_401a0018,62,1
401a00c0,FUN_401a00c0,116,1
401a0134,FUN_401a0134,8,1
401a03d8,FUN_401a03d8,17,1
401a04a0,FUN_401a04a0,8,1
401a06b0,FUN_401a06b0,837,1
401a0d9e,FUN_401a0d9e,502,1
401a0f9c,FUN_401a0f9c,54,1
401a0fd6,FUN_401a0fd6,2944,1
401a1b74,FUN_401a1b74,36,1
401a1b98,FUN_401a1b98,74,1
401a1c1d,FUN_401a1c1d,5,1
401a1c24,FUN_401a1c24,33,1
401a1c48,FUN_401a1c48,150,1
401a1ce0,FUN_401a1ce0,52,1
401a1d14,FUN_401a1d14,46,1
401a1d44,FUN_401a1d44,83,1
401a1d9c,FUN_401a1d9c,41,1
401a1dc8,FUN_401a1dc8,262,1
401a1f24,FUN_401a1f24,3093,1
401a2b58,FUN_401a2b58,121,1
401a2bd8,FUN_401a2bd8,125,1
401a2c58,FUN_401a2c58,57,1
401a2c94,FUN_401a2c94,1137,1
401a3120,FUN_401a3120,46,1
401a3150,FUN_401a3150,46,1
401a3180,FUN_401a3180,273,1
401a3294,FUN_401a3294,17,1
401a32a8,FUN_401a32a8,28,1
401a32c4,FUN_401a32c4,51,1
401a32f8,FUN_401a32f8,16,1
401a3308,FUN_401a3308,20,1
401a331c,FUN_401a331c,10,1
401a3328,FUN_401a3328,15,1
401a3338,FUN_401a3338,15,1
401a3348,FUN_401a3348,52,1
401a3380,FUN_401a3380,24,1
401a3398,FUN_401a3398,27,1
401a33b4,FUN_401a33b4,36,1
401a33d8,FUN_401a33d8,139,1
401a3468,FUN_401a3468,66,1
401a34ac,FUN_401a34ac,127,1
401a3534,FUN_401a3534,151,1
401a35d0,FUN_401a35d0,71,1
401a3618,FUN_401a3618,109,1
401a3688,FUN_401a3688,39,1
401a36b0,FUN_401a36b0,284,1
401a37d0,FUN_401a37d0,164,1
401a3878,FUN_401a3878,172,1
401a3924,FUN_401a3924,55,1
401a395c,FUN_401a395c,224,1
401a3a40,FUN_401a3a40,72,1
401a3a88,FUN_401a3a88,164,1
401a3b2c,FUN_401a3b2c,178,1
401a3be0,FUN_401a3be0,83,1
401a3c34,FUN_401a3c34,53,1
401a3c6c,FUN_401a3c6c,53,1
401a3ca4,FUN_401a3ca4,78,1
401a3cf4,FUN_401a3cf4,92,1
401a3d50,FUN_401a3d50,11,1
401a3d5c,FUN_401a3d5c,8,1
401a3d64,FUN_401a3d64,372,1
401a3ee0,FUN_401a3ee0,20,1
401a3ef4,FUN_401a3ef4,24,1
401a3f0c,FUN_401a3f0c,24,1
401a3f24,FUN_401a3f24,359,1
401a4094,FUN_401a4094,20,1
401a40a8,FUN_401a40a8,24,1
401a40c0,FUN_401a40c0,24,1
401a40d8,FUN_401a40d8,71,1
401a4120,FUN_401a4120,68,1
401a41bc,FUN_401a41bc,8,1
401a41e8,thunk_FUN_401a4560,3,1
401a41fc,FUN_401a41fc,10,1
401a4292,FUN_401a4292,52,1
401a42f4,FUN_401a42f4,60,1
401a43a4,FUN_401a43a4,32,1
401a43c8,FUN_401a43c8,13,1
401a446c,FUN_401a446c,10,1
401a4476,FUN_401a4476,27,1
401a4491,FUN_401a4491,30,1
401a4500,FUN_401a4500,42,1
401a452c,FUN_401a452c,13,1
401a4539,FUN_401a4539,28,1
401a4560,FUN_401a4560,2,1
401a4564,FUN_401a4564,3,1
401a456c,FUN_401a456c,11,1
401a4598,FUN_401a4598,239,1
401a472d,FUN_401a472d,158,1
401a47d6,FUN_401a47d6,36,1
401a4800,FUN_401a4800,8,1
401a4850,FUN_401a4850,8,1
401a495c,FUN_401a495c,8,1
401a496c,FUN_401a496c,6,1
401a4b1c,FUN_401a4b1c,8,1
401a4b26,FUN_401a4b26,12,1
401a571c,FUN_401a571c,8,1
401a57f8,FUN_401a57f8,1,1
401a58ec,FUN_401a58ec,8,1
401a6067,FUN_401a6067,431,1
401a6214,FUN_401a6214,1,1
401a621c,FUN_401a621c,988,1
401a6600,FUN_401a6600,52,1
401a6668,FUN_401a6668,65,1
401a66ac,FUN_401a66ac,124,1
401a6728,FUN_401a6728,63,1
401a6768,FUN_401a6768,53,1
401a6808,FUN_401a6808,1599,1
401a6e74,FUN_401a6e74,35,1
401a6e99,FUN_401a6e99,6,1
401a6ea0,FUN_401a6ea0,14,1
401a6eb0,FUN_401a6eb0,14,1
401a6ebe,FUN_401a6ebe,5,1
401a6ec3,FUN_401a6ec3,6046,1
401a86f0,FUN_401a86f0,18,1
401a8704,FUN_401a8704,74,1
401a8750,FUN_401a8750,9,1
401a8759,FUN_401a8759,16,1
401a876c,FUN_401a876c,71,1
401a87b4,FUN_401a87b4,68,1
401a8850,FUN_401a8850,8,1
401a887c,thunk_FUN_401a8bf4,3,1
401a8890,FUN_401a8890,10,1
401a8926,FUN_401a8926,52,1
401a8988,FUN_401a8988,60,1
401a8a38,FUN_401a8a38,32,1
401a8a5c,FUN_401a8a5c,13,1
401a8b00,FUN_401a8b00,10,1
401a8b0a,FUN_401a8b0a,27,1
401a8b25,FUN_401a8b25,30,1
401a8b94,FUN_401a8b94,42,1
401a8bc0,FUN_401a8bc0,13,1
401a8bcd,FUN_401a8bcd,28,1
401a8bf4,FUN_401a8bf4,2,1
401a8bf8,FUN_401a8bf8,3,1
401a8c00,FUN_401a8c00,11,1
401a8c2c,FUN_401a8c2c,36,1
401a8c50,FUN_401a8c50,510,1
401a8e5a,FUN_401a8e5a,46,1
401a8ed4,FUN_401a8ed4,14,1
401a8fe0,FUN_401a8fe0,8,1
401a91a0,FUN_401a91a0,8,1
401a91aa,FUN_401a91aa,3,1
401a9d9c,FUN_401a9d9c,8,1
401a9e50,FUN_401a9e50,3,1
401a9e78,FUN_401a9e78,1,1
401a9f6c,FUN_401a9f6c,8,1
401aa600,FUN_401aa600,1,1
401aa6df,FUN_401aa6df,409,1
401aa878,FUN_401aa878,1,1
401aa880,FUN_401aa880,985,1
401aac64,FUN_401aac64,94,1
401aacf5,FUN_401aacf5,5,1
401aacfc,FUN_401aacfc,33,1
401aad20,FUN_401aad20,151,1
401aadb8,FUN_401aadb8,5,1
401aadc0,FUN_401aadc0,5,1
401aadc8,FUN_401aadc8,5,1
401aadd0,FUN_401aadd0,5,1
401aadd8,FUN_401aadd8,7,1
401aade0,FUN_401aade0,8,1
401aade8,FUN_401aade8,7,1
401aadf0,FUN_401aadf0,45,1
401aae20,FUN_401aae20,5,1
401aae28,FUN_401aae28,5,1
401aae30,FUN_401aae30,7,1
401aae38,FUN_401aae38,7,1
401aae40,FUN_401aae40,11,1
401aae4c,FUN_401aae4c,11,1
401aae58,FUN_401aae58,19,1
401aae6c,FUN_401aae6c,7,1
401aae74,FUN_401aae74,5,1
401aae7c,FUN_401aae7c,11,1
401aae88,FUN_401aae88,5,1
401aae90,FUN_401aae90,5,1
401aae98,FUN_401aae98,5,1
401aaea0,FUN_401aaea0,5,1
401aaea8,FUN_401aaea8,5,1
401aaeb0,FUN_401aaeb0,5,1
401aaeb8,FUN_401aaeb8,48,1
401aaee8,FUN_401aaee8,5,1
401aaef8,FUN_401aaef8,12,1
401aaf04,FUN_401aaf04,6,1
401aaf3c,FUN_401aaf3c,8,1
401aaf6c,FUN_401aaf6c,6,1
401aaf74,FUN_401aaf74,5,1
401aaf7c,FUN_401aaf7c,5,1
401aaf84,FUN_401aaf84,5,1
401aaf8c,FUN_401aaf8c,57,1
401aafda,FUN_401aafda,4,1
401aafe9,FUN_401aafe9,6,1
401aaff8,FUN_401aaff8,8,1
401ab00d,FUN_401ab00d,38,1
401ab034,FUN_401ab034,5,1
401ab044,FUN_401ab044,56,1
401ab0b8,FUN_401ab0b8,1,1
401ab108,FUN_401ab108,2,1
401ab120,thunk_FUN_401ab108,6,1
401ab140,FUN_401ab140,7,1
401ab148,FUN_401ab148,32,1
401ab16c,FUN_401ab16c,8,1
401ab174,FUN_401ab174,23,1
401ab18c,FUN_401ab18c,86,1
401ab1fd,FUN_401ab1fd,4,1
401ab214,FUN_401ab214,6,1
401ab224,FUN_401ab224,6,1
401ab22c,FUN_401ab22c,73,1
401ab280,FUN_401ab280,3,1
401ab288,FUN_401ab288,15,1
401ab298,FUN_401ab298,104,1
401ab300,FUN_401ab300,5,1
401ab370,FUN_401ab370,1,1
401ab3a8,FUN_401ab3a8,1,1
401ab3c4,FUN_401ab3c4,3,1
401ab3cc,FUN_401ab3cc,27,1
401ab3e8,FUN_401ab3e8,33,1
401ab425,FUN_401ab425,2,1
401ab428,FUN_401ab428,6,1
401ab438,FUN_401ab438,6,1
401ab440,FUN_401ab440,14,1
401ab450,FUN_401ab450,40,1
401ab4a4,FUN_401ab4a4,7,1
401ab4ac,FUN_401ab4ac,28,1
401ab4c8,FUN_401ab4c8,6,1
401ab4d0,FUN_401ab4d0,23,1
401ab4e8,FUN_401ab4e8,8,1
401ab4f0,FUN_401ab4f0,7,1
401ab4f8,FUN_401ab4f8,129,1
401ab57c,FUN_401ab57c,7,1
401ab650,FUN_401ab650,52,1
401ab688,FUN_401ab688,16,1
401ab698,FUN_401ab698,5,1
401ab6a0,FUN_401ab6a0,7,1
401ab6a8,FUN_401ab6a8,7,1
401ab6b0,FUN_401ab6b0,28,1
401ab6cc,FUN_401ab6cc,7,1
401ab6d4,FUN_401ab6d4,29,1
401ab6f4,FUN_401ab6f4,33,1
401ab718,FUN_401ab718,25,1
401ab734,FUN_401ab734,25,1
401ab750,FUN_401ab750,9,1
401ab75c,FUN_401ab75c,12,1
401ab768,FUN_401ab768,7,1
401ab770,FUN_401ab770,5,1
401ab778,FUN_401ab778,16,1
401ab78c,FUN_401ab78c,48,1
401ab7bc,FUN_401ab7bc,5,1
401ab7d4,FUN_401ab7d4,3,1
401ab7dc,FUN_401ab7dc,5,1
401ab7e4,FUN_401ab7e4,23,1
401ab7fc,FUN_401ab7fc,33,1
401ab860,FUN_401ab860,44,1
401ab88c,FUN_401ab88c,5,1
401ab894,FUN_401ab894,58,1
401ab924,FUN_401ab924,9,1
401ab93c,FUN_401ab93c,3,1
401ab944,FUN_401ab944,12,1
401ab950,FUN_401ab950,8,1
401ab958,FUN_401ab958,53,1
401ab9d8,FUN_401ab9d8,7,1
401ab9f7,FUN_401ab9f7,7,1
401aba08,FUN_401aba08,8,1
401aba54,FUN_401aba54,7,1
401aba5c,FUN_401aba5c,5,1
401aba64,FUN_401aba64,5,1
401aba6c,FUN_401aba6c,40,1
401aba98,FUN_401aba98,40,1
401abac4,FUN_401abac4,15,1
401abad4,FUN_401abad4,7,1
401abaf0,FUN_401abaf0,12,1
401abb18,FUN_401abb18,9,1
401abb38,FUN_401abb38,9,1
401abb50,FUN_401abb50,5,1
401abb58,FUN_401abb58,21,1
401abb70,FUN_401abb70,56,1
401abba8,FUN_401abba8,7,1
401abbbe,FUN_401abbbe,42,1
401abbe8,FUN_401abbe8,8,1
401abc38,FUN_401abc38,2,1
401abc78,FUN_401abc78,11,1
401abca0,FUN_401abca0,6,1
401abcac,FUN_401abcac,3,1
401abcb4,FUN_401abcb4,42,1
401abce8,FUN_401abce8,28,1
401abd04,FUN_401abd04,7,1
401abd0c,FUN_401abd0c,5,1
401abd14,FUN_401abd14,15,1
401abd24,FUN_401abd24,23,1
401abd3c,FUN_401abd3c,33,1
401abd60,FUN_401abd60,5,1
401abd68,FUN_401abd68,5,1
401abd70,FUN_401abd70,5,1
401abd78,FUN_401abd78,13,1
401abd88,FUN_401abd88,23,1
401abda0,FUN_401abda0,5,1
401abdbc,FUN_401abdbc,8,1
401abdc4,FUN_401abdc4,15,1
401abdd4,FUN_401abdd4,5,1
401abddc,FUN_401abddc,5,1
401abde4,FUN_401abde4,62,1
401abe28,FUN_401abe28,5,1
401abe30,FUN_401abe30,7,1
401abe38,FUN_401abe38,7,1
401abe40,FUN_401abe40,5,1
401abe48,FUN_401abe48,5,1
401abe50,FUN_401abe50,5,1
401abe58,FUN_401abe58,5,1
401abe60,FUN_401abe60,5,1
401abe68,FUN_401abe68,10,1
401abe74,FUN_401abe74,44,1
401abea0,FUN_401abea0,8,1
401abea8,FUN_401abea8,52,1
401abedc,FUN_401abedc,8,1
401abee4,FUN_401abee4,108,1
401abf50,FUN_401abf50,8,1
401abf58,FUN_401abf58,22,1
401abf70,FUN_401abf70,124,1
401ac028,FUN_401ac028,4,1
401ac058,FUN_401ac058,6,1
401ac065,FUN_401ac065,7,1
401ac06c,FUN_401ac06c,8,1
401ac079,FUN_401ac079,19,1
401ac08c,FUN_401ac08c,5,1
401ac0a8,FUN_401ac0a8,6,1
401ac0b0,FUN_401ac0b0,8,1
401ac0b8,FUN_401ac0b8,6,1
401ac0c0,FUN_401ac0c0,78,1
401ac110,FUN_401ac110,5,1
401ac148,FUN_401ac148,15,1
401ac157,FUN_401ac157,9,1
401ac160,FUN_401ac160,5,1
401ac1a0,FUN_401ac1a0,9,1
401ac1a8,FUN_401ac1a8,7,1
401ac1b0,FUN_401ac1b0,22,1
401ac1c8,FUN_401ac1c8,8,1
401ac1e8,FUN_401ac1e8,10,1
401ac1f4,FUN_401ac1f4,9,1
401ac200,FUN_401ac200,39,1
401ac228,FUN_401ac228,8,1
401ac230,FUN_401ac230,20,1
401ac244,FUN_401ac244,5,1
401ac24c,FUN_401ac24c,72,1
401ac294,FUN_401ac294,5,1
401ac29c,FUN_401ac29c,5,1
401ac2a4,FUN_401ac2a4,15,1
401ac2b4,FUN_401ac2b4,32,1
401ac2f4,FUN_401ac2f4,1,1
401ac2fc,FUN_401ac2fc,17,1
401ac310,FUN_401ac310,5,1
401ac318,FUN_401ac318,9,1
401ac324,FUN_401ac324,8,1
401ac330,FUN_401ac330,8,1
401ac33c,FUN_401ac33c,5,1
401ac344,FUN_401ac344,32,1
401ac384,FUN_401ac384,1,1
401ac394,FUN_401ac394,1,1
401ac39c,FUN_401ac39c,26,1
401ac3b8,FUN_401ac3b8,32,1
401ac3fc,FUN_401ac3fc,6,1
401ac404,FUN_401ac404,80,1
401ac454,FUN_401ac454,8,1
401ac45c,FUN_401ac45c,125,1
401ac4f4,FUN_401ac4f4,8,1
401ac4fc,FUN_401ac4fc,39,1
401ac524,FUN_401ac524,43,1
401ac550,FUN_401ac550,24,1
401ac568,FUN_401ac568,8,1
401ac570,FUN_401ac570,32,1
401ac594,FUN_401ac594,7,1
401ac59c,FUN_401ac59c,8,1
401ac5a4,FUN_401ac5a4,7,1
401ac5ac,FUN_401ac5ac,7,1
401ac5b4,FUN_401ac5b4,5,1
401ac5bc,FUN_401ac5bc,56,1
401ac620,FUN_401ac620,84,1
401ac6a0,FUN_401ac6a0,24,1
401ac6b8,FUN_401ac6b8,7,1
401ac6c0,FUN_401ac6c0,16,1
401ac6d4,FUN_401ac6d4,53,1
401ac70c,FUN_401ac70c,31,1
401ac72c,FUN_401ac72c,28,1
401ac74c,FUN_401ac74c,94,1
401ac7ac,FUN_401ac7ac,7,1
401ac7b4,FUN_401ac7b4,7,1
401ac7bc,FUN_401ac7bc,14,1
401ac7cc,FUN_401ac7cc,19,1
401ac7e0,FUN_401ac7e0,20,1
401ac7f4,FUN_401ac7f4,31,1
401ac814,FUN_401ac814,24,1
401ac82c,FUN_401ac82c,24,1
401ac844,FUN_401ac844,8,1
401ac84c,FUN_401ac84c,8,1
401ac854,FUN_401ac854,8,1
401ac85c,FUN_401ac85c,19,1
401ac870,FUN_401ac870,6,1
401ac878,FUN_401ac878,7,1
401ac880,FUN_401ac880,7,1
401ac974,FUN_401ac974,52,1
401ac9c8,FUN_401ac9c8,5,1
401ac9d0,FUN_401ac9d0,41,1
401ac9fc,FUN_401ac9fc,18,1
401aca10,FUN_401aca10,20,1
401aca24,FUN_401aca24,86,1
401aca7c,FUN_401aca7c,5,1
401aca84,FUN_401aca84,5,1
401aca8c,FUN_401aca8c,5,1
401aca94,FUN_401aca94,5,1
401aca9c,FUN_401aca9c,8,1
401acaa4,FUN_401acaa4,17,1
401acab8,FUN_401acab8,30,1
401acad8,FUN_401acad8,21,1
401acb08,FUN_401acb08,43,1
401acb40,FUN_401acb40,21,1
401acb58,FUN_401acb58,10,1
401acb64,FUN_401acb64,14,1
401acb74,FUN_401acb74,21,1
401acb8c,FUN_401acb8c,28,1
401acba8,FUN_401acba8,11,1
401acbb4,FUN_401acbb4,23,1
401acbcc,FUN_401acbcc,12,1
401acbd8,FUN_401acbd8,50,1
401acc0c,FUN_401acc0c,22,1
401acc24,FUN_401acc24,60,1
401acc60,FUN_401acc60,41,1
401acc8c,FUN_401acc8c,102,1
401acd4c,FUN_401acd4c,73,1
401ace0c,FUN_401ace0c,8,1
401ace14,FUN_401ace14,5,1
401ace1c,FUN_401ace1c,26,1
401ace38,FUN_401ace38,25,1
401ace54,FUN_401ace54,25,1
401ace70,FUN_401ace70,25,1
401ace8c,FUN_401ace8c,22,1
401acea4,FUN_401acea4,21,1
401acebc,FUN_401acebc,22,1
401aced4,FUN_401aced4,10,1
401acee0,FUN_401acee0,15,1
401acef0,FUN_401acef0,12,1
401acf00,FUN_401acf00,16,1
401acf10,FUN_401acf10,16,1
401acf20,FUN_401acf20,15,1
401acf30,FUN_401acf30,13,1
401acf40,FUN_401acf40,25,1
401acf5c,FUN_401acf5c,18,1
401acf70,FUN_401acf70,19,1
401acf84,FUN_401acf84,17,1
401acf98,FUN_401acf98,15,1
401acfa8,FUN_401acfa8,17,1
401acfbc,FUN_401acfbc,14,1
401acfcc,FUN_401acfcc,17,1
401acfe0,FUN_401acfe0,14,1
401acff0,FUN_401acff0,17,1
401ad004,FUN_401ad004,14,1
401ad014,FUN_401ad014,14,1
401ad024,FUN_401ad024,13,1
401ad034,FUN_401ad034,15,1
401ad044,FUN_401ad044,14,1
401ad054,FUN_401ad054,14,1
401ad064,FUN_401ad064,13,1
401ad074,FUN_401ad074,28,1
401ad090,FUN_401ad090,36,1
401ad0b8,FUN_401ad0b8,18,1
401ad0cc,FUN_401ad0cc,7,1
401ad0d4,FUN_401ad0d4,13,1
401ad0e4,FUN_401ad0e4,7,1
401ad0ec,FUN_401ad0ec,14,1
401ad0fc,FUN_401ad0fc,7,1
401ad104,FUN_401ad104,27,1
401ad120,FUN_401ad120,5,1
401ad12c,FUN_401ad12c,5,1
401ad134,FUN_401ad134,9,1
401ad140,FUN_401ad140,22,1
401ad158,FUN_401ad158,36,1
401ad17c,FUN_401ad17c,28,1
401ad198,FUN_401ad198,51,1
401ad1cc,FUN_401ad1cc,27,1
401ad1e8,FUN_401ad1e8,18,1
401ad1fc,FUN_401ad1fc,11,1
401ad208,FUN_401ad208,15,1
401ad218,FUN_401ad218,8,1
401ad220,FUN_401ad220,11,1
401ad22c,FUN_401ad22c,13,1
401ad23c,FUN_401ad23c,11,1
401ad248,FUN_401ad248,8,1
401ad250,FUN_401ad250,23,1
401ad268,FUN_401ad268,24,1
401ad280,FUN_401ad280,23,1
401ad298,FUN_401ad298,23,1
401ad2dc,FUN_401ad2dc,49,1
401ad310,FUN_401ad310,48,1
401ad340,FUN_401ad340,34,1
401ad368,FUN_401ad368,34,1
401ad390,FUN_401ad390,9,1
401ad39c,FUN_401ad39c,41,1
401ad3e0,FUN_401ad3e0,27,1
401ad3fc,FUN_401ad3fc,26,1
401ad418,FUN_401ad418,26,1
401ad434,FUN_401ad434,988,1
401ad810,FUN_401ad810,15,1
401ad820,FUN_401ad820,38,1
401ad848,FUN_401ad848,50,1
401ad87c,FUN_401ad87c,114,1
401ad8f0,FUN_401ad8f0,142,1
401ad980,FUN_401ad980,95,1
401ad9e0,FUN_401ad9e0,7,1
401ada68,FUN_401ada68,25,1
401ada84,FUN_401ada84,69,1
401adacc,FUN_401adacc,14,1
401adadc,FUN_401adadc,14,1
401adaec,FUN_401adaec,16,1
401adafc,FUN_401adafc,22,1
401adb14,FUN_401adb14,31,1
401adb34,FUN_401adb34,23,1
401adb4c,FUN_401adb4c,45,1
401adb7c,FUN_401adb7c,10,1
401adb88,FUN_401adb88,15,1
401adb98,FUN_401adb98,24,1
401adbb0,FUN_401adbb0,59,1
401adbec,FUN_401adbec,26,1
401adc08,FUN_401adc08,30,1
401adc28,FUN_401adc28,77,1
401adc78,FUN_401adc78,10,1
401adc84,FUN_401adc84,10,1
401adc90,FUN_401adc90,11,1
401adc9c,FUN_401adc9c,11,1
401adca8,FUN_401adca8,26,1
401adcc4,FUN_401adcc4,26,1
401adce0,FUN_401adce0,24,1
401adcf8,FUN_401adcf8,19,1
401add0c,FUN_401add0c,20,1
401add20,FUN_401add20,5,1
401add28,FUN_401add28,8,1
401add30,FUN_401add30,7,1
401add38,FUN_401add38,8,1
401add40,FUN_401add40,8,1
401add48,FUN_401add48,7,1
401add50,FUN_401add50,17,1
401add64,FUN_401add64,7,1
401add6c,FUN_401add6c,268,1
401ade78,FUN_401ade78,34,1
401ade9c,FUN_401ade9c,193,1
401adf88,FUN_401adf88,58,1
401adfc4,FUN_401adfc4,34,1
401adfe8,FUN_401adfe8,7,1
401adff0,FUN_401adff0,7,1
401adff8,FUN_401adff8,7,1
401ae000,FUN_401ae000,7,1
401ae008,FUN_401ae008,5,1
401ae010,FUN_401ae010,41,1
401ae03c,FUN_401ae03c,62,1
401ae07c,FUN_401ae07c,70,1
401ae0c4,FUN_401ae0c4,24,1
401ae0dc,FUN_401ae0dc,7,1
401ae0e4,FUN_401ae0e4,7,1
401ae0ec,FUN_401ae0ec,22,1
401ae104,FUN_401ae104,52,1
401ae13c,FUN_401ae13c,27,1
401ae158,FUN_401ae158,46,1
401ae188,FUN_401ae188,36,1
401ae1b0,FUN_401ae1b0,49,1
401ae1e4,FUN_401ae1e4,26,1
401ae200,FUN_401ae200,7,1
401ae208,FUN_401ae208,7,1
401ae210,FUN_401ae210,41,1
401ae23c,FUN_401ae23c,5,1
401ae244,FUN_401ae244,5,1
401ae24c,FUN_401ae24c,5,1
401ae254,FUN_401ae254,7,1
401ae25c,FUN_401ae25c,5,1
401ae264,FUN_401ae264,35,1
401ae288,FUN_401ae288,32,1
401ae2a8,FUN_401ae2a8,5,1
401ae2b0,FUN_401ae2b0,45,1
401ae2e0,FUN_401ae2e0,5,1
401ae2e8,FUN_401ae2e8,7,1
401ae2f0,FUN_401ae2f0,68,1
401ae334,FUN_401ae334,8,1
401ae33c,FUN_401ae33c,28,1
401ae358,FUN_401ae358,24,1
401ae370,FUN_401ae370,5,1
401ae378,FUN_401ae378,17,1
401ae38c,FUN_401ae38c,37,1
401ae3b4,FUN_401ae3b4,58,1
401ae3f0,FUN_401ae3f0,15,1
401ae400,FUN_401ae400,2,1
401ae408,FUN_401ae408,91,1
401ae464,FUN_401ae464,5,1
401ae46c,FUN_401ae46c,21,1
401ae484,FUN_401ae484,5,1
401ae48c,FUN_401ae48c,35,1
401ae4b0,FUN_401ae4b0,35,1
401ae4d4,FUN_401ae4d4,45,1
401ae504,FUN_401ae504,39,1
401ae530,FUN_401ae530,87,1
401ae588,FUN_401ae588,86,1
401ae5e0,FUN_401ae5e0,68,1
401ae660,FUN_401ae660,20,1
401ae674,FUN_401ae674,35,1
401ae698,FUN_401ae698,7,1
401ae6a0,FUN_401ae6a0,7,1
401ae6a8,FUN_401ae6a8,7,1
401ae6b0,FUN_401ae6b0,5,1
401ae6b8,FUN_401ae6b8,5,1
401ae6c0,FUN_401ae6c0,30,1
401ae6e0,FUN_401ae6e0,11,1
401ae6ec,FUN_401ae6ec,5,1
401ae6f4,FUN_401ae6f4,74,1
401ae740,FUN_401ae740,35,1
401ae764,FUN_401ae764,198,1
401ae82c,FUN_401ae82c,44,1
401ae858,FUN_401ae858,6,1
401ae860,FUN_401ae860,17,1
401ae874,FUN_401ae874,5,1
401ae87c,FUN_401ae87c,7,1
401ae884,FUN_401ae884,9,1
401ae8e0,FUN_401ae8e0,6,1
401ae8f8,FUN_401ae8f8,5,1
401ae900,FUN_401ae900,10,1
401ae914,FUN_401ae914,39,1
401ae93c,FUN_401ae93c,37,1
401ae964,FUN_401ae964,22,1
401ae97c,FUN_401ae97c,31,1
401ae9ac,FUN_401ae9ac,88,1
401aea0c,FUN_401aea0c,125,1
401aea94,FUN_401aea94,128,1
401aeb24,FUN_401aeb24,201,1
401aec08,FUN_401aec08,484,1
401aee2c,FUN_401aee2c,1284,1
401af350,FUN_401af350,20,1
401af364,FUN_401af364,4,1
401af36c,FUN_401af36c,174,1
401af468,FUN_401af468,108,1
401af4d8,FUN_401af4d8,91,1
401af534,FUN_401af534,20,1
401af548,FUN_401af548,8,1
401af550,FUN_401af550,46,1
401af970,FUN_401af970,127,1
401af9f0,FUN_401af9f0,78,1
401afd18,FUN_401afd18,5,1
401afd24,FUN_401afd24,9,1
401afd30,FUN_401afd30,19,1
401afd50,FUN_401afd50,282,1
401aff04,FUN_401aff04,778,1
401b0220,FUN_401b0220,7,1
401b0228,FUN_401b0228,15,1
401b02cc,FUN_401b02cc,26,1
401b02e8,FUN_401b02e8,32,1
401b030c,FUN_401b030c,13,1
401b031c,FUN_401b031c,41,1
401b0354,FUN_401b0354,121,1
401b03d8,FUN_401b03d8,114,1
401b0450,FUN_401b0450,58,1
401b048c,FUN_401b048c,321,1
401b05e8,FUN_401b05e8,10,1
401b05f4,FUN_401b05f4,9,1
401b0600,FUN_401b0600,18,1
401b0618,FUN_401b0618,84,1
401b0690,FUN_401b0690,294,1
401b0804,FUN_401b0804,19,1
401b0818,FUN_401b0818,211,1
401b08ec,FUN_401b08ec,369,1
401b0a60,FUN_401b0a60,40,1
401b0a88,FUN_401b0a88,112,1
401b0afc,FUN_401b0afc,325,1
401b0c4c,FUN_401b0c4c,70,1
401b0c98,FUN_401b0c98,343,1
401b0df0,FUN_401b0df0,27,1
401b0e0c,FUN_401b0e0c,151,1
401b0ea4,FUN_401b0ea4,183,1
401b0f5c,FUN_401b0f5c,208,1
401b102c,FUN_401b102c,30,1
401b104c,FUN_401b104c,36,1
401b1168,FUN_401b1168,198,1
401b1890,FUN_401b1890,13,1
401b18a0,FUN_401b18a0,16,1
401b18b4,FUN_401b18b4,29,1
401b18d8,FUN_401b18d8,50,1
401b190c,FUN_401b190c,13,1
401b1920,FUN_401b1920,16,1
401b1930,FUN_401b1930,25,1
401b194c,FUN_401b194c,28,1
401b1968,FUN_401b1968,33,1
401b198c,FUN_401b198c,29,1
401b19ac,FUN_401b19ac,33,1
401b19d0,FUN_401b19d0,33,1
401b19f8,FUN_401b19f8,121,1
401b1a8c,FUN_401b1a8c,183,1
401b1b4c,FUN_401b1b4c,246,1
401b1c4c,FUN_401b1c4c,84,1
401b1cac,FUN_401b1cac,38,1
401b1ce0,FUN_401b1ce0,278,1
401b1df8,FUN_401b1df8,1,1
401b1fcc,FUN_401b1fcc,240,1
401b20e0,FUN_401b20e0,275,1
401b21ac,FUN_401b21ac,11,1
401b220c,FUN_401b220c,5,1
401b2214,FUN_401b2214,29,1
401b2234,FUN_401b2234,29,1
401b2254,FUN_401b2254,344,1
401b23b4,FUN_401b23b4,28,1
401b23d4,FUN_401b23d4,75,1
401b270e,FUN_401b270e,58,1
401b2748,FUN_401b2748,280,1
401b2860,FUN_401b2860,8,1
401b2868,FUN_401b2868,6,1
401b289c,FUN_401b289c,8,1
401b28c8,FUN_401b28c8,8,1
401b28d8,FUN_401b28d8,8,1
401b28e0,FUN_401b28e0,15,1
401b28f0,FUN_401b28f0,33,1
401b2914,FUN_401b2914,5,1
401b291c,FUN_401b291c,78,1
401b2a20,FUN_401b2a20,80,1
401b2b58,FUN_401b2b58,1,1
401b2b74,FUN_401b2b74,6,1
401b2b7c,FUN_401b2b7c,229,1
401b2c98,FUN_401b2c98,1,1
401b2ca0,FUN_401b2ca0,175,1
401b2d6c,FUN_401b2d6c,72,1
401b2dd4,FUN_401b2dd4,262,1
401b2ee0,FUN_401b2ee0,140,1
401b2f78,FUN_401b2f78,8,1
401b2f80,FUN_401b2f80,707,1
401b3244,FUN_401b3244,1,1
401b327c,FUN_401b327c,1,1
401b3320,FUN_401b3320,488,1
401b3530,FUN_401b3530,139,1
401b35dc,FUN_401b35dc,221,1
401b36e4,FUN_401b36e4,91,1
401b37b8,FUN_401b37b8,391,1
401b39a8,FUN_401b39a8,271,1
401b3ac4,FUN_401b3ac4,130,1
401b3b78,FUN_401b3b78,138,1
401b3c38,FUN_401b3c38,8,1
401b3c40,FUN_401b3c40,175,1
401b3d20,FUN_401b3d20,411,1
401b3ed4,FUN_401b3ed4,90,1
401b3f4c,FUN_401b3f4c,92,1
401b3fcc,FUN_401b3fcc,150,1
401b4078,FUN_401b4078,54,1
401b410c,FUN_401b410c,2,1
