FUN_400d2f94	3f425a84	        
FUN_400d3000	3f425a84	        
FUN_400d3040	3f425a84	        
FUN_400d319c	3f402fe6	I (%u) %s: Starting app cpu, entry point is %p 
FUN_400d319c	3f425a84	        
FUN_400d32f4	3f425a84	        
FUN_400d3488	3f425a84	        
FUN_400d392c	3f425a84	        
FUN_400d3a14	3f4033de	DebugIntr 
FUN_400d3a14	3f4039ae	  ELF file SHA256: 
FUN_400d3a14	3f421f80	Netscape Certificate Type
FUN_400d3b40	3f403291	do_core_init
FUN_400d3b40	3f403533	LCOUNT  
FUN_400d3b40	3f4037f9	StoreProhibited
FUN_400d3b40	40085750	{R@?6A
FUN_400d3b6c	3f4035ad	andled.
FUN_400d3b6c	3f4037f9	StoreProhibited
FUN_400d3c14	3f425a84	        
FUN_400d3c68	3f425a84	        
FUN_400d3cbc	3f425a84	        
FUN_400d3cf0	3f403934	 |<-CONTINUES
FUN_400d3d2c	3f425a84	        
FUN_400d3df4	3f403934	 |<-CONTINUES
FUN_400d3e48	3f4032b0	  Brownout detector was triggered    
FUN_400d3e48	3f403934	 |<-CONTINUES
FUN_400d3e48	3f403953	?Guru Meditation Error: Core 
FUN_400d3e48	3f403971	 panic'ed (
FUN_400d3e48	3f403981	Setting breakpoint at 0x
FUN_400d3e48	3f40399a	 and returning...  
FUN_400d3e48	3f4039ae	  ELF file SHA256: 
FUN_400d3e48	3f4039c2	Re-entered core dump! Exception happened during core dump!  
FUN_400d3e48	3f425a84	        
FUN_400d406c	3f425a84	        
FUN_400d4090	3f425a84	        
FUN_400d40ac	3f425a84	        
FUN_400d40cc	3f425a84	        
FUN_400d40cc	40125868	{R@?6a
FUN_400d42d0	3f421add	brainpool512r1
FUN_400d42d0	3f425a84	        
FUN_400d43cc	3f425a84	        
FUN_400d4db4	3f403a76	/dev/uart
FUN_400d4e98	3f403a76	/dev/uart
FUN_400d4e98	3f403a83	/dev/console
FUN_400d4ed0	3f403be0	uart_fsync
FUN_400d4ed0	3f425a84	        
FUN_400d4f1c	3f403be0	uart_fsync
FUN_400d4f1c	3f425a84	        
FUN_400d4fc8	3f403be0	uart_fsync
FUN_400d588c	3f403a83	/dev/console
FUN_400d588c	3f403b45	/IDF/components/vfs/vfs_uart.c
FUN_400d588c	3f403bb5	uart_read
FUN_400d58a8	3f403b45	/IDF/components/vfs/vfs_uart.c
FUN_400d58a8	3f403b99	uart_write
FUN_400d5998	3f403a83	/dev/console
FUN_400d5998	3f403b45	/IDF/components/vfs/vfs_uart.c
FUN_400d5998	3f403be0	uart_fsync
FUN_400d5ba4	40125868	{R@?6a
FUN_400d5bc0	40125868	{R@?6a
FUN_400d5f98	3f403ee2	heap_caps_malloc
FUN_400d5f98	3f403f0e	/IDF/components/heap/heap_caps_init.c
FUN_400d5f98	3f404007	heap_caps_init
FUN_400d61fc	3f425a84	        
FUN_400d62ac	3f404112	s_prepare_reserved_regions
FUN_400d62ac	3f404457	SPIRAM
FUN_400d631c	3f404016	register_heap
FUN_400d631c	3f404049	/IDF/components/heap/port/memory_layout_utils.c
FUN_400d631c	3f404079	reserved[i + 1].start > reserved[i].start
FUN_400d631c	3f4040a3	memory_layout
FUN_400d631c	3f4040b1	E (%u) %s: SOC_RESERVE_MEMORY_REGION region range 0x%08x - 0x%08x overlaps with 0x%08x - 0x%08x 
FUN_400d631c	3f404112	s_prepare_reserved_regions
FUN_400d631c	3f425a84	        
FUN_400d631c	40125868	{R@?6a
FUN_400d64b4	3f425a84	        
FUN_400d64b4	40125868	{R@?6a
FUN_400d6544	3f425a84	        
FUN_400d6554	3f425a84	        
FUN_400d6564	3f4045d0	/IDF/components/esp_hw_support/hw_random.c
FUN_400d6564	3f40d2d3	hci_hal_env.adv_fc_cmd_buf != NULL
FUN_400d65bc	3f4045fb	esp_fill_random
FUN_400d65bc	3f40464e	/IDF/components/esp_hw_support/intr_alloc.c
FUN_400d65bc	3f40469b	esp_intr_free
FUN_400d6714	3f40464e	/IDF/components/esp_hw_support/intr_alloc.c
FUN_400d6714	3f4046a9	is_vect_desc_usable
FUN_400d6714	3f425a84	        
FUN_400d6acc	3f40464e	/IDF/components/esp_hw_support/intr_alloc.c
FUN_400d6acc	3f40467a	svd != NULL
FUN_400d6acc	3f40468a	esp_intr_disable
FUN_400d6acc	3f425a84	        
FUN_400d6bbc	3f4046bd	find_desc_for_source
FUN_400d6bbc	3f4046d2	system_api
FUN_400d6bbc	3f4046dd	E (%s) %s: Base MAC address is NULL 
FUN_400d6bbc	40125868	{R@?6a
FUN_400d6c0c	3f4046bd	find_desc_for_source
FUN_400d6c0c	3f404702	E (%s) %s: Base MAC must be a unicast MAC 
FUN_400d6c0c	40125868	{R@?6a
FUN_400d6c5c	3f4046bd	find_desc_for_source
FUN_400d6c5c	3f40472d	I (%s) %s: Base MAC address is not set 
FUN_400d6c5c	3f40476a	/IDF/components/esp_hw_support/mac_addr.c
FUN_400d6c5c	3f40483d	I (%s) %s: read default base MAC address from EFUSE 
FUN_400d6c5c	3f425a84	        
FUN_400d6c5c	40125868	{R@?6a
FUN_400d6d14	3f4046bd	find_desc_for_source
FUN_400d6d14	3f404794	E (%s) %s: Base MAC address from BLK0 of EFUSE CRC error, efuse_crc = 0x%02x; calc_crc = 0x%02x 
FUN_400d6d14	3f4047f5	E (%s) %s: mac address param is NULL 
FUN_400d6d14	3f40481b	E (%s) %s: mac type is incorrect 
FUN_400d6d14	40125868	{R@?6a
FUN_400d6e20	3f425a84	        
FUN_400d6e44	3f42428e	E (%s) %s: Error in calculating sha1 sum , Returned 0x%02X 
FUN_400d6e44	3f425a84	        
FUN_400d70a4	3f4049b6	esp_timer
FUN_400d70a4	3f4049c0	ETSTimer
FUN_400d70a4	3f404a13	timer_initialized(ptimer)
FUN_400d70a4	3f404ad2	ets_timer_arm_us
FUN_400d710c	3f404ae3	ets_timer_setfn
FUN_400d710c	3f404af3	system_time
FUN_400d710c	40125868	{R@?6a
FUN_400d7170	3f425a84	        
FUN_400d71e8	3f404b38	apb_ticks_per_us >= 3 && "divider value too low"
FUN_400d71e8	3f404b9c	apb_ticks_per_us % TICKS_PER_US == 0 && "APB frequency (in MHz) should be divisible by TICK_PER_US"
FUN_400d71e8	3f404c00	esp_timer_impl
FUN_400d71e8	3f404c0f	E (%u) %s: esp_intr_alloc failed (0x%0x) 
FUN_400d71e8	3f404c39	esp_intr_enable(s_timer_interrupt_handle)
FUN_400d71e8	3f405fb0	/IDF/components/newlib/locks.c
FUN_400d71e8	3f405ff9	xQueueGetMutexHolder( ( h ) ) == ((void *)0)
FUN_400d71e8	3f406026	handle == (SemaphoreHandle_t) &s_common_mutex
FUN_400d71e8	3f406054	handle == (SemaphoreHandle_t) &s_common_recursive_mutex
FUN_400d71e8	3f425a84	        
FUN_400d74f8	3f425a84	        
FUN_400d751c	3f425a84	        
FUN_400d75d8	3ffc0bdc	Fatal error in queue_signal: s_meta_queue full 
FUN_400d7634	3f4060df	_lock_close
FUN_400d7634	3f4060eb	esp_intr_alloc(ETS_INTERNAL_SW1_INTR_SOURCE, ESP_INTR_FLAG_IRAM, queue_isr_handler, NULL, &ret_handle)
FUN_400d7634	3ffc0bdc	Fatal error in queue_signal: s_meta_queue full 
FUN_400d76b8	3f40617f	hli_queue_setup
FUN_400d76b8	3f40618f	display
FUN_400d76b8	3f406197	I (%s) %s: free heap size:%d 
FUN_400d76b8	3f4061b5	nvs_flash_erase()
FUN_400d76b8	3f4061c7	../main/src/app/rw_display.c
FUN_400d76b8	3f40a768	select_src_ret && set_div_ret
FUN_400d76b8	40125868	{R@?6a
FUN_400d7724	3f4061e4	app_main
FUN_400d7724	3f4061f1	I (%s) %s: main board init success 
FUN_400d7724	3f406215	I (%s) %s: init state is not successful, could not start process 
FUN_400d7724	3f406257	E (%s) %s: main board init failed 
FUN_400d7724	3f4169cd	smartconfig
FUN_400d7724	40125868	{R@?6a
FUN_400d7d48	3f4061e4	app_main
FUN_400d7d48	3f4064f8	I (%s) %s: init no error 
FUN_400d7d48	3f4065a3	initial
FUN_400d7d48	3f4169cd	smartconfig
FUN_400d7d48	40125868	{R@?6a
FUN_400d7dcc	3f4064f8	I (%s) %s: init no error 
FUN_400d7dcc	3f4065a3	initial
FUN_400d7dcc	40125868	{R@?6a
FUN_400d7de8	3f4061e4	app_main
FUN_400d7f7c	3f4065a3	initial
FUN_400d7f7c	3f4065e2	E (%s) %s: mboard port not inited 
FUN_400d7f7c	40085750	{R@?6A
FUN_400d7f7c	40125868	{R@?6a
FUN_400d8540	40085750	{R@?6A
FUN_400d8540	40125868	{R@?6a
FUN_400d8550	3f4066b9	I (%s) %s: restart recive MB heartbeat 
FUN_400d8550	3f425a84	        
FUN_400d8550	40125868	{R@?6a
FUN_400d88b0	3f425a84	        
FUN_400d8be0	3f425a84	        
FUN_400d90e4	3f4065ab	data manager service
FUN_400d90e4	3f406732	powerdown screen
FUN_400d90e4	40125868	{R@?6a
FUN_400d917c	3f402fe6	I (%u) %s: Starting app cpu, entry point is %p 
FUN_400d917c	3f4061e4	app_main
FUN_400d917c	3f406732	powerdown screen
FUN_400d917c	3f406753	W (%s) %s: json get bt failed 
FUN_400d917c	3f425a84	        
FUN_400d917c	40125868	{R@?6a
FUN_400d9374	3f425a84	        
FUN_400d9780	3f406732	powerdown screen
FUN_400d9780	3f4067ca	E (%s) %s: create monitor task failed 
FUN_400d9780	40085750	{R@?6A
FUN_400d9780	40125868	{R@?6a
FUN_400d9ae0	3f4061e4	app_main
FUN_400d9ae0	3f406753	W (%s) %s: json get bt failed 
FUN_400d9ae0	3f41eb19	/IDF/components/esp_http_client/lib/http_utils.c
FUN_400d9ae0	3f425a84	        
FUN_400d9b60	3f4061e4	app_main
FUN_400d9b60	3f4064f8	I (%s) %s: init no error 
FUN_400d9b60	3f4067f1	E (%s) %s: create port service failed 
FUN_400d9b60	40125868	{R@?6a
FUN_400d9bc0	3f4067f1	E (%s) %s: create port service failed 
FUN_400d9bc0	3f406818	MachineState
FUN_400d9bc0	3f406825	E (%s) %s: reserve time error statr %d end %d 
FUN_400d9bc0	3f406854	E (%s) %s: reserve weekday error : %d 
FUN_400d9bc0	3f425a84	        
FUN_400d9bc0	40125868	{R@?6a
FUN_400d9c68	3f425a84	        
FUN_400d9cb4	3f425a84	        
FUN_400d9d44	3f425a84	        
FUN_400d9d74	3f425a84	        
FUN_400d9dac	3f425a84	        
FUN_400d9ddc	3f4061e4	app_main
FUN_400d9ddc	3f40629a	I (%s) %s: Current App version is %s 
FUN_400d9ddc	3f4062c0	Robot_env
FUN_400d9ddc	3f4062d3	I (%s) %s: load iot mode %d 
FUN_400d9ddc	3f4062fa	I (%s) %s: load iot value %d 
FUN_400d9ddc	3f406318	mqtt://mergemqtt-wired.sk-robot.com
FUN_400d9ddc	3f40633c	mqtt://test1.sk-robot.com
FUN_400d9ddc	3f406356	mqtt://test2.sk-robot.com
FUN_400d9ddc	3f406370	mqtt://test3.sk-robot.com
FUN_400d9ddc	3f4063a5	I (%s) %s: load robot version 
FUN_400d9ddc	3f4063f5	I (%s) %s: load robot fw_ver %d 
FUN_400d9ddc	3f406421	I (%s) %s: load device name %s 
FUN_400d9ddc	3f406732	powerdown screen
FUN_400d9ddc	3f4067f1	E (%s) %s: create port service failed 
FUN_400d9ddc	3f40687b	I (%s) %s: add new reserve failed! 
FUN_400d9ddc	3f40689f	I (%s) %s: RF match start 
FUN_400d9ddc	3f4068ba	I (%s) %s: RF is matched 
FUN_400d9ddc	3f4068d4	bat_per
FUN_400d9ddc	3f4068e3	bat_ctime
FUN_400d9ddc	3f4068ed	bat_dtime
FUN_400d9ddc	3f4068f7	bat_health
FUN_400d9ddc	3f406902	rain_delay
FUN_400d9ddc	3f40690d	rain_state
FUN_400d9ddc	3f406918	total_minutes
FUN_400d9ddc	3f406926	on_minutes
FUN_400d9ddc	3f406931	cut_area
FUN_400d9ddc	3f40693a	cur_minutes
FUN_400d9ddc	3f406946	current_area
FUN_400d9ddc	3f406953	station
FUN_400d9ddc	3f406962	white_en
FUN_400d9ddc	3f40696b	night_en
FUN_400d9ddc	3f406974	night_start
FUN_400d9ddc	3f406980	night_end
FUN_400d9ddc	3f406991	ult_sen
FUN_400d9ddc	3f406999	I (%s) %s: Set name: %s 
FUN_400d9ddc	3f4069b8	I (%s) %s: Set model: %s 
FUN_400d9ddc	3f4069d8	I (%s) %s: Set avail: %d 
FUN_400d9ddc	3f4069f2	I (%s) %s: Set sn: %s 
FUN_400d9ddc	3f406a10	rain_en
FUN_400d9ddc	3f406a1f	zone_en
FUN_400d9ddc	3f406a2e	I (%s) %s: set iot mode %d 
FUN_400d9ddc	3f406a4a	I (%s) %s: set iot value %d 
FUN_400d9ddc	3f406a67	sp_en
FUN_400d9ddc	3f406a74	info_state
FUN_400d9ddc	3f406a7f	map_en
FUN_400d9ddc	3f406a8d	bat_name
FUN_400d9ddc	3f406a9c	boot_en
FUN_400d9ddc	3f406ae3	zone_ex
FUN_400d9ddc	3f406af2	add_func
FUN_400d9ddc	3f406afb	I (%s) %s: env set version ok 
FUN_400d9ddc	3f406b1a	I (%s) %s: env set version failed 
FUN_400d9ddc	3f406b48	E (%s) %s: MB set reserve1 failed 
FUN_400d9ddc	3f406b6b	E (%s) %s: MB set reserve2 failed 
FUN_400d9ddc	3f406b8e	mul_en
FUN_400d9ddc	3f406b95	mul_auto
FUN_400d9ddc	3f406b9e	meter_en
FUN_400d9ddc	3f406bdf	meter_z1
FUN_400d9ddc	3f406be8	meter_z2
FUN_400d9ddc	3f406bf1	meter_z3
FUN_400d9ddc	3f406bfa	meter_z4
FUN_400d9ddc	3f406c04	nk_mqtt
FUN_400d9ddc	3f406c0c	robot_ssid
FUN_400d9ddc	3f406c17	robot_password
FUN_400d9ddc	3f406c4b	E (%s) %s: Check password failed 
FUN_400d9ddc	3f406f74	power
FUN_400d9ddc	3f4073fe	tue2_len
FUN_400d9ddc	3f4177d2	check pbuf_skip result
FUN_400d9ddc	3f418024	tcp_receive: wrong state
FUN_400d9ddc	3f41c873	invalid HTTP version
FUN_400d9ddc	3f422141	id-at-givenName
FUN_400d9ddc	3f423268	opmode
FUN_400d9ddc	3f42335d	ap.ssid
FUN_400d9ddc	3f4243b4	Interrupted system call
FUN_400d9ddc	3f425a84	        
FUN_400d9ddc	40125868	{R@?6a
FUN_400daa88	3f406c74	MachineStatus
FUN_400daac0	3f406c82	send bt status
FUN_400daac0	40085750	{R@?6A
FUN_400daaf8	3f425a84	        
FUN_400dabf0	3f4067f1	E (%s) %s: create port service failed 
FUN_400dabf0	3f406c91	send wifi status
FUN_400dabf0	3f406ca2	I (%s) %s: MachineStatus thread start 
FUN_400dabf0	3f406cdf	2x-%02x
FUN_400dabf0	3f406ce7	E (%s) %s: initialze robot reserve failed 
FUN_400dabf0	3f406d12	E (%s) %s: initialze robot rain failed 
FUN_400dabf0	3f406d3a	E (%s) %s: initialze robot multi failed 
FUN_400dabf0	3f406d63	E (%s) %s: initialze robot version failed 
FUN_400dabf0	3f406d8e	E (%s) %s: initialze robot led failed 
FUN_400dabf0	3f406db5	E (%s) %s: initialze robot ultra failed 
FUN_400dabf0	3f406dde	E (%s) %s: initialze robot map version failed 
FUN_400dabf0	3f406e0d	W (%s) %s: free heap size:%d 
FUN_400dabf0	3f425a84	        
FUN_400dabf0	40125868	{R@?6a
FUN_400db0e0	40085750	{R@?6A
FUN_400db2a8	3f425a84	        
FUN_400db2b8	3f425a84	        
FUN_400db2c8	3f425a84	        
FUN_400db2d8	3f425a84	        
FUN_400db2ec	3f425a84	        
FUN_400db300	3f425a84	        
FUN_400db314	3f425a84	        
FUN_400db328	3f425a84	        
FUN_400db37c	3f425a84	        
FUN_400db388	3f425a84	        
FUN_400db394	3f406eff	buzzer timer
FUN_400db468	3f4061e4	app_main
FUN_400db468	3f406f2c	log thread
FUN_400db468	3f425a84	        
FUN_400db4e4	3f425a84	        
FUN_400db55c	3f425a84	        
FUN_400db588	3f404079	reserved[i + 1].start > reserved[i].start
FUN_400db588	3f4061e4	app_main
FUN_400db588	3f406732	powerdown screen
FUN_400db588	3f4068ba	I (%s) %s: RF is matched 
FUN_400db588	3f406946	current_area
FUN_400db588	3f406953	station
FUN_400db588	3f406999	I (%s) %s: Set name: %s 
FUN_400db588	3f4069b8	I (%s) %s: Set model: %s 
FUN_400db588	3f4069f2	I (%s) %s: Set sn: %s 
FUN_400db588	3f406a74	info_state
FUN_400db588	3f406a9c	boot_en
FUN_400db588	3f406ae3	zone_ex
FUN_400db588	3f406b1a	I (%s) %s: env set version failed 
FUN_400db588	3f406b6b	E (%s) %s: MB set reserve2 failed 
FUN_400db588	3f406b8e	mul_en
FUN_400db588	3f406c4b	E (%s) %s: Check password failed 
FUN_400db588	3f406c91	send wifi status
FUN_400db588	3f406f2c	log thread
FUN_400db588	3f406f3b	iot drive
FUN_400db588	3f406f45	E (%s) %s: creat json object failed 
FUN_400db588	3f406f6a	errortype
FUN_400db588	3f406f74	power
FUN_400db588	3f406f7a	on_area
FUN_400db588	3f406f89	total_min
FUN_400db588	3f406f93	cur_min
FUN_400db588	3f406f9b	cur_area
FUN_400db588	3f406fa5	wifi_lv
FUN_400db588	3f406fad	rain_status
FUN_400db588	3f406fb9	rain_delay_set
FUN_400db588	3f406fc8	rain_delay_left
FUN_400db588	3f406fd8	led_mode
FUN_400db588	3f406fe1	led_night
FUN_400db588	3f406feb	led_start
FUN_400db588	3f406ff5	led_end
FUN_400db588	3f406ffd	ultra_en
FUN_400db588	3f407007	ltra_lv
FUN_400db588	3f40700f	bat_type
FUN_400db588	3f407018	bat_ctimes
FUN_400db588	3f407023	bat_dtimes
FUN_400db588	3f40702e	bat_change
FUN_400db588	3f40703f	Trimming
FUN_400db588	3f407048	passwd_res
FUN_400db588	3f407053	language
FUN_400db588	3f40705c	mul_mode
FUN_400db588	3f407066	ul_zon1
FUN_400db588	3f40706f	ul_zon2
FUN_400db588	3f407078	ul_zon3
FUN_400db588	3f407081	ul_zon4
FUN_400db588	3f407089	mul_meter1
FUN_400db588	3f407094	mul_meter2
FUN_400db588	3f40709f	mul_meter3
FUN_400db588	3f4070aa	mul_meter4
FUN_400db588	3f4070b5	mul_pro1
FUN_400db588	3f4070be	mul_pro2
FUN_400db588	3f4070c7	mul_pro3
FUN_400db588	3f4070e9	schedule
FUN_400db588	3f4070f7	multizone
FUN_400db588	3f407112	info_stat
FUN_400db588	3f40711c	sche_ex
FUN_400db588	3f4074de	market_active
FUN_400db588	3f407f1d	wl_state
FUN_400db588	3f408372	I (%s) %s: RF mode:915 
FUN_400db588	3f408394	I (%s) %s: KeyNum = %d 
FUN_400db588	3f409ecf	/%s/%s/update
FUN_400db588	3f418e23	dhcp_create_msg: check that first pbuf can hold struct dhcp_msg
FUN_400db588	3f41c7ac	stream ended at an unexpected time
FUN_400db588	3f41c873	invalid HTTP version
FUN_400db588	3f422141	id-at-givenName
FUN_400db588	3f42335d	ap.ssid
FUN_400db588	3f425a84	        
FUN_400db588	40125868	{R@?6a
FUN_400dd8c0	3f425a84	        
FUN_400dd97c	3f4074de	market_active
FUN_400dd97c	3f407521	t@?port drive
FUN_400dd97c	40125868	{R@?6a
FUN_400dda0c	3f40752f	I (%s) %s: add receive message head callback, head = 0x%08x, callback @0x%08x 
FUN_400dda0c	3f40757e	../main/src/driver/driver_mboard_port.c
FUN_400dda44	3f40752f	I (%s) %s: add receive message head callback, head = 0x%08x, callback @0x%08x 
FUN_400dda44	3f40757e	../main/src/driver/driver_mboard_port.c
FUN_400ddf6c	40085750	{R@?6A
FUN_400de0c0	3f425a84	        
FUN_400de0e0	3f425a84	        
FUN_400de12c	3f40723f	E (%s) %s: nvs open failed 
FUN_400de12c	3f4077b3	dp receive
FUN_400de12c	3f4077be	I (%s) %s: add fw %s type:%d, ver:%d,now is %d 
FUN_400de12c	3f4077ee	I (%s) %s: drop fw %s type:%d, ver:%d,now is %d 
FUN_400de12c	3f425a84	        
FUN_400de12c	40125868	{R@?6a
FUN_400de4cc	3f407934	W (%s) %s: ota cmd :%d acked :%d 
FUN_400de4cc	3f425a84	        
FUN_400de52c	3f40723f	E (%s) %s: nvs open failed 
FUN_400de52c	3f407956	http ota thread
FUN_400de52c	3f407966	I (%s) %s: ota_thread state:%d 
FUN_400de52c	3f407986	I (%s) %s: ota_thread send OTA_SENT_OTA_START success, version:%d 
FUN_400de52c	3f4079c9	W (%s) %s: set ota start failed,retry... 
FUN_400de52c	3f4079f3	E (%s) %s: set ota start failed 
FUN_400de52c	3f407a14	W (%s) %s: ota_thread state:%d, event:%d 
FUN_400de52c	3f407a3e	I (%s) %s: set ota speed success, speed:%d 
FUN_400de52c	3f407a6a	W (%s) %s: set ota speed failed 
FUN_400de52c	3f407aa3	MBTL_%d
FUN_400de52c	3f407aab	I (%s) %s: %s current version %d,new version is %d 
FUN_400de52c	3f407adf	I (%s) %s: fw is newest,no need to update 
FUN_400de52c	3f407b0a	I (%s) %s: fw %d is not exist,skip this fw 
FUN_400de52c	3f407b36	I (%s) %s: no new fw,no need to download 
FUN_400de52c	3f407b60	E (%s) %s: download type error 
FUN_400de52c	3f407b80	I (%s) %s: ota status:%d per :%d 
FUN_400de52c	3f407ba2	I (%s) %s: ota_thread stop success 
FUN_400de52c	3f425a84	        
FUN_400de52c	40125868	{R@?6a
FUN_400deb64	3f40723f	E (%s) %s: nvs open failed 
FUN_400deb64	3f407b60	E (%s) %s: download type error 
FUN_400deb64	3f407bc6	E (%s) %s: ota_thread send to bootloader OTA_SENT_OTA_STOP failed 
FUN_400deb64	3f425a84	        
FUN_400deb64	40125868	{R@?6a
FUN_400df278	40085750	{R@?6A
FUN_400df2d4	3f407d6b	rain detect thread
FUN_400df2d4	3f407d7e	seed_lib
FUN_400df2d4	3f407d87	STA_seed
FUN_400df2d4	3f407d90	nvs_set_u16(seed_nvs_handler, "STA_seed", *s_seed)
FUN_400df2d4	3f407dc3	../main/src/driver/driver_rf.c
FUN_400df2d4	3f407de2	MOW_seed
FUN_400df2d4	3f407deb	nvs_set_u16(seed_nvs_handler, "MOW_seed", *m_seed)
FUN_400df2d4	3f40811d	set_channel
FUN_400df340	3f425a84	        
FUN_400df36c	3f407e1e	nvs_commit(seed_nvs_handler)
FUN_400df36c	3f407e3e	W (%s) %s: put in queue failed, left:%d 
FUN_400df36c	40125868	{R@?6a
FUN_400df444	3f425a84	        
FUN_400df5dc	3f407d6b	rain detect thread
FUN_400df5dc	3f407d90	nvs_set_u16(seed_nvs_handler, "STA_seed", *s_seed)
FUN_400df5dc	3f407deb	nvs_set_u16(seed_nvs_handler, "MOW_seed", *m_seed)
FUN_400df5dc	3f407eaa	I (%s) %s: match start 
FUN_400df5dc	3f407ec2	RF_Channel
FUN_400df5dc	3f408114	get_seed
FUN_400df62c	3f407e1e	nvs_commit(seed_nvs_handler)
FUN_400df62c	3f407e67	E (%s) %s: send message too long 
FUN_400df62c	3f407ecd	nvs_set_u8(seed_nvs_handler, "RF_Channel", *chan)
FUN_400df62c	40125868	{R@?6a
FUN_400df6b8	3f4061e4	app_main
FUN_400df6b8	3f4064f8	I (%s) %s: init no error 
FUN_400df6b8	3f407e1e	nvs_commit(seed_nvs_handler)
FUN_400df6b8	3f407eff	I (%s) %s: match stop res=%d 
FUN_400df6b8	3f407f1d	wl_state
FUN_400df6b8	3f418024	tcp_receive: wrong state
FUN_400df6b8	40125868	{R@?6a
FUN_400dfa38	3f407e1e	nvs_commit(seed_nvs_handler)
FUN_400dfa38	3f408000	W (%s) %s: RF disconnected! 
FUN_400dfa38	3f40801d	I (%s) %s: RF factory test success 
FUN_400dfa38	3f408041	I (%s) %s: RF is connected 
FUN_400dfa38	3f40805d	I (%s) %s: GET shake, channel=%d 
FUN_400dfa38	3f425a84	        
FUN_400dfa38	40125868	{R@?6a
FUN_400dfdf4	3f408129	set_seed
FUN_400dfdf4	3f40813b	RF handle
FUN_400dfdf4	3f425a84	        
FUN_400dfdf4	40125868	{R@?6a
FUN_400dfff0	3f408145	E (%s) %s: RF_STATUS len %d error 
FUN_400dfff0	40085750	{R@?6A
FUN_400e0590	40085750	{R@?6A
FUN_400e0590	40125868	{R@?6a
FUN_400e0b04	3f408179	tube scan
FUN_400e0b04	3f408183	factory
FUN_400e0b04	3f40818b	E (%s) %s: %s-fail 
FUN_400e0b04	3f425a84	        
FUN_400e0b04	40125868	{R@?6a
FUN_400e0b7c	3f408179	tube scan
FUN_400e0b7c	3f40819f	I (%s) %s: %s-success 
FUN_400e0b7c	3f4081b6	I (%s) %s: TestProgress:%d 
FUN_400e0b7c	3f4081d2	I (%s) %s: Set into factory mode 
FUN_400e0b7c	3f4081f4	Factory_task
FUN_400e0b7c	3f408201	I (%s) %s: Set into factory mode 2 
FUN_400e0b7c	3f408227	-wifi- 
FUN_400e0b7c	3f40822f	ft-rain- 
FUN_400e0b7c	3f408239	SetFactory
FUN_400e0b7c	3f408244	ft-into
FUN_400e0b7c	3f40824c	ft-uart- 
FUN_400e0b7c	3f408256	ft-ble- 
FUN_400e0b7c	3f40825f	ft-rf- 
FUN_400e0b7c	3f408268	t-lcd- 
FUN_400e0b7c	3f408270	ft-beep- 
FUN_400e0b7c	40125868	{R@?6a
FUN_400e0ce0	3f403465	C      
FUN_400e0ce0	3f408270	ft-beep- 
FUN_400e0d38	3f425a84	        
FUN_400e0d64	3f403465	C      
FUN_400e0d64	3f406753	W (%s) %s: json get bt failed 
FUN_400e0d64	3f4070e9	schedule
FUN_400e0d64	3f407356	cy-public
FUN_400e0d64	3f408179	tube scan
FUN_400e0d64	3f408270	ft-beep- 
FUN_400e0d64	3f408292	I (%s) %s: Factory_task start 
FUN_400e0d64	3f4082b1	%02X%02X%02X%02X%02X%02X
FUN_400e0d64	3f4082d1	I (%s) %s: ft_ble_name:%s 
FUN_400e0d64	3f408322	I (%s) %s: ft wifi is connected 
FUN_400e0d64	3f408343	I (%s) %s: RF mode:NO 
FUN_400e0d64	3f40835a	I (%s) %s: RF mode:868 
FUN_400e0d64	3f408372	I (%s) %s: RF mode:915 
FUN_400e0d64	3f408394	I (%s) %s: KeyNum = %d 
FUN_400e0d64	3f4083b1	ft-rf-1
FUN_400e0d64	3f4083b9	ft-uart-1
FUN_400e0d64	3f4083c3	ft-ble-1
FUN_400e0d64	3f4083cc	ft-wifi-1
FUN_400e0d64	3f4083dc	t-key-1
FUN_400e0d64	3f409fab	E (%s) %s: uart event type: %d  
FUN_400e0d64	3f421b1b	Generic EC key
FUN_400e0d64	3f425a84	        
FUN_400e0d64	40125868	{R@?6a
FUN_400e13cc	3f425a84	        
FUN_400e13e0	3f425a84	        
FUN_400e159c	3f4061e4	app_main
FUN_400e159c	3f4064f8	I (%s) %s: init no error 
FUN_400e159c	3f406753	W (%s) %s: json get bt failed 
FUN_400e159c	3f4083e4	ft-rain-1
FUN_400e159c	40125868	{R@?6a
FUN_400e1c10	3f4064f8	I (%s) %s: init no error 
FUN_400e1c10	40125868	{R@?6a
FUN_400e1c2c	3f4061e4	app_main
FUN_400e1cb8	3f4061e4	app_main
FUN_400e1d00	3f4061e4	app_main
FUN_400e1d4c	3f4061e4	app_main
FUN_400e1d4c	3f4068f7	bat_health
FUN_400e1d4c	3f406953	station
FUN_400e1d4c	3f406962	white_en
FUN_400e1d4c	3f40696b	night_en
FUN_400e1d4c	3f406974	night_start
FUN_400e1d4c	3f406980	night_end
FUN_400e1d4c	3f4069f2	I (%s) %s: Set sn: %s 
FUN_400e1d4c	3f406b6b	E (%s) %s: MB set reserve2 failed 
FUN_400e1d4c	3f406b95	mul_auto
FUN_400e1d4c	3f406b9e	meter_en
FUN_400e1d4c	3f406bdf	meter_z1
FUN_400e1d4c	3f406be8	meter_z2
FUN_400e1d4c	3f406bf1	meter_z3
FUN_400e1d4c	3f425a84	        
FUN_400e2224	3f408665	E (%s) %s: create task failed 
FUN_400e2224	3f408684	I (%s) %s: add item %s 
FUN_400e2224	3f40869c	E (%s) %s: add item failed,can't malloc memery 
FUN_400e2224	40125868	{R@?6a
FUN_400e2294	3f4086cc	E (%s) %s: node can't be null 
FUN_400e2294	3f4086fa	I (%s) %s: add rain menu 
FUN_400e2294	3f408719	I (%s) %s: add zone menu 
FUN_400e2294	3f408738	I (%s) %s: add led menu 
FUN_400e2294	3f425a84	        
FUN_400e2294	40085750	{R@?6A
FUN_400e2294	40125868	{R@?6a
FUN_400e23f0	3f408756	I (%s) %s: add ult menu 
FUN_400e23f0	3f40876f	I (%s) %s: send command clear user setting 
FUN_400e23f0	40125868	{R@?6a
FUN_400e41a8	3f40888e	E (%s) %s: display process run failed 
FUN_400e41a8	3f408917	E (%s) %s: new len is null 
FUN_400e41a8	3f408933	E (%s) %s: receive message len is too short 
FUN_400e41a8	3f408960	E (%s) %s: receive message len is over max 
FUN_400e41a8	3f40898c	I (%s) %s: encode message 
FUN_400e41a8	3f4089a7	E (%s) %s: message is too short 
FUN_400e41a8	3f4089c8	E (%s) %s: crc error 
FUN_400e41a8	3f4089de	E (%s) %s: message error 
FUN_400e41a8	3f4089f8	E (%s) %s: message not pack end 
FUN_400e41a8	3f408a19	E (%s) %s: new lenth is too short 
FUN_400e41a8	3f408a3c	E (%s) %s: remove crc and unpack message failed 
FUN_400e41a8	3f408a6d	E (%s) %s: message lenth : %d 
FUN_400e41a8	40125868	{R@?6a
FUN_400e48c4	3f425a84	        
FUN_400e4914	3f408d93	E (%s) %s: http download timeout 
FUN_400e4914	3f408db5	driver_map
FUN_400e4914	3f408dc0	I (%s) %s: get map info map:%d index:%d ver:%d 
FUN_400e4914	40125868	{R@?6a
FUN_400e4984	3f408df0	I (%s) %s: get map point map:%d ver:%d 
FUN_400e49d8	3f408df0	I (%s) %s: get map point map:%d ver:%d 
FUN_400e49d8	3f409019	iFi_cfg
FUN_400e49d8	3f409021	nvs_open("WiFi_cfg", NVS_READWRITE, &wificfg_nvs_handler)
FUN_400e49d8	3f40905b	../components/wifi_driver/src/wifi_driver_api.c
FUN_400e49d8	3f40908b	wifi_ssid
FUN_400e49d8	3f409095	nvs_set_str(wificfg_nvs_handler, "wifi_ssid", ssid)
FUN_400e49d8	3f4090c9	wifi_passwd
FUN_400e49d8	3f4090d5	nvs_set_str(wificfg_nvs_handler, "wifi_passwd", password)
FUN_400e49d8	3f40910f	nvs_commit(wificfg_nvs_handler)
FUN_400e4a4c	3f407326	I (%s) %s: %s, set wifi ssid & passwd default. 
FUN_400e4a4c	3f407356	cy-public
FUN_400e4a4c	3f408df0	I (%s) %s: get map point map:%d ver:%d 
FUN_400e4a4c	3f40905b	../components/wifi_driver/src/wifi_driver_api.c
FUN_400e4a4c	3f409095	nvs_set_str(wificfg_nvs_handler, "wifi_ssid", ssid)
FUN_400e4ad8	3f40912f	wifi_driver_store_ap_info
FUN_400e4ad8	3f409149	wifi_driver_port
FUN_400e4ad8	3f40915a	W (%s) %s: is_wifi_connected = %d 
FUN_400e4ad8	3f40917d	W (%s) %s: wifi disconnect reason : %d 
FUN_400e4ad8	3f4091a5	W (%s) %s: wifi disconnect : 4way handshake timeout 
FUN_400e4ad8	3f4091da	W (%s) %s: wifi disconnect : beacon timeout 
FUN_400e4ad8	3f409207	W (%s) %s: wifi disconnect : no ap found 
FUN_400e4ad8	3f409231	W (%s) %s: wifi disconnect : auth fail 
FUN_400e4ad8	3f409259	W (%s) %s: wifi disconnect : assoc fail 
FUN_400e4ad8	3f409282	W (%s) %s: wifi disconnect : handshake timeout 
FUN_400e4ad8	3f4092b2	W (%s) %s: wifi disconnect : connection fail 
FUN_400e4ad8	3f4092e0	W (%s) %s: wifi disconnect : error code %d 
FUN_400e4ad8	3f40930c	I (%s) %s: got ip:%d.%d.%d.%d 
FUN_400e4ad8	3f425a84	        
FUN_400e4ad8	40125868	{R@?6a
FUN_400e4c7c	3f40912f	wifi_driver_store_ap_info
FUN_400e4c7c	3f40932b	W (%s) %s: lost ip 
FUN_400e4c7c	3f40933f	esp_netif_init()
FUN_400e4c7c	3f409350	../components/wifi_driver/src/wifi_driver_port.c
FUN_400e4c7c	3f409381	esp_event_loop_create_default()
FUN_400e4c7c	3f4093a1	esp_wifi_init(&cfg)
FUN_400e4c7c	3f4093b5	esp_event_handler_instance_register(WIFI_EVENT, ESP_EVENT_ANY_ID, &event_handler, NULL, &instance_wifi_event)
FUN_400e4c7c	3f409423	esp_event_handler_instance_register(IP_EVENT, ESP_EVENT_ANY_ID, &event_handler, NULL, &instance_ip_event)
FUN_400e4c7c	3f40948d	esp_wifi_set_mode(WIFI_MODE_STA)
FUN_400e4c7c	3f4094ae	esp_wifi_set_config(WIFI_IF_STA, &wifi_config)
FUN_400e4c7c	3f4094dd	esp_wifi_start()
FUN_400e4c7c	3f409663	wifi_driver_port_connect
FUN_400e4c7c	3f415f2a	E (%s) %s: invalid event base %s 
FUN_400e4c7c	3f425a84	        
FUN_400e4c7c	40125868	{R@?6a
FUN_400e4de0	3f40912f	wifi_driver_store_ap_info
FUN_400e4de0	3f40933f	esp_netif_init()
FUN_400e4de0	3f40948d	esp_wifi_set_mode(WIFI_MODE_STA)
FUN_400e4de0	3f4094ee	I (%s) %s: wifi_init_sta finished. 
FUN_400e4de0	3f409512	I (%s) %s: wifi config changed, reconnecting... 
FUN_400e4de0	3f409543	I (%s) %s: is_wifi_connected == true 
FUN_400e4de0	3f409569	esp_wifi_disconnect()
FUN_400e4de0	3f409659	wifi_task
FUN_400e4de0	40125868	{R@?6a
FUN_400e4eac	3f40912f	wifi_driver_store_ap_info
FUN_400e4eac	3f40957f	connect to wifi ssid:%s, password:%s 
FUN_400e4eac	3f4095a5	I (%s) %s: wifi init 
FUN_400e4eac	3f4095bb	I (%s) %s: wifi connect 
FUN_400e4eac	3f4095d4	W (%s) %s: wifi connect timeout 
FUN_400e4eac	3f4095f5	I (%s) %s: wifi connected 
FUN_400e4eac	3f409610	I (%s) %s: wifi disconnected 
FUN_400e4eac	40125868	{R@?6a
FUN_400e5160	3f425a84	        
FUN_400e5178	3f425a84	        
FUN_400e5190	3f425a84	        
FUN_400e51a8	3f425a84	        
FUN_400e5358	3f409692	iot_mqtt_uri
FUN_400e5358	3f4096f7	I (%s) %s: mqtt uri:%s 
FUN_400e5358	3f40970f	I (%s) %s: BLE CONNECTED 
FUN_400e5358	3f425a84	        
FUN_400e5358	40125868	{R@?6a
FUN_400e5410	3f409692	iot_mqtt_uri
FUN_400e5410	3f40976b	bt thread
FUN_400e5410	3f409775	I (%s) %s: SERVER CONNECTED  
FUN_400e5410	3f409793	I (%s) %s: SERVER DISCONNECT  
FUN_400e5410	3f425a84	        
FUN_400e5410	40125868	{R@?6a
FUN_400e5664	3f40981e	I (%s) %s: WIFI_EVENT_STA_DISCONNECTED 
FUN_400e5664	3f4098de	W (%s) %s: GAP_EVT, event=%d  
FUN_400e5664	3f4098fd	esp_bt_controller_mem_release(ESP_BT_MODE_CLASSIC_BT)
FUN_400e5664	3f409933	../components/Iot_Xulian/src/LSBle.c
FUN_400e5664	3f409958	E (%s) %s: %s enable controller failed: %s  
FUN_400e5664	3f409985	I (%s) %s: %s init bluetooth  
FUN_400e5664	3f4099a4	E (%s) %s: %s init bluetooth failed: %s  
FUN_400e5664	3f4099ce	E (%s) %s: %s enable bluetooth failed: %s  
FUN_400e5664	3f4099fa	E (%s) %s: set local  MTU failed, error code = %x 
FUN_400e5664	3f409c65	store_wr_buffer
FUN_400e5664	40085750	{R@?6A
FUN_400e5664	40125868	{R@?6a
FUN_400e5760	3f4099fa	E (%s) %s: set local  MTU failed, error code = %x 
FUN_400e5760	40085750	{R@?6A
FUN_400e57b0	3f40981e	I (%s) %s: WIFI_EVENT_STA_DISCONNECTED 
FUN_400e57b0	3f409a52	  BtRxTask
FUN_400e57b0	3f409c49	LSBleSend
FUN_400e57b0	3f425a84	        
FUN_400e57b0	40125868	{R@?6a
FUN_400e58b0	3f40981e	I (%s) %s: WIFI_EVENT_STA_DISCONNECTED 
FUN_400e58b0	3f409a5d	E (%s) %s: %s malloc.2 failed  
FUN_400e58b0	3f409a7d	E (%s) %s: %s is not enable Notify  
FUN_400e58b0	3f409c3a	BleProtoRecvCb
FUN_400e58b0	40125868	{R@?6a
FUN_400e5f54	3f425a84	        
FUN_400e5f54	40085750	{R@?6A
FUN_400e5fa0	3f409eb1	W (%s) %s: Other event id:%d 
FUN_400e5fa0	40125868	{R@?6a
FUN_400e5fe4	3f409ecf	/%s/%s/update
FUN_400e5fe4	40125868	{R@?6a
FUN_400e61e4	3f409fab	E (%s) %s: uart event type: %d  
FUN_400e6258	3f409edd	/%s/%s/map
FUN_400e6258	3f409fcc	listen uart
FUN_400e6258	40125868	{R@?6a
FUN_400e62b8	3f409edd	/%s/%s/map
FUN_400e62b8	3f409fd8	W (%s) %s: uart send failed ,len=%d, ret=%d 
FUN_400e62b8	3f40a005	E (%s) %s: uart set speed failed 
FUN_400e62b8	40125868	{R@?6a
FUN_400e6340	3f40a027	I (%s) %s: uart set speed %d,success 
FUN_400e6340	40125868	{R@?6a
FUN_400e63a0	3f40a027	I (%s) %s: uart set speed %d,success 
FUN_400e63a0	3f40a053	I (%s) %s: RF change channel %d 
FUN_400e63a0	3f40a074	I (%s) %s: rf mode 868 
FUN_400e63a0	3f40a0e1	E (%s) %s: RF_Process error! 
FUN_400e63a0	40125868	{R@?6a
FUN_400e651c	3f40a027	I (%s) %s: uart set speed %d,success 
FUN_400e651c	3f40a08c	I (%s) %s: rf mode 915 
FUN_400e651c	3f40a0a4	I (%s) %s: RF change sync %x 
FUN_400e651c	40125868	{R@?6a
FUN_400e657c	3f425a84	        
FUN_400e65a8	3f425a84	        
FUN_400e65d4	3f40a027	I (%s) %s: uart set speed %d,success 
FUN_400e65d4	3f40a0c2	E (%s) %s: set sync %x failed 
FUN_400e65d4	3f425a84	        
FUN_400e65d4	40125868	{R@?6a
FUN_400e6884	3f40a0e1	E (%s) %s: RF_Process error! 
FUN_400e6884	3f40a1f1	E (%s) %s: spi polling failed 
FUN_400e6884	3f40a768	select_src_ret && set_div_ret
FUN_400e6884	40085750	{R@?6A
FUN_400e69ac	3f40a1bf	../components/cmt2300a/src/cmt2300a_hal.c
FUN_400e69ac	3f40a1e9	spi hal
FUN_400e69ac	40125868	{R@?6a
FUN_400e6a04	3f40a1bf	../components/cmt2300a/src/cmt2300a_hal.c
FUN_400e6a04	3f40a1e9	spi hal
FUN_400e6a04	40125868	{R@?6a
FUN_400e6a60	3f40a1bf	../components/cmt2300a/src/cmt2300a_hal.c
FUN_400e6a60	3f40a1e9	spi hal
FUN_400e6a60	40125868	{R@?6a
FUN_400e6ab4	3f40a1bf	../components/cmt2300a/src/cmt2300a_hal.c
FUN_400e6ab4	3f40a1e9	spi hal
FUN_400e6ab4	40125868	{R@?6a
FUN_400e6b44	3f40a210	CMT2300A_sdio_init
FUN_400e6b44	3f40a223	cmt_lib
FUN_400e6b44	40125868	{R@?6a
FUN_400e7528	3ffc0bdc	Fatal error in queue_signal: s_meta_queue full 
FUN_400e75c4	40125868	{R@?6a
FUN_400e7638	40125868	{R@?6a
FUN_400e7648	3ffc0bdc	Fatal error in queue_signal: s_meta_queue full 
FUN_400e7738	3ffc0bdc	Fatal error in queue_signal: s_meta_queue full 
FUN_400e7758	3f40a64e	/IDF/components/bt/controller/esp32/bt.c
FUN_400e7758	3f40a6ab	hli_cb.nested > 0
FUN_400e7758	3f40a880	queue_recv_from_isr_hlevel_wrapper
FUN_400e7794	3f40a64e	/IDF/components/bt/controller/esp32/bt.c
FUN_400e7794	3f40a6d1	queue_item
FUN_400e7794	3f40a8a3	queue_create_wrapper
FUN_400e7884	3f408129	set_seed
FUN_400e7884	3f40a64e	/IDF/components/bt/controller/esp32/bt.c
FUN_400e7884	3f40a6dc	queue_item->handle
FUN_400e7884	3f40a786	W (%s) %s: Register shutdown handler failed, ret = 0x%x 
FUN_400e78dc	3ffc0bdc	Fatal error in queue_signal: s_meta_queue full 
FUN_400e78dc	40085750	{R@?6A
FUN_400e7950	3f40a62e	E (%s) %s: task created failed 
FUN_400e7950	3f40a6f6	s_semaphore
FUN_400e7950	3f40a8dd	esp_bt_controller_init
FUN_400e7950	3ffc0bdc	Fatal error in queue_signal: s_meta_queue full 
FUN_400e7950	3ffc22ba	[%u] %s %u 
FUN_400e7a24	3f40a64e	/IDF/components/bt/controller/esp32/bt.c
FUN_400e7a24	3f40a702	try_heap_caps_add_region(mem_start, mem_end)
FUN_400e7a24	3f40a72f	BTDM_INIT
FUN_400e7a24	3f40a739	I (%s) %s: BT controller compile version [%s] 
FUN_400e7a24	3f40a8b8	customer_queue_create_hlevel_wrapper
FUN_400e7a24	3f40a8f4	esp_bt_controller_mem_release
FUN_400e7a24	3ffc0bdc	Fatal error in queue_signal: s_meta_queue full 
FUN_400e7a24	3ffc22ba	[%u] %s %u 
FUN_400e7a24	40125868	{R@?6a
FUN_400e7ba8	3f40a702	try_heap_caps_add_region(mem_start, mem_end)
FUN_400e7ba8	3f40a768	select_src_ret && set_div_ret
FUN_400e7ba8	3ffc0bdc	Fatal error in queue_signal: s_meta_queue full 
FUN_400e7ba8	40125868	{R@?6a
FUN_400e7c24	3ffc0bdc	Fatal error in queue_signal: s_meta_queue full 
FUN_400e7e70	40085750	{R@?6A
FUN_400e7f58	40085750	{R@?6A
FUN_400e7fe0	40085750	{R@?6A
FUN_400e806c	3f40a8f4	esp_bt_controller_mem_release
FUN_400e806c	3f40aa08	DevType
FUN_400e806c	3f40aa10	AddrType
FUN_400e806c	3f40aa19	LinkKey
FUN_400e806c	3f40aa21	LE_KEY_PENC
FUN_400e806c	3f40aa2d	LE_KEY_PID
FUN_400e806c	3f40aa38	LE_KEY_PCSRK
FUN_400e806c	3f40aa45	LE_KEY_LENC
FUN_400e8188	3f40aa19	LinkKey
FUN_400e8188	3f40aa21	LE_KEY_PENC
FUN_400e8188	3f40aa2d	LE_KEY_PID
FUN_400e8188	3f40aa38	LE_KEY_PCSRK
FUN_400e8188	3f40aa45	LE_KEY_LENC
FUN_400e81e4	3f40aa51	LE_KEY_LCSRK
FUN_400e8270	3f40aa19	LinkKey
FUN_400e8270	3f40aa21	LE_KEY_PENC
FUN_400e8270	3f40aa2d	LE_KEY_PID
FUN_400e8270	3f40aa38	LE_KEY_PCSRK
FUN_400e8270	3f40aa45	LE_KEY_LENC
FUN_400e8270	3f40aa5e	AuthMode
FUN_400e82e8	3f40aa08	DevType
FUN_400e82e8	3f40aa19	LinkKey
FUN_400e82e8	3f40aa21	LE_KEY_PENC
FUN_400e82e8	3f40aa2d	LE_KEY_PID
FUN_400e82e8	3f40aa38	LE_KEY_PCSRK
FUN_400e82e8	3f40aa45	LE_KEY_LENC
FUN_400e82e8	3f40aa5e	AuthMode
FUN_400e8408	3f40aa67	LE_KEY_LID
FUN_400e8408	3f40aa72	LE_LOCAL_KEY_ER
FUN_400e8408	3f40aa82	LE_LOCAL_KEY_IR
FUN_400e8408	3f40aa92	LE_LOCAL_KEY_DHK
FUN_400e8408	3f40aaa3	LE_LOCAL_KEY_IRK
FUN_400e84a0	3f40a8f4	esp_bt_controller_mem_release
FUN_400e8534	3f40aa51	LE_KEY_LCSRK
FUN_400e85b4	3f40aa08	DevType
FUN_400e8628	3f40a8f4	esp_bt_controller_mem_release
FUN_400e8628	3f40aa08	DevType
FUN_400e8770	3f40ab06	0123456789abcdef
FUN_400e87b4	3f40aace	/IDF/components/bt/host/bluedroid/btc/core/btc_config.c
FUN_400e87b4	3f40ab17	bt_config.conf
FUN_400e87b4	3f40ab26	config != NULL
FUN_400e87b4	3f40ab35	section != NULL
FUN_400e87b4	3f40ac36	btc_config_get_int
FUN_400e87f8	3f40aab4	Adapter
FUN_400e87f8	3f40aace	/IDF/components/bt/host/bluedroid/btc/core/btc_config.c
FUN_400e87f8	3f40ab17	bt_config.conf
FUN_400e87f8	3f40ab26	config != NULL
FUN_400e87f8	3f40ab35	section != NULL
FUN_400e87f8	3f40ac23	btc_config_set_int
FUN_400e885c	3f40aace	/IDF/components/bt/host/bluedroid/btc/core/btc_config.c
FUN_400e885c	3f40ab17	bt_config.conf
FUN_400e885c	3f40ab26	config != NULL
FUN_400e885c	3f40ab35	section != NULL
FUN_400e885c	3f40ac10	btc_config_get_bin
FUN_400e88a4	3f406ca2	I (%s) %s: MachineStatus thread start 
FUN_400e88a4	3f40aab4	Adapter
FUN_400e88a4	3f40aace	/IDF/components/bt/host/bluedroid/btc/core/btc_config.c
FUN_400e88a4	3f40ab17	bt_config.conf
FUN_400e88a4	3f40ab26	config != NULL
FUN_400e88a4	3f40ab35	section != NULL
FUN_400e88a4	3f40ab45	key != NULL
FUN_400e88a4	3f40abfd	btc_config_set_bin
FUN_400e88a4	3f425a84	        
FUN_400e896c	3f40aab4	Adapter
FUN_400e896c	3f40aace	/IDF/components/bt/host/bluedroid/btc/core/btc_config.c
FUN_400e896c	3f40ab17	bt_config.conf
FUN_400e896c	3f40ab26	config != NULL
FUN_400e896c	3f40ab35	section != NULL
FUN_400e896c	3f40abe4	btc_config_section_begin
FUN_400e8a18	3f40aace	/IDF/components/bt/host/bluedroid/btc/core/btc_config.c
FUN_400e8a18	3f40ab17	bt_config.conf
FUN_400e8a18	3f40abcd	btc_config_section_end
FUN_400e8a38	3f40aace	/IDF/components/bt/host/bluedroid/btc/core/btc_config.c
FUN_400e8a38	3f40ab17	bt_config.conf
FUN_400e8a38	3f40abb5	btc_config_section_next
FUN_400e8a58	3f40aace	/IDF/components/bt/host/bluedroid/btc/core/btc_config.c
FUN_400e8a58	3f40ab17	bt_config.conf
FUN_400e8a58	3f40ab26	config != NULL
FUN_400e8a58	3f40ab9d	btc_config_section_name
FUN_400e8a8c	3f40aace	/IDF/components/bt/host/bluedroid/btc/core/btc_config.c
FUN_400e8a8c	3f40ab17	bt_config.conf
FUN_400e8a8c	3f40ab26	config != NULL
FUN_400e8a8c	3f40ab8b	btc_config_remove
FUN_400e8ac0	3f40aace	/IDF/components/bt/host/bluedroid/btc/core/btc_config.c
FUN_400e8ac0	3f40ab17	bt_config.conf
FUN_400e8ac0	3f40ab26	config != NULL
FUN_400e8ac0	3f40ab35	section != NULL
FUN_400e8ac0	3f40ab71	btc_config_remove_section
FUN_400e8b04	3f40aace	/IDF/components/bt/host/bluedroid/btc/core/btc_config.c
FUN_400e8b04	3f40ab17	bt_config.conf
FUN_400e8b04	3f40ab26	config != NULL
FUN_400e8b04	3f40ab60	btc_config_flush
FUN_400e8b38	3f40aace	/IDF/components/bt/host/bluedroid/btc/core/btc_config.c
FUN_400e8b38	3f40ab06	0123456789abcdef
FUN_400e8b38	3f40ab17	bt_config.conf
FUN_400e8b38	3f40ab51	length != NULL
FUN_400e8bc8	40125868	{R@?6a
FUN_400e9988	40085750	{R@?6A
FUN_400e9994	3f40ac49	btc_config_exist
FUN_400e9994	3f40ad19	/IDF/components/bt/host/bluedroid/btc/profile/std/gap/btc_gap_ble.c
FUN_400e9994	3f40ad5d	p_env->adv_rpt_ready != NULL
FUN_400e9994	40085750	{R@?6A
FUN_400e99e4	3f40ad7a	btc_gap_ble_init
FUN_400ea65c	3f40ad9b	/IDF/components/bt/host/bluedroid/device/bdaddr.c
FUN_400ea65c	3f40adcd	first != NULL
FUN_400ea65c	3f40ae39	bdaddr_to_string
FUN_400ea698	3f40ad9b	/IDF/components/bt/host/bluedroid/device/bdaddr.c
FUN_400ea698	3f40addb	second != NULL
FUN_400ea698	3f40adea	string != NULL
FUN_400ea698	3f40ae28	string_is_bdaddr
FUN_400ea698	40125868	{R@?6a
FUN_400ea6f0	3f40ad9b	/IDF/components/bt/host/bluedroid/device/bdaddr.c
FUN_400ea6f0	3f40addb	second != NULL
FUN_400ea6f0	3f40ae17	string_to_bdaddr
FUN_400ebacc	40085750	{R@?6A
FUN_400ebc80	3f40aef1	btm_ble_init
FUN_400ecfbc	40125868	{R@?6a
FUN_400ed288	40125868	{R@?6a
FUN_400ee188	3f40ae6b	/IDF/components/bt/host/bluedroid/stack/btm/btm_ble_gap.c
FUN_400ee188	3f40aea5	p_cb->adv_rpt_queue != NULL
FUN_400ee188	3f40aedd	btm_adv_pkt_handler
FUN_400ee188	40085750	{R@?6A
FUN_400ee3ac	3f40aef1	btm_ble_init
FUN_400ee3c4	3f40aef1	btm_ble_init
FUN_400eecbc	40085750	{R@?6A
FUN_400eed38	40085750	{R@?6A
FUN_400eed7c	40085750	{R@?6A
FUN_400eee80	40085750	{R@?6A
FUN_400eef38	40085750	{R@?6A
FUN_400ef55c	40085750	{R@?6A
FUN_400ef584	40085750	{R@?6A
FUN_400efbfc	3f40aef1	btm_ble_init
FUN_400f0024	3f40aef1	btm_ble_init
FUN_400f009c	3f40aef1	btm_ble_init
FUN_400f0a30	3f40aef1	btm_ble_init
FUN_400f0d3c	40125868	{R@?6a
FUN_400f0d9c	40125868	{R@?6a
FUN_400f1154	3f40aef1	btm_ble_init
FUN_400f13a8	3f40aef1	btm_ble_init
FUN_400f177c	3f40b03f	FC_MUX 
FUN_400f1bec	3f40aef1	btm_ble_init
FUN_400f1dd8	40125868	{R@?6a
FUN_400f2078	40125868	{R@?6a
FUN_400f2354	40085750	{R@?6A
FUN_400f23d0	40085750	{R@?6A
FUN_400f31e0	3f421add	brainpool512r1
FUN_400f3d6c	40085750	{R@?6A
FUN_400f4944	3f40b07b	/IDF/components/bt/host/bluedroid/stack/btu/btu_hcif.c
FUN_400f4944	3f40b0b2	/IDF/components/bt/host/bluedroid/stack/include/stack/hcimsgs.h
FUN_400f4944	3f40b0f2	p_buf->layer_specific == HCI_CMD_BUF_TYPE_METADATA
FUN_400f4944	3f40b14b	btu_hcif_command_status_evt_on_task
FUN_400f4a38	3f40b16f	btu_hcif_send_cmd
FUN_400f4af0	3f40b181	BTU_TASK
FUN_400f4af0	3f40b19e	/IDF/components/bt/host/bluedroid/stack/btu/btu_task.c
FUN_400f4af0	3f40b27d	btu_general_alarm_cb
FUN_400f4cc8	3f40b181	BTU_TASK
FUN_400f4cc8	3f40b19e	/IDF/components/bt/host/bluedroid/stack/btu/btu_task.c
FUN_400f4cc8	3f40b292	btu_general_alarm_process
FUN_400f4d20	40085750	{R@?6A
FUN_400f4dc8	3f40b181	BTU_TASK
FUN_400f4dc8	3f40b19e	/IDF/components/bt/host/bluedroid/stack/btu/btu_task.c
FUN_400f4dc8	3f40b1d5	data != NULL
FUN_400f4dc8	3f40b25e	btu_stop_timer
FUN_400f4e48	3f40b181	BTU_TASK
FUN_400f4e48	3f40b19e	/IDF/components/bt/host/bluedroid/stack/btu/btu_task.c
FUN_400f4e48	3f40b24f	btu_free_timer
FUN_400f4e7c	3f40b181	BTU_TASK
FUN_400f4e7c	3f40b19e	/IDF/components/bt/host/bluedroid/stack/btu/btu_task.c
FUN_400f4e7c	3f40b23a	btu_free_quick_timer
FUN_400f4eb4	3f40b181	BTU_TASK
FUN_400f4eb4	3f40b19e	/IDF/components/bt/host/bluedroid/stack/btu/btu_task.c
FUN_400f4eb4	3f40b225	btu_oneshot_alarm_cb
FUN_400f4eec	3f40b181	BTU_TASK
FUN_400f4eec	3f40b19e	/IDF/components/bt/host/bluedroid/stack/btu/btu_task.c
FUN_400f4eec	3f40b1e2	btu_gen
FUN_400f4eec	3f40b1f6	btu_stop_timer_oneshot
FUN_400f4f6c	3f40b181	BTU_TASK
FUN_400f4f6c	3f40b19e	/IDF/components/bt/host/bluedroid/stack/btu/btu_task.c
FUN_400f4f6c	3f40b1ea	btu_oneshot
FUN_400f4fa0	3f40b19e	/IDF/components/bt/host/bluedroid/stack/btu/btu_task.c
FUN_400f4fa0	3f40b20d	btu_start_timer_oneshot
FUN_400f505c	40085750	{R@?6A
FUN_400f50bc	40085750	{R@?6A
FUN_400f5294	3f40b2ac	btu_l2cap_alarm_process
FUN_400f569c	40085750	{R@?6A
FUN_400f569c	40125868	{R@?6a
FUN_400f58ec	40085750	{R@?6A
FUN_400f59e0	40085750	{R@?6A
FUN_400f59e0	40125868	{R@?6a
FUN_400f611c	40125868	{R@?6a
FUN_400f61b8	40125868	{R@?6a
FUN_400f623c	40125868	{R@?6a
FUN_400f62c0	40125868	{R@?6a
FUN_400f6548	40085750	{R@?6A
FUN_400f66f8	40085750	{R@?6A
FUN_400f6768	3f40b2ac	btu_l2cap_alarm_process
FUN_400f7234	40085750	{R@?6A
FUN_400f7634	3ffc22ba	[%u] %s %u 
FUN_400f7f48	3ffc22ba	[%u] %s %u 
FUN_400f8104	3f421add	brainpool512r1
FUN_400f8104	40085750	{R@?6A
FUN_400f81d0	40125868	{R@?6a
FUN_400f8308	40125868	{R@?6a
FUN_400f835c	40125868	{R@?6a
FUN_400f83d8	40125868	{R@?6a
FUN_400f87f8	40085750	{R@?6A
FUN_400f884c	40085750	{R@?6A
FUN_400f884c	40125868	{R@?6a
FUN_400f8a58	40085750	{R@?6A
FUN_400f8a58	40125868	{R@?6a
FUN_400f8bf4	40085750	{R@?6A
FUN_400f8bf4	40125868	{R@?6a
FUN_400f8d90	40085750	{R@?6A
FUN_400f8d90	40125868	{R@?6a
FUN_400f9034	40085750	{R@?6A
FUN_400f957c	40085750	{R@?6A
FUN_400f9740	40085750	{R@?6A
FUN_400f981c	40085750	{R@?6A
FUN_400f9b60	40085750	{R@?6A
FUN_400f9b98	40085750	{R@?6A
FUN_400f9bcc	40085750	{R@?6A
FUN_400f9d4c	40085750	{R@?6A
FUN_400f9d74	40085750	{R@?6A
FUN_400f9db0	40085750	{R@?6A
FUN_400f9f78	40085750	{R@?6A
FUN_400f9fb8	40125868	{R@?6a
FUN_400fa100	40085750	{R@?6A
FUN_400fa1f8	3f40b300	0x%02x%02x%02x%02x%02x%02x%02x%02x
FUN_400fa218	3f40b300	0x%02x%02x%02x%02x%02x%02x%02x%02x
FUN_400fa43c	3f40b300	0x%02x%02x%02x%02x%02x%02x%02x%02x
FUN_400fa7d8	40125868	{R@?6a
FUN_400fa80c	40125868	{R@?6a
FUN_400fa840	40125868	{R@?6a
FUN_400fa988	40085750	{R@?6A
FUN_400fab78	3f40b2ac	btu_l2cap_alarm_process
FUN_400fab78	3f40b2fa	x%08x
FUN_400fab78	40125868	{R@?6a
FUN_400fac08	40125868	{R@?6a
FUN_400fb9e8	3f40b300	0x%02x%02x%02x%02x%02x%02x%02x%02x
FUN_400fb9e8	3f40b355	/IDF/components/bt/host/bluedroid/stack/hcic/hciblecmds.c
FUN_400fcab4	3f40b181	BTU_TASK
FUN_400fcc94	40085750	{R@?6A
FUN_400fdd34	40085750	{R@?6A
FUN_400fe60c	40085750	{R@?6A
FUN_400fef00	40085750	{R@?6A
FUN_400ff004	40085750	{R@?6A
FUN_400ff4bc	3f40b38f	btsnd_hcic_ble_update_adv_report_flow_control
FUN_400ff4bc	3f40b3f1	/IDF/components/bt/host/bluedroid/stack/l2cap/l2c_utils.c
FUN_400ffc04	40085750	{R@?6A
FUN_400ffedc	40125868	{R@?6a
FUN_40100298	40125868	{R@?6a
FUN_4010075c	3f40b42b	l2cu_allocate_ccb
FUN_401007c4	3f40b42b	l2cu_allocate_ccb
FUN_40100a08	3f40b42b	l2cu_allocate_ccb
FUN_40100af0	40085750	{R@?6A
FUN_40100c88	40085750	{R@?6A
FUN_40100cd4	3f40b42b	l2cu_allocate_ccb
FUN_40100d94	3ffc22ba	[%u] %s %u 
FUN_4010118c	3f40bca7	received peer commitment
FUN_4010132c	3f40bca7	received peer commitment
FUN_40101398	3f40bca7	received peer commitment
FUN_401014b0	3f40b42b	l2cu_allocate_ccb
FUN_401014b0	3f40bc8b	@calculated peer commitment
FUN_40101644	3f40bdf4	BTC_TASK
FUN_40101644	40085750	{R@?6A
FUN_4010168c	40085750	{R@?6A
FUN_40101760	3f40bca7	received peer commitment
FUN_401017d4	3f40bdf4	BTC_TASK
FUN_401017d4	3f40be64	/IDF/components/bt/common/osi/alarm.c
FUN_401017d4	3f40be98	osi_alarm_is_active
FUN_401018cc	3f40bdf4	BTC_TASK
FUN_401018cc	3f40be64	/IDF/components/bt/common/osi/alarm.c
FUN_401018cc	3f40bed3	osi_alarm_deinit
FUN_40101910	3f40bdf4	BTC_TASK
FUN_40101910	3f40be64	/IDF/components/bt/common/osi/alarm.c
FUN_40101910	3f40bec5	osi_alarm_new
FUN_40101964	3f40bdf4	BTC_TASK
FUN_40101964	3f40be64	/IDF/components/bt/common/osi/alarm.c
FUN_40101964	3f40beb6	osi_alarm_free
FUN_401019f4	3f40bdf4	BTC_TASK
FUN_401019f4	3f40be64	/IDF/components/bt/common/osi/alarm.c
FUN_401019f4	3f40beac	alarm_set
FUN_40101aa0	3f40be64	/IDF/components/bt/common/osi/alarm.c
FUN_40101aa0	3f40be8a	alarm != NULL
FUN_40101af8	40085750	{R@?6A
FUN_40101b08	3f425a84	        
FUN_40101b6c	40085750	{R@?6A
FUN_40101c08	40085750	{R@?6A
FUN_40101c20	40085750	{R@?6A
FUN_40101c48	3f40ab17	bt_config.conf
FUN_40101c48	3f40ab26	config != NULL
FUN_40101c48	3f40ab35	section != NULL
FUN_40101c48	3f40bef3	/IDF/components/bt/common/osi/config.c
FUN_40101c48	3f40c018	config_get_int
FUN_40101c94	3f40ab17	bt_config.conf
FUN_40101c94	3f40ab26	config != NULL
FUN_40101c94	3f40ab35	section != NULL
FUN_40101c94	3f40bef3	/IDF/components/bt/common/osi/config.c
FUN_40101c94	3f40c006	config_get_string
FUN_40101cf0	3f40ab17	bt_config.conf
FUN_40101cf0	3f40ab26	config != NULL
FUN_40101cf0	3f40ab35	section != NULL
FUN_40101cf0	3f40bef3	/IDF/components/bt/common/osi/config.c
FUN_40101cf0	3f40bff7	config_set_int
FUN_40101d3c	40085750	{R@?6A
FUN_40101de4	3f40bef3	/IDF/components/bt/common/osi/config.c
FUN_40101de4	3f40bf1a	filename != NULL
FUN_40101de4	3f40bf2b	fp != 0
FUN_40101de4	3f40bf33	bt_cfg_key
FUN_40101de4	3f40c027	config_has_key
FUN_40101de4	3f40c036	config_parse
FUN_40101de4	40085750	{R@?6A
FUN_40101de4	40125868	{R@?6a
FUN_401020bc	3f4066f5	robot poweron,esp32 reset: %d,cpu0 reset: %d, cpu1 reset: %d
FUN_401020bc	3f40ab17	bt_config.conf
FUN_401020bc	3f40ab26	config != NULL
FUN_401020bc	3f40ab35	section != NULL
FUN_401020bc	3f40bef3	/IDF/components/bt/common/osi/config.c
FUN_401020bc	3f40bfe1	config_remove_section
FUN_401020bc	40125868	{R@?6a
FUN_4010211c	3f40ab17	bt_config.conf
FUN_4010211c	3f40ab26	config != NULL
FUN_4010211c	3f40bef3	/IDF/components/bt/common/osi/config.c
FUN_4010211c	3f40bfcf	config_remove_key
FUN_40102160	3f40ab17	bt_config.conf
FUN_40102160	3f40ab26	config != NULL
FUN_40102160	3f40ab35	section != NULL
FUN_40102160	3f40bef3	/IDF/components/bt/common/osi/config.c
FUN_40102160	3f40bfba	config_section_begin
FUN_401021e0	3f40ab17	bt_config.conf
FUN_401021e0	3f40bef3	/IDF/components/bt/common/osi/config.c
FUN_401021e0	3f40bfa7	config_section_end
FUN_40102204	3f40ab17	bt_config.conf
FUN_40102204	3f40bef3	/IDF/components/bt/common/osi/config.c
FUN_40102204	3f40bf93	config_section_next
FUN_40102228	3f40bef3	/IDF/components/bt/common/osi/config.c
FUN_40102228	3f40bf7f	config_section_name
FUN_40102228	3f40c2ca	!list_is_empty(list)
FUN_40102248	3f40bef3	/IDF/components/bt/common/osi/config.c
FUN_40102248	3f40bf73	config_save
FUN_40102248	3f40c2ca	!list_is_empty(list)
FUN_40102268	3f40a739	I (%s) %s: BT controller compile version [%s] 
FUN_40102268	3f40ab17	bt_config.conf
FUN_40102268	3f40bef3	/IDF/components/bt/common/osi/config.c
FUN_40102268	3f40bf2b	fp != 0
FUN_40102268	3f40bf33	bt_cfg_key
FUN_40102268	3f40bf4a	*filename != '\0'
FUN_40102268	3f40bf5c	%s = %s 
FUN_40102268	40085750	{R@?6A
FUN_40102268	40125868	{R@?6a
FUN_401025b4	3f40aea5	p_cb->adv_rpt_queue != NULL
FUN_401025b4	3f40b19e	/IDF/components/bt/host/bluedroid/stack/btu/btu_task.c
FUN_401025b4	3f40c04e	/IDF/components/bt/common/osi/fixed_queue.c
FUN_401025b4	3f40c112	fixed_queue_dequeue
FUN_40102610	3f40aea5	p_cb->adv_rpt_queue != NULL
FUN_40102610	3f40c04e	/IDF/components/bt/common/osi/fixed_queue.c
FUN_40102610	3f40c0f0	fixed_queue_try_remove_from_queue
FUN_40102688	3f40c04e	/IDF/components/bt/common/osi/fixed_queue.c
FUN_40102688	3f40c0db	fixed_queue_get_list
FUN_40102688	3f4246d0	Identifier removed
FUN_401026e0	3f40aea5	p_cb->adv_rpt_queue != NULL
FUN_401026e0	3f40c04e	/IDF/components/bt/common/osi/fixed_queue.c
FUN_401026e0	3f40c0be	fixed_queue_register_dequeue
FUN_401026fc	3f40aea5	p_cb->adv_rpt_queue != NULL
FUN_401026fc	3f40c04e	/IDF/components/bt/common/osi/fixed_queue.c
FUN_401026fc	3f40c09f	fixed_queue_unregister_dequeue
FUN_40102728	3f40aea5	p_cb->adv_rpt_queue != NULL
FUN_40102728	3f40c04e	/IDF/components/bt/common/osi/fixed_queue.c
FUN_40102728	3f40c08b	fixed_queue_process
FUN_40102748	40085750	{R@?6A
FUN_401027e8	3f40aea5	p_cb->adv_rpt_queue != NULL
FUN_401027e8	3f40c04e	/IDF/components/bt/common/osi/fixed_queue.c
FUN_401027e8	3f40c07a	ready_cb != NULL
FUN_40102834	40085750	{R@?6A
FUN_4010285c	40085750	{R@?6A
FUN_401028f4	3f40c126	fixed_queue_enqueue
FUN_401028f4	3f40c149	/IDF/components/bt/common/osi/future.c
FUN_401028f4	3f40c18c	future_await
FUN_40102930	40085750	{R@?6A
FUN_4010297c	3f40c126	fixed_queue_enqueue
FUN_4010297c	3f40c149	/IDF/components/bt/common/osi/future.c
FUN_4010297c	3f40c170	future->ready_can_be_called
FUN_40102a30	3f40c1a6	/IDF/components/bt/common/osi/hash_map.c
FUN_40102a30	3f40c1cf	hash_fn != NULL
FUN_40102a30	3f40c271	hash_map_has_key
FUN_40102a30	40085750	{R@?6A
FUN_40102a30	40125868	{R@?6a
FUN_40102aa8	3f40c1a6	/IDF/components/bt/common/osi/hash_map.c
FUN_40102aa8	3f40c264	hash_map_set
FUN_40102ae4	3f40b19e	/IDF/components/bt/host/bluedroid/stack/btu/btu_task.c
FUN_40102ae4	3f40c1a6	/IDF/components/bt/common/osi/hash_map.c
FUN_40102ae4	3f40c1ee	hash_map != NULL
FUN_40102ae4	3f40c257	bucket_free_
FUN_40102b88	3f40c1a6	/IDF/components/bt/common/osi/hash_map.c
FUN_40102b88	3f40c23b	hash_map_get
FUN_40102bf4	3f40c1a6	/IDF/components/bt/common/osi/hash_map.c
FUN_40102bf4	3f40c22c	hash_map_clear
FUN_40102c30	3f40c1a6	/IDF/components/bt/common/osi/hash_map.c
FUN_40102c30	3f40c21b	hash_map_foreach
FUN_40102c70	40085750	{R@?6A
FUN_40102c90	3f40c1a6	/IDF/components/bt/common/osi/hash_map.c
FUN_40102c90	3f40c1ff	rc == true
FUN_40102c90	3f40c20a	callback != NULL
FUN_40102d20	3f40c282	hash_map_new_internal
FUN_40102d20	3f40c2a5	/IDF/components/bt/common/osi/list.c
FUN_40102d20	3f40c3a6	list_contains
FUN_40102d44	3f40c282	hash_map_new_internal
FUN_40102d44	3f40c2a5	/IDF/components/bt/common/osi/list.c
FUN_40102d44	3f40c381	list_front
FUN_40102d60	3f40c282	hash_map_new_internal
FUN_40102d60	3f40c2a5	/IDF/components/bt/common/osi/list.c
FUN_40102d60	3f40c377	list_back
FUN_40102d94	3f40c282	hash_map_new_internal
FUN_40102d94	3f40c2a5	/IDF/components/bt/common/osi/list.c
FUN_40102d94	3f40c365	list_insert_after
FUN_40102dc8	3f40b19e	/IDF/components/bt/host/bluedroid/stack/btu/btu_task.c
FUN_40102dc8	3f40c282	hash_map_new_internal
FUN_40102dc8	3f40c2a5	/IDF/components/bt/common/osi/list.c
FUN_40102dc8	3f40c2ca	!list_is_empty(list)
FUN_40102dc8	3f40c358	list_prepend
FUN_40102e28	3f40b19e	/IDF/components/bt/host/bluedroid/stack/btu/btu_task.c
FUN_40102e28	3f40c282	hash_map_new_internal
FUN_40102e28	3f40c2a5	/IDF/components/bt/common/osi/list.c
FUN_40102e28	3f40c34c	list_append
FUN_40102e78	3f40b19e	/IDF/components/bt/host/bluedroid/stack/btu/btu_task.c
FUN_40102e78	3f40c282	hash_map_new_internal
FUN_40102e78	3f40c2a5	/IDF/components/bt/common/osi/list.c
FUN_40102e78	3f40c340	list_remove
FUN_40102ecc	3f40c1ff	rc == true
FUN_40102ecc	3f40c282	hash_map_new_internal
FUN_40102ecc	3f40c2a5	/IDF/components/bt/common/osi/list.c
FUN_40102ecc	3f40c31d	list_begin
FUN_40102f0c	3f40c282	hash_map_new_internal
FUN_40102f0c	3f40c2a5	/IDF/components/bt/common/osi/list.c
FUN_40102f0c	3f40c314	list_end
FUN_40102f28	3f40c282	hash_map_new_internal
FUN_40102f28	3f40c2a5	/IDF/components/bt/common/osi/list.c
FUN_40102f28	3f40c30a	list_next
FUN_40102f44	3f40c2a5	/IDF/components/bt/common/osi/list.c
FUN_40102f44	3f40c2ca	!list_is_empty(list)
FUN_40102f44	3f40c300	list_node
FUN_40102f60	3f40c2a5	/IDF/components/bt/common/osi/list.c
FUN_40102f60	3f40c2ca	!list_is_empty(list)
FUN_40102f60	3f40c2f1	list_free_node
FUN_40102f7c	3f40b19e	/IDF/components/bt/host/bluedroid/stack/btu/btu_task.c
FUN_40102f7c	3f40c282	hash_map_new_internal
FUN_40102f7c	3f40c2a5	/IDF/components/bt/common/osi/list.c
FUN_40102f7c	3f40c398	list_get_node
FUN_40102fd4	3f40b19e	/IDF/components/bt/host/bluedroid/stack/btu/btu_task.c
FUN_40102fd4	3f40c282	hash_map_new_internal
FUN_40102fd4	3f40c2a5	/IDF/components/bt/common/osi/list.c
FUN_40102fd4	3f40c38c	list_length
FUN_40103024	3f40c282	hash_map_new_internal
FUN_40103024	3f40c2a5	/IDF/components/bt/common/osi/list.c
FUN_40103024	3f40c2ca	!list_is_empty(list)
FUN_40103024	3f40c2df	prev_node != NULL
FUN_40103024	40085750	{R@?6A
FUN_40103068	3f40b19e	/IDF/components/bt/host/bluedroid/stack/btu/btu_task.c
FUN_40103068	3f40c282	hash_map_new_internal
FUN_40103068	3f40c2a5	/IDF/components/bt/common/osi/list.c
FUN_40103068	3f40c335	list_clear
FUN_401030e8	3f40c282	hash_map_new_internal
FUN_401030e8	3f40c2a5	/IDF/components/bt/common/osi/list.c
FUN_401030e8	3f40c328	list_foreach
FUN_40103118	40085750	{R@?6A
FUN_401031d8	3f40c3b4	list_is_empty
FUN_401031d8	3f40c3cd	/IDF/components/bt/common/osi/thread.c
FUN_401031d8	3f40c4b0	osi_thread_post
FUN_40103264	40085750	{R@?6A
FUN_401032a8	40085750	{R@?6A
FUN_40103434	40085750	{R@?6A
FUN_401034b4	3f40c3b4	list_is_empty
FUN_401034b4	3f40c3cd	/IDF/components/bt/common/osi/thread.c
FUN_401034b4	3f40c3f4	wq->queue != 0
FUN_401034b4	3f40c481	osi_thread_post_event
FUN_401034b4	3f40c497	osi_thead_work_queue_put
FUN_40103530	40085750	{R@?6A
FUN_40103560	40085750	{R@?6A
FUN_40103578	3f40c3cd	/IDF/components/bt/common/osi/thread.c
FUN_40103578	3f40c403	func != NULL
FUN_40103578	3f40c410	event != NULL && event->thread != NULL
FUN_40103578	3f40c437	event->queue_idx >= 0 && event->queue_idx < event->thread->work_queue_num
FUN_401036fc	3f40c4c0	osi_thead_work_queue_get
FUN_401036fc	40085750	{R@?6A
FUN_40103f44	3ffc22ba	[%u] %s %u 
FUN_40103fa8	3ffc22ba	[%u] %s %u 
FUN_40103fbc	3ffc22ba	[%u] %s %u 
FUN_40103fc8	3ffc22ba	[%u] %s %u 
FUN_40103fdc	3ffc22ba	[%u] %s %u 
FUN_40103ff0	3ffc22ba	[%u] %s %u 
FUN_4010400c	3ffc22ba	[%u] %s %u 
FUN_40104024	3ffc22ba	[%u] %s %u 
FUN_40104040	3ffc22ba	[%u] %s %u 
FUN_40104058	3ffc22ba	[%u] %s %u 
FUN_40104064	3ffc22ba	[%u] %s %u 
FUN_40104070	3ffc22ba	[%u] %s %u 
FUN_401040c4	3f40c4c0	osi_thead_work_queue_get
FUN_401040f0	3f40c4c0	osi_thead_work_queue_get
FUN_401041a8	3f40c4c0	osi_thead_work_queue_get
FUN_401043b8	3f40c4c0	osi_thead_work_queue_get
FUN_401044f4	40085750	{R@?6A
FUN_401045cc	40085750	{R@?6A
FUN_401045cc	40125868	{R@?6a
FUN_40104638	40125868	{R@?6a
FUN_4010493c	3f40c4c0	osi_thead_work_queue_get
FUN_4010493c	40125868	{R@?6a
FUN_40104a14	3f40c4c0	osi_thead_work_queue_get
FUN_40104a90	40125868	{R@?6a
FUN_40104ad8	40125868	{R@?6a
FUN_40104b30	40125868	{R@?6a
FUN_40104b74	40125868	{R@?6a
FUN_40104c8c	3f40c4c0	osi_thead_work_queue_get
FUN_4010503c	3f40c4c0	osi_thead_work_queue_get
FUN_401051ec	3f40c4c0	osi_thead_work_queue_get
FUN_401053c8	3f40cc8b	bta_alarm_cb
FUN_4010547c	3f40b19e	/IDF/components/bt/host/bluedroid/stack/btu/btu_task.c
FUN_4010547c	3f40cbf8	/IDF/components/bt/host/bluedroid/bta/sys/bta_sys_main.c
FUN_4010547c	3f40cc77	bta_sys_start_timer
FUN_401054a4	3f40cc8b	bta_alarm_cb
FUN_401054a4	3ffc22ba	[%u] %s %u 
FUN_4010564c	3f40b181	BTU_TASK
FUN_4010564c	3f40cbf8	/IDF/components/bt/host/bluedroid/bta/sys/bta_sys_main.c
FUN_4010564c	3f40cc5f	bta_sys_timer_is_active
FUN_401056b8	3f40b181	BTU_TASK
FUN_401056b8	3f40cbf8	/IDF/components/bt/host/bluedroid/bta/sys/bta_sys_main.c
FUN_401056b8	3f40cc4c	bta_sys_stop_timer
FUN_401056e8	3f40b181	BTU_TASK
FUN_401056e8	3f40cbf8	/IDF/components/bt/host/bluedroid/bta/sys/bta_sys_main.c
FUN_401056e8	3f40cc39	bta_sys_free_timer
FUN_40105714	3f40b181	BTU_TASK
FUN_40105714	3f40cbf8	/IDF/components/bt/host/bluedroid/bta/sys/bta_sys_main.c
FUN_40105714	3f40cc31	bta_sys
FUN_40105808	40125868	{R@?6a
FUN_40105834	3f40cc8b	bta_alarm_cb
FUN_40105834	3f40cd1b	/IDF/components/bt/host/bluedroid/btc/core/btc_dm.c
FUN_40105834	3f40cd4f	src_dm_sec->ble_key.p_key_value
FUN_40105834	3f40cdcb	btc_dm_auth_cmpl_evt
FUN_40105f0c	3f40aa10	AddrType
FUN_40105f0c	3f40cde0	btc_dm_sec_arg_deep_copy
FUN_40105f0c	3f40cdf9	LinkKeyType
FUN_40105f0c	3f40ce05	PinLength
FUN_40105f0c	3f40ce0f	SCSupport
FUN_40105f0c	40125868	{R@?6a
FUN_401067e0	3f40d1c2	set_ble_resolving_list_max_size
FUN_40106a04	3f40ce19	DevClass
FUN_40106a04	3f40ce3c	/IDF/components/bt/host/bluedroid/device/controller.c
FUN_40106a04	3f40d1a2	get_ble_resolving_list_max_size
FUN_40106a3c	3f40ce19	DevClass
FUN_40106a3c	3f40ce3c	/IDF/components/bt/host/bluedroid/device/controller.c
FUN_40106a3c	3f40d18a	get_ble_white_list_size
FUN_40106a74	3f40ce19	DevClass
FUN_40106a74	3f40ce3c	/IDF/components/bt/host/bluedroid/device/controller.c
FUN_40106a74	3f40d171	get_acl_buffer_count_ble
FUN_40106aac	3f40ce19	DevClass
FUN_40106aac	3f40ce3c	/IDF/components/bt/host/bluedroid/device/controller.c
FUN_40106aac	3f40d154	get_acl_buffer_count_classic
FUN_40106ae4	3f40ce19	DevClass
FUN_40106ae4	3f40ce3c	/IDF/components/bt/host/bluedroid/device/controller.c
FUN_40106ae4	3f40d12e	get_ble_suggested_default_data_txtime
FUN_40106b08	3f40ce19	DevClass
FUN_40106b08	3f40ce3c	/IDF/components/bt/host/bluedroid/device/controller.c
FUN_40106b08	3f40d108	get_ble_suggested_default_data_length
FUN_40106b40	3f40ce19	DevClass
FUN_40106b40	3f40ce3c	/IDF/components/bt/host/bluedroid/device/controller.c
FUN_40106b40	3f40d0f0	get_acl_packet_size_ble
FUN_40106b78	3f40ce19	DevClass
FUN_40106b78	3f40ce3c	/IDF/components/bt/host/bluedroid/device/controller.c
FUN_40106b78	3f40d0d4	get_acl_packet_size_classic
FUN_40106ba0	3f40ce19	DevClass
FUN_40106ba0	3f40ce3c	/IDF/components/bt/host/bluedroid/device/controller.c
FUN_40106ba0	3f40d0be	get_acl_data_size_ble
FUN_40106bc8	3f40ce19	DevClass
FUN_40106bc8	3f40ce3c	/IDF/components/bt/host/bluedroid/device/controller.c
FUN_40106bc8	3f40d0a4	get_acl_data_size_classic
FUN_40106c00	3f40ce19	DevClass
FUN_40106c00	3f40ce3c	/IDF/components/bt/host/bluedroid/device/controller.c
FUN_40106c00	3f40d08f	supports_ble_privacy
FUN_40106c24	3f40ce19	DevClass
FUN_40106c24	3f40ce3c	/IDF/components/bt/host/bluedroid/device/controller.c
FUN_40106c24	3f40d064	supports_ble_connection_parameters_request
FUN_40106c5c	3f40ce19	DevClass
FUN_40106c5c	3f40ce3c	/IDF/components/bt/host/bluedroid/device/controller.c
FUN_40106c5c	3f40d046	supports_ble_packet_extension
FUN_40106c94	3f40ce19	DevClass
FUN_40106c94	3f40ce3c	/IDF/components/bt/host/bluedroid/device/controller.c
FUN_40106c94	3f40d039	supports_ble
FUN_40106ccc	3f40ce19	DevClass
FUN_40106ccc	3f40ce3c	/IDF/components/bt/host/bluedroid/device/controller.c
FUN_40106ccc	3f40d017	supports_master_slave_role_switch
FUN_40106cf0	3f40ce19	DevClass
FUN_40106cf0	3f40ce3c	/IDF/components/bt/host/bluedroid/device/controller.c
FUN_40106cf0	3f40cff4	supports_extended_inquiry_response
FUN_40106d18	3f40ce19	DevClass
FUN_40106d18	3f40ce3c	/IDF/components/bt/host/bluedroid/device/controller.c
FUN_40106d18	3f40cfd1	supports_rssi_with_inquiry_results
FUN_40106d40	3f40ce19	DevClass
FUN_40106d40	3f40ce3c	/IDF/components/bt/host/bluedroid/device/controller.c
FUN_40106d40	3f40cfb0	supports_interlaced_inquiry_scan
FUN_40106d68	3f40ce19	DevClass
FUN_40106d68	3f40ce3c	/IDF/components/bt/host/bluedroid/device/controller.c
FUN_40106d68	3f40cf86	supports_reading_remote_extended_features
FUN_40106d90	3f40ce19	DevClass
FUN_40106d90	3f40ce3c	/IDF/components/bt/host/bluedroid/device/controller.c
FUN_40106d90	3f40cf67	supports_simultaneous_le_bredr
FUN_40106db8	3f40ce19	DevClass
FUN_40106db8	3f40ce3c	/IDF/components/bt/host/bluedroid/device/controller.c
FUN_40106db8	3f40cf4b	supports_secure_connections
FUN_40106de0	3f40ce19	DevClass
FUN_40106de0	3f40ce3c	/IDF/components/bt/host/bluedroid/device/controller.c
FUN_40106de0	3f40cf33	supports_simple_pairing
FUN_40106e04	3f40ce19	DevClass
FUN_40106e04	3f40ce3c	/IDF/components/bt/host/bluedroid/device/controller.c
FUN_40106e04	3f40cf1a	get_ble_supported_states
FUN_40106e28	3f40ce19	DevClass
FUN_40106e28	3f40ce3c	/IDF/components/bt/host/bluedroid/device/controller.c
FUN_40106e28	3f40cf09	get_features_ble
FUN_40106e60	3f40ce19	DevClass
FUN_40106e60	3f40ce3c	/IDF/components/bt/host/bluedroid/device/controller.c
FUN_40106e60	3f40cee9	get_last_features_classic_index
FUN_40106e98	3f40ce19	DevClass
FUN_40106e98	3f40ce3c	/IDF/components/bt/host/bluedroid/device/controller.c
FUN_40106e98	3f40ced4	get_features_classic
FUN_40106ebc	3f40ce19	DevClass
FUN_40106ebc	3f40ce3c	/IDF/components/bt/host/bluedroid/device/controller.c
FUN_40106ebc	3f40ce72	controller_param.ble_supported
FUN_40106ebc	3f40cec5	get_bt_version
FUN_40106ef4	3f40ce19	DevClass
FUN_40106ef4	3f40ce3c	/IDF/components/bt/host/bluedroid/device/controller.c
FUN_40106ef4	3f40ceb9	get_address
FUN_40106f18	3f40ce19	DevClass
FUN_40106f18	3f40ce3c	/IDF/components/bt/host/bluedroid/device/controller.c
FUN_40106f18	3f40ce91	index < MAX_FEATURES_CLASSIC_PAGE_COUNT
FUN_40106f3c	3f40d1c2	set_ble_resolving_list_max_size
FUN_40106fc8	3f40d1c2	set_ble_resolving_list_max_size
FUN_40106fc8	3f40d28c	/IDF/components/bt/host/bluedroid/hci/hci_hal_h4.c
FUN_40106fc8	3f40d2bf	task_thread != NULL
FUN_40106fc8	3f40d2d3	hci_hal_env.adv_fc_cmd_buf != NULL
FUN_40106fc8	3f40d2f6	adv_fc_mon
FUN_40106fc8	3f40d301	hci_hal_env.adv_flow_monitor != NULL
FUN_40106fc8	3f40d326	hci_hal_env.rx_q != NULL
FUN_40106fc8	3f40d33f	hci_hal_env.adv_rpt_q != NULL
FUN_40106fc8	3f40d46d	hci_hal_h4_hdl_rx_adv_rpt
FUN_40106fc8	3f40d545	host_recv_adv_packet
FUN_40106fc8	40085750	{R@?6A
FUN_401070b8	3f40d28c	/IDF/components/bt/host/bluedroid/hci/hci_hal_h4.c
FUN_401070b8	3f40d35d	event != NULL
FUN_401070b8	3f40d4c2	transmit_data
FUN_40107108	3f40d28c	/IDF/components/bt/host/bluedroid/hci/hci_hal_h4.c
FUN_40107108	3f40d387	hci_hal_env.adv_credits_to_release <= BLE_ADV_REPORT_FLOW_CONTROL_NUM
FUN_40107108	3f40d4d0	hci_adv_credits_release_rollback
FUN_40107150	3f40b19e	/IDF/components/bt/host/bluedroid/stack/btu/btu_task.c
FUN_40107150	3f40d28c	/IDF/components/bt/host/bluedroid/hci/hci_hal_h4.c
FUN_40107150	3f40d3cd	hci_hal_env.adv_credits <= BLE_ADV_REPORT_FLOW_CONTROL_NUM
FUN_40107150	3f40d4b1	host_recv_pkt_cb
FUN_401071d8	3f40d28c	/IDF/components/bt/host/bluedroid/hci/hci_hal_h4.c
FUN_401071d8	3f40d525	hci_adv_credits_prep_to_release
FUN_401071d8	3f4178a4	raw pcb recv callback altered pbuf payload pointer without eating packet
FUN_4010722c	3f40d28c	/IDF/components/bt/host/bluedroid/hci/hci_hal_h4.c
FUN_4010722c	3f40d509	hci_adv_credits_try_release
FUN_40107504	3f40d28c	/IDF/components/bt/host/bluedroid/hci/hci_hal_h4.c
FUN_40107504	3f40d432	host_recv_adv_packet(stream) == true
FUN_40107504	3f40d4f1	hci_adv_credits_release
FUN_4010759c	3f40d545	host_recv_adv_packet
FUN_40107844	3f40d33f	hci_hal_env.adv_rpt_q != NULL
FUN_40107844	3f40d57c	/IDF/components/bt/host/bluedroid/hci/hci_layer.c
FUN_40107844	3f40d5ae	cmd_rsp_to
FUN_40107844	3f40d627	transmit_downward
FUN_40107844	3f40d639	hci_layer_init_env
FUN_40107844	40085750	{R@?6A
FUN_40107a70	3f40d57c	/IDF/components/bt/host/bluedroid/hci/hci_layer.c
FUN_40107a70	3f40d5ae	cmd_rsp_to
FUN_40107a70	3f40d5fd	transmit_command
FUN_40107ac8	3f40d57c	/IDF/components/bt/host/bluedroid/hci/hci_layer.c
FUN_40107ac8	3f40d5ae	cmd_rsp_to
FUN_40107ac8	3f40d5c8	command->layer_specific == HCI_CMD_BUF_TYPE_METADATA
FUN_40107b14	40085750	{R@?6A
FUN_40107e68	3f40d639	hci_layer_init_env
FUN_40107e70	3f40d639	hci_layer_init_env
FUN_40107e70	3f40d6e7	/IDF/components/bt/host/bluedroid/hci/hci_packet_parser.c
FUN_40107e70	3f40d721	parameter_length >= (parameter_bytes_we_read_here + minimum_bytes_after)
FUN_40107e70	3f40d8eb	parse_ble_read_local_supported_features_response
FUN_40107f74	3f40d6e7	/IDF/components/bt/host/bluedroid/hci/hci_packet_parser.c
FUN_40107f74	3f40d76a	opcode == expected_opcode
FUN_40107f74	3f40d8c2	parse_ble_read_supported_states_response
FUN_40107fb8	3f40d6e7	/IDF/components/bt/host/bluedroid/hci/hci_packet_parser.c
FUN_40107fb8	3f40d76a	opcode == expected_opcode
FUN_40107fb8	3f40d89e	parse_ble_read_buffer_size_response
FUN_40107ff8	3f40d6e7	/IDF/components/bt/host/bluedroid/hci/hci_packet_parser.c
FUN_40107ff8	3f40d76a	opcode == expected_opcode
FUN_40107ff8	3f40d876	parse_ble_read_white_list_size_response
FUN_4010803c	3f40d6e7	/IDF/components/bt/host/bluedroid/hci/hci_packet_parser.c
FUN_4010803c	3f40d76a	opcode == expected_opcode
FUN_4010803c	3f40d84a	parse_read_local_extended_features_response
FUN_40108070	3f40d6e7	/IDF/components/bt/host/bluedroid/hci/hci_packet_parser.c
FUN_40108070	3f40d784	stream != NULL
FUN_40108070	3f40d81d	parse_read_local_supported_commands_response
FUN_401080cc	3f40d6e7	/IDF/components/bt/host/bluedroid/hci/hci_packet_parser.c
FUN_401080cc	3f40d76a	opcode == expected_opcode
FUN_401080cc	3f40d801	parse_read_bd_addr_response
FUN_40108110	3f40d6e7	/IDF/components/bt/host/bluedroid/hci/hci_packet_parser.c
FUN_40108110	3f40d76a	opcode == expected_opcode
FUN_40108110	3f40d7da	parse_read_local_version_info_response
FUN_40108158	3f40d6e7	/IDF/components/bt/host/bluedroid/hci/hci_packet_parser.c
FUN_40108158	3f40d76a	opcode == expected_opcode
FUN_40108158	3f40d7ba	parse_read_buffer_size_response
FUN_401081b8	3f40d6e7	/IDF/components/bt/host/bluedroid/hci/hci_packet_parser.c
FUN_401081b8	3f40d76a	opcode == expected_opcode
FUN_401081b8	3f40d793	*page_number_ptr < feature_pages_count
FUN_40108214	3f40d91c	read_command_complete_header
FUN_40108354	3f40d91c	read_command_complete_header
FUN_40108354	3f40d9a2	/IDF/components/bt/host/bluedroid/hci/packet_fragmenter.c
FUN_401084c0	3f40d9dc	reassemble_and_dispatch
FUN_401084d0	40125868	{R@?6a
FUN_401084dc	40125868	{R@?6a
FUN_40109728	3f40d9dc	reassemble_and_dispatch
FUN_40109f78	40125868	{R@?6a
FUN_4010ab48	3f40da0e	/IDF/components/bt/host/bluedroid/stack/btm/btm_ble_bgconn.c
FUN_4010ab48	3f40da4b	background_connections
FUN_4010ab48	3f40da62	background_connections_lazy_init
FUN_4010ab48	3f424489	Permission denied
FUN_4010b694	3f40da83	background_connection_add
FUN_4010b75c	3f40da83	background_connection_add
FUN_4010b814	3f40da83	background_connection_add
FUN_4010ba44	3f40da83	background_connection_add
FUN_4010bb44	40125868	{R@?6a
FUN_4010bc6c	40125868	{R@?6a
FUN_4010bd78	40125868	{R@?6a
FUN_4010c058	40125868	{R@?6a
FUN_4010c0f8	40125868	{R@?6a
FUN_4010c12c	40125868	{R@?6a
FUN_4010c1b4	40125868	{R@?6a
FUN_4010c268	40125868	{R@?6a
FUN_4010c420	40125868	{R@?6a
FUN_4010c8e4	40125868	{R@?6a
FUN_4010cfa8	3f40ddd1	peer OOB randomizer
FUN_4010d614	3f40da83	background_connection_add
FUN_4010d614	3f40ddbc	local OOB randomizer
FUN_4010d9b8	40125868	{R@?6a
FUN_4010da2c	40125868	{R@?6a
FUN_4010da50	40125868	{R@?6a
FUN_4010da80	40125868	{R@?6a
FUN_4010dac8	40125868	{R@?6a
FUN_4010db44	40125868	{R@?6a
FUN_4010dc08	3f40ddd1	peer OOB randomizer
FUN_4010dc08	40125868	{R@?6a
FUN_4010ddd8	3f40ae4a	bdaddr_equals
FUN_4010ddd8	3f40aea5	p_cb->adv_rpt_queue != NULL
FUN_4010ddd8	3f40de08	/IDF/components/bt/common/osi/fixed_pkt_queue.c
FUN_4010ddd8	3f40dea0	fixed_pkt_queue_dequeue
FUN_4010de30	3f40aea5	p_cb->adv_rpt_queue != NULL
FUN_4010de30	3f40de08	/IDF/components/bt/common/osi/fixed_pkt_queue.c
FUN_4010de30	3f40de7f	fixed_pkt_queue_register_dequeue
FUN_4010de68	3f40aea5	p_cb->adv_rpt_queue != NULL
FUN_4010de68	3f40c04e	/IDF/components/bt/common/osi/fixed_queue.c
FUN_4010de68	3f40de08	/IDF/components/bt/common/osi/fixed_pkt_queue.c
FUN_4010de68	3f40de5c	fixed_pkt_queue_unregister_dequeue
FUN_4010de94	3f40aea5	p_cb->adv_rpt_queue != NULL
FUN_4010de94	3f40de08	/IDF/components/bt/common/osi/fixed_pkt_queue.c
FUN_4010de94	3f40de44	fixed_pkt_queue_process
FUN_4010df3c	3f40aea5	p_cb->adv_rpt_queue != NULL
FUN_4010df3c	3f40de08	/IDF/components/bt/common/osi/fixed_pkt_queue.c
FUN_4010df3c	3f40de38	ret == true
FUN_4010e340	3f40deb8	fixed_pkt_queue_enqueue
FUN_40110bcc	40085750	{R@?6A
FUN_40110d78	3f40deb8	fixed_pkt_queue_enqueue
FUN_40110d78	3ffc22ba	[%u] %s %u 
FUN_40110d78	40085750	{R@?6A
FUN_401119b8	40085750	{R@?6A
FUN_40111bac	40085750	{R@?6A
FUN_40112030	40085750	{R@?6A
FUN_40112318	3f40dfe8	bta_gattc_free_command_data
FUN_40112f00	3f40deb8	fixed_pkt_queue_enqueue
FUN_40112f00	3f40dfad	/IDF/components/bt/host/bluedroid/bta/gatt/bta_gattc_act.c
FUN_401130f0	3f40dfe8	bta_gattc_free_command_data
FUN_401136b4	3f40dfe8	bta_gattc_free_command_data
FUN_40113fcc	40125868	{R@?6a
FUN_40114ab8	3f40dfe8	bta_gattc_free_command_data
FUN_40114ab8	40125868	{R@?6a
FUN_40114b40	3f40dfe8	bta_gattc_free_command_data
FUN_40114ca8	40125868	{R@?6a
FUN_4011523c	3f40e057	@/IDF/components/bt/host/bluedroid/device/interop.c
FUN_4011523c	3f40e08b	interop_match
FUN_4011523c	3f417bb7	tcp_netif_ip_addr_changed_pcblist: invalid old_addr
FUN_401154ac	3f425a84	        
FUN_401154ac	40085750	{R@?6A
FUN_40115f30	3f40e260	Disable Low Energy 
FUN_40115f30	3f40e274	Heap MSG [%p], Heap ENV [%p], Heap NORET [%p]                              Uart ENV [%p], VHCI ENV [%p], PLF FUNCS [%p] 
FUN_40115f30	3ffc22ba	[%u] %s %u 
FUN_40115f30	40085750	{R@?6A
FUN_4011641c	3f40e2ed	btController
FUN_40116424	40085750	{R@?6A
FUN_40116464	40085750	{R@?6A
FUN_401164d8	3f425a84	        
FUN_4011686c	3f40e2fa	67ee4f0
FUN_4011686c	3ffc22ba	[%u] %s %u 
FUN_40117100	3f40e31b	coex_schm.c
FUN_401173a4	3f40e31b	coex_schm.c
FUN_401173a4	40085750	{R@?6A
FUN_401179b8	3f40e31b	coex_schm.c
FUN_40117b40	3f40e405	ci_tl.c
FUN_40117b40	3f40e40d	huart.c
FUN_40117b40	3f425a84	        
FUN_40117e94	3f425a84	        
FUN_40117ff4	3f40c1ff	rc == true
FUN_40117ff4	3f40e405	ci_tl.c
FUN_40117ff4	3f40e40d	huart.c
FUN_40117ff4	3f40e415	uart_env_p != NULL
FUN_40117ff4	3f40e428	bufptr != NULL
FUN_40117ff4	3f425a84	        
FUN_40118134	3f40e441	ke_task.c
FUN_40118134	3f40e44f	mppdu.c
FUN_40118134	3f40ed68	new_wait_elt
FUN_401181b0	3f40e441	ke_task.c
FUN_401194d8	3f40e514	lc_sniff.c
FUN_4011a7f4	3f40e514	lc_sniff.c
FUN_4011bf90	40085750	{R@?6A
FUN_4011bf90	4011a364	{R@?6A
FUN_4011c064	4011a364	{R@?6A
FUN_4011e0c8	40085750	{R@?6A
FUN_4011e434	40085750	{R@?6A
FUN_4011e940	40085750	{R@?6A
FUN_4011e940	4011a364	{R@?6A
FUN_4011f834	3ffc22ba	[%u] %s %u 
FUN_4011f894	3ffc0ec4	FEX %d %d 
FUN_4011f8c4	3ffc0ec4	FEX %d %d 
FUN_4011f8e4	3f405263	uxQueueLength > ( UBaseType_t ) 0
FUN_4011f8e4	3f40ed48	EE elt %p, ts %u, %d 
FUN_4011f8e4	40085750	{R@?6A
FUN_4011f974	3f425a84	        
FUN_4011f974	3ffc0ec4	FEX %d %d 
FUN_4011f974	40085750	{R@?6A
FUN_40121870	3f40ee22	set ble priority high. conhdl: 0x%x,evt_counter:%d,tx_pkg_cnt:%d 
FUN_40121870	3f40ee6a	(((uint16_t)prioincstep << 13) & ~((uint16_t)0x0000E000)) == 0
FUN_40121870	3f40eea9	(((uint16_t)minprio << 8) & ~((uint16_t)0x00001F00)) == 0
FUN_40121870	3f425a84	        
FUN_40121870	40085750	{R@?6A
FUN_40122ed8	4011a364	{R@?6A
FUN_40124454	3f425a84	        
FUN_40124da8	3f425a84	        
FUN_40125118	4011a364	{R@?6A
FUN_40125a1c	3f40f239	lm_env.local_name
FUN_40125ee4	3f40f239	lm_env.local_name
FUN_40126188	3f40f239	lm_env.local_name
FUN_401263d4	4011a364	{R@?6A
FUN_401263d4	40125868	{R@?6a
FUN_40126454	40125868	{R@?6a
FUN_401265a8	3f40f314	NVDS MAGIC FAILED 
FUN_401265a8	3ffc22ba	[%u] %s %u 
FUN_4012669c	3ffc22ba	[%u] %s %u 
FUN_401267d8	3ffc22ba	[%u] %s %u 
FUN_40126964	3ffc22ba	[%u] %s %u 
FUN_40126e80	3f40f3ce	RF Init OK with coex 
FUN_40126e80	3f425a84	        
FUN_40126e80	3ffc22ba	[%u] %s %u 
FUN_40126e80	40085750	{R@?6A
FUN_40127880	3f40f458	r_rwip_init
FUN_40127880	3ffc22ba	[%u] %s %u 
FUN_40127ab8	3f40f464	Send Queue Failed 
FUN_40127ab8	3ffc22ba	[%u] %s %u 
FUN_40127ba8	3f40f464	Send Queue Failed 
FUN_40127ba8	3ffc22ba	[%u] %s %u 
FUN_40127c70	3f40f464	Send Queue Failed 
FUN_40127c70	3ffc22ba	[%u] %s %u 
FUN_40128330	3f40f485	VHCI: Controller is not run 
FUN_40128330	3f425a84	        
FUN_40128878	3f40b1d5	data != NULL
FUN_40128914	3f425a84	        
FUN_401289b0	3f40f507	osi_set_interrupt_handler != NULL
FUN_401289b0	3f40f529	MQTT_CLIENT
FUN_401289b0	3f40f535	E (%s) %s: %s: transport_read() error: errno=%d 
FUN_401289b0	3f40f566	E (%s) %s: %s: received a message with an invalid header=0x%x 
FUN_401289b0	3f4101ac	mqtt_process_receive
FUN_401289b0	40125868	{R@?6a
FUN_40128bec	3f40f507	osi_set_interrupt_handler != NULL
FUN_40128bec	3f40f5a5	E (%s) %s: %s: message is too big, insufficient buffer size 
FUN_40128bec	3f40f5e2	E (%s) %s: %s(%d): %s 
FUN_40128bec	3f410238	esp_mqtt_client_init
FUN_40128bec	40125868	{R@?6a
FUN_40128c64	40125868	{R@?6a
FUN_40128d28	3f40f507	osi_set_interrupt_handler != NULL
FUN_40128d28	3f40f5f9	Memory exhausted
FUN_40128d28	3f40f60a	E (%s) %s: Writing failed: errno=%d 
FUN_40128d28	40125868	{R@?6a
FUN_40128e70	3f40f507	osi_set_interrupt_handler != NULL
FUN_40128e70	3f40f694	E (%s) %s: Failed to remove queued qos0 message from the outbox 
FUN_40128e70	3f40f6d5	E (%s) %s: Disconnect message cannot be created 
FUN_40128e70	40125868	{R@?6a
FUN_40129954	3f40f507	osi_set_interrupt_handler != NULL
FUN_40129954	3f40fd9a	E (%s) %s: Poll read error: %d, aborting connection 
FUN_40129954	40125868	{R@?6a
FUN_40129a0c	3f40f507	osi_set_interrupt_handler != NULL
FUN_40129a0c	3f40f5a5	E (%s) %s: %s: message is too big, insufficient buffer size 
FUN_40129a0c	3f40f5e2	E (%s) %s: %s(%d): %s 
FUN_40129a0c	3f40fdcf	E (%s) %s: Publish message cannot be created 
FUN_40129a0c	3f40fdfd	E (%s) %s: Error parse uri = %s 
FUN_40129a0c	3f4101e7	esp_mqtt_set_ssl_transport_properties
FUN_40129a0c	40125868	{R@?6a
FUN_40129ba4	3f406bfa	meter_z4
FUN_40129ba4	3f40f507	osi_set_interrupt_handler != NULL
FUN_40129ba4	3f40f5a5	E (%s) %s: %s: message is too big, insufficient buffer size 
FUN_40129ba4	3f40f5e2	E (%s) %s: %s(%d): %s 
FUN_40129ba4	3f40f783	E (%s) %s: There is no transport 
FUN_40129ba4	3f40fdfd	E (%s) %s: Error parse uri = %s 
FUN_40129ba4	3f40fe36	E (%s) %s: Client was not initialized 
FUN_40129ba4	3f40fe5d	E (%s) %s: Clean Session flag must be true if client has a null id 
FUN_40129ba4	3f40fea1	W (%s) %s: SSL related configs set, but the URI scheme specifies a non-SSL scheme, scheme = %s 
FUN_40129ba4	3f40ff01	W (%s) %s: SSL related configs set, but the transport protocol is a non-SSL scheme, transport = %d 
FUN_40129ba4	3f41024d	create_string
FUN_40129ba4	40125868	{R@?6a
FUN_4012a19c	3f40f507	osi_set_interrupt_handler != NULL
FUN_4012a19c	3f40fdfd	E (%s) %s: Error parse uri = %s 
FUN_4012a19c	3f40ff65	W (%s) %s: Transport config set, but overridden by scheme from URI: transport = %d, uri scheme = %s 
FUN_4012a19c	3f40ffca	E (%s) %s: Client has started 
FUN_4012a19c	3f40ffe9	mqtt_task
FUN_4012a19c	40125868	{R@?6a
FUN_4012a244	3f40f507	osi_set_interrupt_handler != NULL
FUN_4012a244	3f40fdfd	E (%s) %s: Error parse uri = %s 
FUN_4012a244	3f40fff3	E (%s) %s: Error create mqtt task 
FUN_4012a244	3f410016	E (%s) %s: Client cannot be stopped from MQTT task 
FUN_4012a244	40125868	{R@?6a
FUN_4012a37c	3f406bfa	meter_z4
FUN_4012a37c	3f40f507	osi_set_interrupt_handler != NULL
FUN_4012a37c	3f40f5a5	E (%s) %s: %s: message is too big, insufficient buffer size 
FUN_4012a37c	3f40f5e2	E (%s) %s: %s(%d): %s 
FUN_4012a37c	3f40f783	E (%s) %s: There is no transport 
FUN_4012a37c	3f40fdfd	E (%s) %s: Error parse uri = %s 
FUN_4012a37c	3f41020d	esp_mqtt_client_set_uri
FUN_4012a37c	3f410225	create_client_data
FUN_4012a37c	40125868	{R@?6a
FUN_4012a70c	3f40f507	osi_set_interrupt_handler != NULL
FUN_4012a70c	3f40fdfd	E (%s) %s: Error parse uri = %s 
FUN_4012a70c	3f4100d5	E (%s) %s: Error to subscribe topic=%s, qos=%d 
FUN_4012a70c	40125868	{R@?6a
FUN_4012a840	3f40f507	osi_set_interrupt_handler != NULL
FUN_4012a840	3f40fdfd	E (%s) %s: Error parse uri = %s 
FUN_4012a840	40125868	{R@?6a
FUN_4012a8c0	3f40f507	osi_set_interrupt_handler != NULL
FUN_4012a8c0	3f410105	W (%s) %s: Publish: Losing qos0 data when client not connected 
FUN_4012a8c0	3f425a84	        
FUN_4012a8c0	40125868	{R@?6a
FUN_4012aa4c	3f409c75	LSBleStart
FUN_4012aa4c	3f41026f	MQTT_EVENTS
FUN_4012aa4c	3f421add	brainpool512r1
FUN_4012ae18	3f40f5a5	E (%s) %s: %s: message is too big, insufficient buffer size 
FUN_4012ae18	3f40f5e2	E (%s) %s: %s(%d): %s 
FUN_4012ae18	3f41026f	MQTT_EVENTS
FUN_4012ae18	3f410289	outbox_enqueue
FUN_4012ae18	40125868	{R@?6a
FUN_4012ae5c	3f40f5a5	E (%s) %s: %s: message is too big, insufficient buffer size 
FUN_4012ae5c	3f40f5e2	E (%s) %s: %s(%d): %s 
FUN_4012ae5c	3f41026f	MQTT_EVENTS
FUN_4012ae5c	40125868	{R@?6a
FUN_4012afbc	40125868	{R@?6a
FUN_4012afd4	40125868	{R@?6a
FUN_4012b0bc	3f40f5a5	E (%s) %s: %s: message is too big, insufficient buffer size 
FUN_4012b0bc	3f40f5e2	E (%s) %s: %s(%d): %s 
FUN_4012b0bc	3f410298	outbox_init
FUN_4012b0bc	3f4102a4	PLATFORM
FUN_4012b0bc	3f4102ad	ESP32_%02x%02X%02X
FUN_4012b0bc	40125868	{R@?6a
FUN_4012b420	3f425a84	        
FUN_4012b4a4	3f4102c0	platform_create_id_string
FUN_4012b600	3f425a84	        
FUN_4012b630	3f425a84	        
FUN_4012b6a0	3f40d432	host_recv_adv_packet(stream) == true
FUN_4012b6a0	3f4102c0	platform_create_id_string
FUN_4012b6a0	3f4102e3	false
FUN_4012b6a0	3f4115d2	GPIO ISR null
FUN_4012ba74	3f425a84	        
FUN_4012bb04	3f425a84	        
FUN_4012bb40	3f425a84	        
FUN_4012bb8c	3f40d432	host_recv_adv_packet(stream) == true
FUN_4012bb8c	3f4102c0	platform_create_id_string
FUN_4012bb8c	3f4115d2	GPIO ISR null
FUN_4012beec	3f4102e3	false
FUN_4012beec	3f425a84	        
FUN_4012c00c	40125868	{R@?6a
FUN_4012c060	3f425a84	        
FUN_4012c078	3f425a84	        
FUN_4012c090	3f425a84	        
FUN_4012c0b0	3f425a84	        
FUN_4012c13c	3f425a84	        
FUN_4012c168	3f425a84	        
FUN_4012c180	3f425a84	        
FUN_4012c198	3f425a84	        
FUN_4012c274	3f425a84	        
FUN_4012c2e0	40125868	{R@?6a
FUN_4012c2f0	3f410ca4	/IDF/components/efuse/src/esp_efuse_utility.c
FUN_4012c2f0	3f410d36	"(Cannot use REG_READ for DPORT registers use DPORT_REG_READ)" && (!((((addr_wr_reg)) >= 0x3ff00000) && ((addr_wr_reg)) <= 0x3ff13FFC))
FUN_4012c2f0	3f410dc4	E (%u) %s: Range of data does not match the coding scheme 
FUN_4012c2f0	3f410ee8	esp_efuse_utility_read_reg
FUN_4012c2f0	3f425a84	        
FUN_4012c2f0	40125868	{R@?6a
FUN_4012c468	3f410c24	xRingbufferCreate
FUN_4012c468	3f410ca4	/IDF/components/efuse/src/esp_efuse_utility.c
FUN_4012c468	3f410dff	bits_counter <= req_size
FUN_4012c468	3f410e18	"(Cannot use REG_READ for DPORT registers use DPORT_REG_READ)" && (!((((range_read_addr_blocks[blk].start + num_reg * 4)) >= 0x3ff00000) && ((range_read_addr_blocks[blk].start + num_reg * 4)) <= 0x3ff13FFC))
FUN_4012c5b4	3f425a84	        
FUN_4012c698	3f404efc	esp_task_wdt_add(idle_1)
FUN_4012c698	3f410f37	/IDF/components/esp_ipc/src/esp_ipc.c
FUN_4012c698	3f410f63	ipc_task
FUN_4012c718	3f404efc	esp_task_wdt_add(idle_1)
FUN_4012c718	3f410f37	/IDF/components/esp_ipc/src/esp_ipc.c
FUN_4012c718	3f410f63	ipc_task
FUN_4012c7a0	3f41a01d	I (%s) %s: %s 
FUN_4012c7d4	3f40f5a5	E (%s) %s: %s: message is too big, insufficient buffer size 
FUN_4012c7d4	3f410faf	esp_ipc_isr_release_other_cpu
FUN_4012c7d4	3f411774	gpio_od_disable
FUN_4012c7d4	3f425a84	        
FUN_4012c7d4	40125868	{R@?6a
FUN_4012c838	3f40f5a5	E (%s) %s: %s: message is too big, insufficient buffer size 
FUN_4012c838	3f410faf	esp_ipc_isr_release_other_cpu
FUN_4012c838	3f41175d	gpio_ll_iomux_func_sel
FUN_4012c838	3f425a84	        
FUN_4012c838	40125868	{R@?6a
FUN_4012c89c	3f40f5a5	E (%s) %s: %s: message is too big, insufficient buffer size 
FUN_4012c89c	3f410faf	esp_ipc_isr_release_other_cpu
FUN_4012c89c	3f410fd2	GPIO number error
FUN_4012c89c	3f41109c	/IDF/components/hal/esp32/include/hal/gpio_ll.h
FUN_4012c89c	3f4117e7	gpio_input_disable
FUN_4012c89c	3f4117fa	gpio_ll_input_enable
FUN_4012c89c	3f41a01d	I (%s) %s: %s 
FUN_4012c89c	40125868	{R@?6a
FUN_4012c91c	3f40f5a5	E (%s) %s: %s: message is too big, insufficient buffer size 
FUN_4012c91c	3f410faf	esp_ipc_isr_release_other_cpu
FUN_4012c91c	3f41109c	/IDF/components/hal/esp32/include/hal/gpio_ll.h
FUN_4012c91c	3f4117be	gpio_output_enable
FUN_4012c91c	3f4117d1	gpio_ll_input_disable
FUN_4012c91c	3f41a01d	I (%s) %s: %s 
FUN_4012c91c	40125868	{R@?6a
FUN_4012c99c	3f40f5a5	E (%s) %s: %s: message is too big, insufficient buffer size 
FUN_4012c99c	3f410faf	esp_ipc_isr_release_other_cpu
FUN_4012c99c	3f41109c	/IDF/components/hal/esp32/include/hal/gpio_ll.h
FUN_4012c99c	3f4110cc	"(Cannot use CLEAR_PERI_REG_MASK for DPORT registers use DPORT_CLEAR_PERI_REG_MASK)" && (!((((GPIO_PIN_MUX_REG[gpio_num])) >= 0x3ff00000) && ((GPIO_PIN_MUX_REG[gpio_num])) <= 0x3ff13FFC))
FUN_4012c99c	3f411784	gpio_od_enable
FUN_4012c99c	3f411793	gpio_ll_output_disable
FUN_4012c99c	3f425a84	        
FUN_4012c99c	40125868	{R@?6a
FUN_4012ca60	3f40f5a5	E (%s) %s: %s: message is too big, insufficient buffer size 
FUN_4012ca60	3f410faf	esp_ipc_isr_release_other_cpu
FUN_4012ca60	3f411856	gpio_intr_disable
FUN_4012ca60	3f425a84	        
FUN_4012ca60	40125868	{R@?6a
FUN_4012cab0	3f40f5a5	E (%s) %s: %s: message is too big, insufficient buffer size 
FUN_4012cab0	3f410faf	esp_ipc_isr_release_other_cpu
FUN_4012cab0	3f411188	"(Cannot use REG_WRITE for DPORT registers use DPORT_REG_WRITE)" && (!(((((0x3ff44000 + 0x0530) + (gpio_num * 4))) >= 0x3ff00000) && (((0x3ff44000 + 0x0530) + (gpio_num * 4))) <= 0x3ff13FFC))
FUN_4012cab0	3f4117aa	gpio_output_disable
FUN_4012cab0	3f425a84	        
FUN_4012cab0	40125868	{R@?6a
FUN_4012cb50	3f40f5a5	E (%s) %s: %s: message is too big, insufficient buffer size 
FUN_4012cb50	3f410faf	esp_ipc_isr_release_other_cpu
FUN_4012cb50	3f41109c	/IDF/components/hal/esp32/include/hal/gpio_ll.h
FUN_4012cb50	3f411248	GPIO output gpio_num error
FUN_4012cb50	3f411904	gpio_pullup_dis
FUN_4012cb50	3f411914	gpio_ll_pullup_en
FUN_4012cb50	3f41a01d	I (%s) %s: %s 
FUN_4012cb50	3f425a84	        
FUN_4012cb50	40085750	{R@?6A
FUN_4012cb50	40125868	{R@?6a
FUN_4012cbf4	3f40f5a5	E (%s) %s: %s: message is too big, insufficient buffer size 
FUN_4012cbf4	3f410faf	esp_ipc_isr_release_other_cpu
FUN_4012cbf4	3f41109c	/IDF/components/hal/esp32/include/hal/gpio_ll.h
FUN_4012cbf4	3f411263	"(Cannot use REG_SET_BIT for DPORT registers use DPORT_REG_SET_BIT)" && (!((((GPIO_PIN_MUX_REG[gpio_num])) >= 0x3ff00000) && ((GPIO_PIN_MUX_REG[gpio_num])) <= 0x3ff13FFC))
FUN_4012cbf4	3f4118e0	gpio_pulldown_en
FUN_4012cbf4	3f4118f1	gpio_ll_pullup_dis
FUN_4012cbf4	3f41a01d	I (%s) %s: %s 
FUN_4012cbf4	3f425a84	        
FUN_4012cbf4	40085750	{R@?6A
FUN_4012cbf4	40125868	{R@?6a
FUN_4012cc98	3f40f5a5	E (%s) %s: %s: message is too big, insufficient buffer size 
FUN_4012cc98	3f410faf	esp_ipc_isr_release_other_cpu
FUN_4012cc98	3f41109c	/IDF/components/hal/esp32/include/hal/gpio_ll.h
FUN_4012cc98	3f411248	GPIO output gpio_num error
FUN_4012cc98	3f4118ba	gpio_pulldown_dis
FUN_4012cc98	3f4118cc	gpio_ll_pulldown_en
FUN_4012cc98	3f41a01d	I (%s) %s: %s 
FUN_4012cc98	3f425a84	        
FUN_4012cc98	40085750	{R@?6A
FUN_4012cc98	40125868	{R@?6a
FUN_4012cd3c	3f40f5a5	E (%s) %s: %s: message is too big, insufficient buffer size 
FUN_4012cd3c	3f410faf	esp_ipc_isr_release_other_cpu
FUN_4012cd3c	3f41109c	/IDF/components/hal/esp32/include/hal/gpio_ll.h
FUN_4012cd3c	3f411263	"(Cannot use REG_SET_BIT for DPORT registers use DPORT_REG_SET_BIT)" && (!((((GPIO_PIN_MUX_REG[gpio_num])) >= 0x3ff00000) && ((GPIO_PIN_MUX_REG[gpio_num])) <= 0x3ff13FFC))
FUN_4012cd3c	3f411892	gpio_set_intr_type
FUN_4012cd3c	3f4118a5	gpio_ll_pulldown_dis
FUN_4012cd3c	3f41a01d	I (%s) %s: %s 
FUN_4012cd3c	3f425a84	        
FUN_4012cd3c	40085750	{R@?6A
FUN_4012cd3c	40125868	{R@?6a
FUN_4012cde0	3f40f5a5	E (%s) %s: %s: message is too big, insufficient buffer size 
FUN_4012cde0	3f410faf	esp_ipc_isr_release_other_cpu
FUN_4012cde0	3f41130f	"(Cannot use REG_CLR_BIT for DPORT registers use DPORT_REG_CLR_BIT)" && (!((((GPIO_PIN_MUX_REG[gpio_num])) >= 0x3ff00000) && ((GPIO_PIN_MUX_REG[gpio_num])) <= 0x3ff13FFC))
FUN_4012cde0	3f411881	gpio_intr_enable
FUN_4012cde0	3f425a84	        
FUN_4012cde0	40085750	{R@?6A
FUN_4012cde0	40125868	{R@?6a
FUN_4012ce7c	3f40f5a5	E (%s) %s: %s: message is too big, insufficient buffer size 
FUN_4012ce7c	3f410faf	esp_ipc_isr_release_other_cpu
FUN_4012ce7c	3f411868	gpio_intr_enable_on_core
FUN_4012ce7c	3f425a84	        
FUN_4012ce7c	40085750	{R@?6A
FUN_4012ce7c	40125868	{R@?6a
FUN_4012cef0	3f40f5a5	E (%s) %s: %s: message is too big, insufficient buffer size 
FUN_4012cef0	3f410faf	esp_ipc_isr_release_other_cpu
FUN_4012cef0	3f411847	gpio_set_level
FUN_4012cef0	3f425a84	        
FUN_4012cef0	40125868	{R@?6a
FUN_4012cf40	3f40f5a5	E (%s) %s: %s: message is too big, insufficient buffer size 
FUN_4012cf40	3f410faf	esp_ipc_isr_release_other_cpu
FUN_4012cf40	3f411188	"(Cannot use REG_WRITE for DPORT registers use DPORT_REG_WRITE)" && (!(((((0x3ff44000 + 0x0530) + (gpio_num * 4))) >= 0x3ff00000) && (((0x3ff44000 + 0x0530) + (gpio_num * 4))) <= 0x3ff13FFC))
FUN_4012cf40	3f411834	gpio_set_pull_mode
FUN_4012cf40	3f425a84	        
FUN_4012cf40	40125868	{R@?6a
FUN_4012d01c	3f425a84	        
FUN_4012d058	3f40f5a5	E (%s) %s: %s: message is too big, insufficient buffer size 
FUN_4012d058	3f410faf	esp_ipc_isr_release_other_cpu
FUN_4012d058	3f4113bb	GPIO interrupt type error
FUN_4012d058	3f411821	gpio_set_direction
FUN_4012d058	40125868	{R@?6a
FUN_4012d0e8	3f40f5a5	E (%s) %s: %s: message is too big, insufficient buffer size 
FUN_4012d0e8	3f410faf	esp_ipc_isr_release_other_cpu
FUN_4012d0e8	3f4113d5	GPIO pull mode error
FUN_4012d0e8	3f41180f	gpio_input_enable
FUN_4012d0e8	40125868	{R@?6a
FUN_4012d19c	3f40f5a5	E (%s) %s: %s: message is too big, insufficient buffer size 
FUN_4012d19c	3f410faf	esp_ipc_isr_release_other_cpu
FUN_4012d19c	3f4114fd	"(Cannot use REG_SET_FIELD for DPORT registers use DPORT_REG_SET_FIELD)" && (!((((pin_name)) >= 0x3ff00000) && ((pin_name)) <= 0x3ff13FFC))
FUN_4012d19c	3f41171d	gpio_isr_register
FUN_4012d19c	3f425a84	        
FUN_4012d19c	40085750	{R@?6A
FUN_4012d19c	40125868	{R@?6a
FUN_4012d254	3f40f5a5	E (%s) %s: %s: message is too big, insufficient buffer size 
FUN_4012d254	3f410faf	esp_ipc_isr_release_other_cpu
FUN_4012d254	3f411589	GPIO isr service is not installed, call gpio_install_isr_service() first
FUN_4012d254	3f4115d2	GPIO ISR null
FUN_4012d254	3f4115e0	E (%s) %s: esp_ipc_call_blocking failed (0x%x) 
FUN_4012d254	3f41170c	gpio_ll_iomux_in
FUN_4012d254	3f425a84	        
FUN_4012d254	40085750	{R@?6A
FUN_4012d254	40125868	{R@?6a
FUN_4012d304	3f40f5a5	E (%s) %s: %s: message is too big, insufficient buffer size 
FUN_4012d304	3f410faf	esp_ipc_isr_release_other_cpu
FUN_4012d304	3f411610	E (%s) %s: esp_intr_alloc failed (0x%x) 
FUN_4012d304	3f41172f	gpio_isr_handler_add
FUN_4012d304	3f425a84	        
FUN_4012d304	40085750	{R@?6A
FUN_4012d304	40125868	{R@?6a
FUN_4012d378	3f41109c	/IDF/components/hal/esp32/include/hal/gpio_ll.h
FUN_4012d378	3f411639	GPIO isr service already installed
FUN_4012d378	3f41165c	"(Cannot use SET_PERI_REG_MASK for DPORT registers use DPORT_SET_PERI_REG_MASK)" && (!((((GPIO_PIN_MUX_REG[gpio])) >= 0x3ff00000) && ((GPIO_PIN_MUX_REG[gpio])) <= 0x3ff13FFC))
FUN_4012d378	3f41a01d	I (%s) %s: %s 
FUN_4012d378	3f425a84	        
FUN_4012d3d4	3f41109c	/IDF/components/hal/esp32/include/hal/gpio_ll.h
FUN_4012d3d4	3f41149a	I (%s) %s: GPIO[%d]| InputEn: %d| OutputEn: %d| OpenDrain: %d| Pullup: %d| Pulldown: %d| Intr:%d  
FUN_4012d3d4	3f411744	gpio_install_isr_service
FUN_4012d3d4	3f41a01d	I (%s) %s: %s 
FUN_4012d3d4	3f425a84	        
FUN_4012d6ac	3f411926	gpio_pullup_en
FUN_4012d6ac	3f411950	/IDF/components/driver/periph_ctrl.c
FUN_4012d6ac	3f411989	periph_module_disable
FUN_4012d6ac	3f425a84	        
FUN_4012d6ac	40085750	{R@?6A
FUN_4012d764	3f411926	gpio_pullup_en
FUN_4012d764	3f411950	/IDF/components/driver/periph_ctrl.c
FUN_4012d764	3f411975	periph_module_reset
FUN_4012d764	3f425a84	        
FUN_4012d764	40085750	{R@?6A
FUN_4012d810	40085750	{R@?6A
FUN_4012d818	3f411926	gpio_pullup_en
FUN_4012d818	3f411950	/IDF/components/driver/periph_ctrl.c
FUN_4012d818	3f425a84	        
FUN_4012d818	40085750	{R@?6A
FUN_4012d88c	3f425a84	        
FUN_4012d88c	40085750	{R@?6A
FUN_4012d8e0	3f425a84	        
FUN_4012d8e0	40085750	{R@?6A
FUN_4012d934	3f41a01d	I (%s) %s: %s 
FUN_4012d954	3f41199f	periph_module_enable
FUN_4012d954	3f4119ba	E (%s) %s: %s(%d): RTCIO number error 
FUN_4012d954	3f411a99	/IDF/components/hal/esp32/include/hal/rtc_io_ll.h
FUN_4012d954	3f411c3b	rtc_gpio_set_direction
FUN_4012d954	3f411c52	rtcio_ll_function_select
FUN_4012d954	3f41a01d	I (%s) %s: %s 
FUN_4012d954	3f425a84	        
FUN_4012d954	40085750	{R@?6A
FUN_4012d954	40125868	{R@?6a
FUN_4012da04	3f41199f	periph_module_enable
FUN_4012da04	3f411c28	rtc_gpio_pullup_en
FUN_4012da04	3f41a01d	I (%s) %s: %s 
FUN_4012da04	3f425a84	        
FUN_4012da04	40085750	{R@?6A
FUN_4012da04	40125868	{R@?6a
FUN_4012da60	3f41199f	periph_module_enable
FUN_4012da60	3f4119ba	E (%s) %s: %s(%d): RTCIO number error 
FUN_4012da60	3f411a99	/IDF/components/hal/esp32/include/hal/rtc_io_ll.h
FUN_4012da60	3f411bfd	rtc_gpio_pullup_dis
FUN_4012da60	3f411c11	rtcio_ll_pullup_enable
FUN_4012da60	3f41a01d	I (%s) %s: %s 
FUN_4012da60	3f425a84	        
FUN_4012da60	40085750	{R@?6A
FUN_4012da60	40125868	{R@?6a
FUN_4012daf8	3f41199f	periph_module_enable
FUN_4012daf8	3f411a99	/IDF/components/hal/esp32/include/hal/rtc_io_ll.h
FUN_4012daf8	3f411bd0	rtc_gpio_pulldown_en
FUN_4012daf8	3f411be5	rtcio_ll_pullup_disable
FUN_4012daf8	3f41a01d	I (%s) %s: %s 
FUN_4012daf8	3f425a84	        
FUN_4012daf8	40085750	{R@?6A
FUN_4012daf8	40125868	{R@?6a
FUN_4012db94	3f41199f	periph_module_enable
FUN_4012db94	3f4119ba	E (%s) %s: %s(%d): RTCIO number error 
FUN_4012db94	3f411a99	/IDF/components/hal/esp32/include/hal/rtc_io_ll.h
FUN_4012db94	3f411ba1	rtc_gpio_pulldown_dis
FUN_4012db94	3f411bb7	rtcio_ll_pulldown_enable
FUN_4012db94	3f41a01d	I (%s) %s: %s 
FUN_4012db94	3f425a84	        
FUN_4012db94	40085750	{R@?6A
FUN_4012db94	40125868	{R@?6a
FUN_4012dc2c	3f41199f	periph_module_enable
FUN_4012dc2c	3f411a99	/IDF/components/hal/esp32/include/hal/rtc_io_ll.h
FUN_4012dc2c	3f411acb	"(Cannot use CLEAR_PERI_REG_MASK for DPORT registers use DPORT_CLEAR_PERI_REG_MASK)" && (!((((rtc_io_desc[rtcio_num].reg)) >= 0x3ff00000) && ((rtc_io_desc[rtcio_num].reg)) <= 0x3ff13FFC))
FUN_4012dc2c	3f411b87	rtcio_ll_pulldown_disable
FUN_4012dc2c	3f41a01d	I (%s) %s: %s 
FUN_4012dc2c	3f425a84	        
FUN_4012dc2c	40085750	{R@?6A
FUN_4012dc2c	40125868	{R@?6a
FUN_4012dda0	3f411c6b	rtc_gpio_init
FUN_4012dda0	3f411cab	/IDF/components/driver/spi_common.c
FUN_4012dda0	3f4120b7	dma_chan_free
FUN_4012ddb8	3f425a84	        
FUN_4012ddb8	40085750	{R@?6A
FUN_4012de00	3f40f5a5	E (%s) %s: %s: message is too big, insufficient buffer size 
FUN_4012de00	3f411cab	/IDF/components/driver/spi_common.c
FUN_4012de00	3f411ccf	is_valid_host(host_id)
FUN_4012de00	3f411ce6	dma_chan > SPI_DMA_DISABLED && dma_chan <= SPI_DMA_CH_AUTO
FUN_4012de00	3f4120c5	get_dma_periph
FUN_4012de00	3f4120d4	alloc_dma_chan
FUN_4012de00	40125868	{R@?6a
FUN_4012deb4	3f411cab	/IDF/components/driver/spi_common.c
FUN_4012deb4	3f411d25	no available dma channel
FUN_4012deb4	3f41209b	spicommon_bus_initialize_io
FUN_4012deb4	3f425a84	        
FUN_4012deb4	40085750	{R@?6A
FUN_4012df2c	3f411ce6	dma_chan > SPI_DMA_DISABLED && dma_chan <= SPI_DMA_CH_AUTO
FUN_4012df2c	3f411d3e	spi_dma_chan_enabled & BIT(dma_chan)
FUN_4012df2c	3f41a01d	I (%s) %s: %s 
FUN_4012df2c	3f425a84	        
FUN_4012dfe0	3f41a01d	I (%s) %s: %s 
FUN_4012dfe0	3f425a84	        
FUN_4012e05c	3f41a01d	I (%s) %s: %s 
FUN_4012e074	3f40f5a5	E (%s) %s: %s: message is too big, insufficient buffer size 
FUN_4012e074	3f41109c	/IDF/components/hal/esp32/include/hal/gpio_ll.h
FUN_4012e074	3f41149a	I (%s) %s: GPIO[%d]| InputEn: %d| OutputEn: %d| OpenDrain: %d| Pullup: %d| Pulldown: %d| Intr:%d  
FUN_4012e074	3f411ce6	dma_chan > SPI_DMA_DISABLED && dma_chan <= SPI_DMA_CH_AUTO
FUN_4012e074	3f411d63	E (%u) %s: SPI%d already claimed by %s. 
FUN_4012e074	3f411d8c	sclk not valid
FUN_4012e074	3f411d9b	wp not valid
FUN_4012e074	3f411da8	hd not valid
FUN_4012e074	3f411db5	mosi not valid
FUN_4012e074	3f411dc4	miso not valid
FUN_4012e074	3f411dd3	E (%s) %s: sclk pin required. 
FUN_4012e074	3f411df2	E (%s) %s: mosi pin required. 
FUN_4012e074	3f411e11	E (%s) %s: miso pin required. 
FUN_4012e074	3f411e30	E (%s) %s: not both mosi and miso output capable 
FUN_4012e074	3f411e62	E (%s) %s: both wp and hd required. 
FUN_4012e074	3f411e87	E (%s) %s: not using iomux pins 
FUN_4012e074	3f41206c	spicommon_cs_initialize
FUN_4012e074	3f412084	gpio_ll_iomux_func_sel
FUN_4012e074	3f41a01d	I (%s) %s: %s 
FUN_4012e074	40125868	{R@?6a
FUN_4012e6a8	3f411cab	/IDF/components/driver/spi_common.c
FUN_4012e6a8	3f411ea8	not all required capabilities satisfied.
FUN_4012e6a8	3f412059	spi_bus_initialize
FUN_4012e6a8	3f41a01d	I (%s) %s: %s 
FUN_4012e79c	3f425a84	        
FUN_4012e7b0	3f40f5a5	E (%s) %s: %s: message is too big, insufficient buffer size 
FUN_4012e7b0	3f411ce6	dma_chan > SPI_DMA_DISABLED && dma_chan <= SPI_DMA_CH_AUTO
FUN_4012e7b0	3f411ed1	"(Cannot use SET_PERI_REG_MASK for DPORT registers use DPORT_SET_PERI_REG_MASK)" && (!((((GPIO_PIN_MUX_REG[cs_io_num])) >= 0x3ff00000) && ((GPIO_PIN_MUX_REG[cs_io_num])) <= 0x3ff13FFC))
FUN_4012e7b0	3f411f8b	invalid host_id
FUN_4012e7b0	3f411f9b	SPI bus already initialized.
FUN_4012e7b0	3f411fb8	invalid dma channel
FUN_4012e7b0	3f411fcc	intr flag not allowed
FUN_4012e7b0	3f411fe2	ESP_INTR_FLAG_IRAM should be disabled when CONFIG_SPI_MASTER_ISR_IN_IRAM is not set.
FUN_4012e7b0	3f412037	spi master
FUN_4012e7b0	3f412042	host_id already in use
FUN_4012e7b0	3f425a84	        
FUN_4012e7b0	40125868	{R@?6a
FUN_4012e9d0	3f425a84	        
FUN_4012e9e4	3f425a84	        
FUN_4012e9fc	3f4120e3	alloc_dma_chan
FUN_4012e9fc	3f4120f2	spi_master
FUN_4012e9fc	3f4120fd	E (%s) %s: %s(%d): invalid dev handle 
FUN_4012e9fc	3f412124	E (%s) %s: %s(%d): SPI_TRANS_USE_RXDATA only available for rxdata transfer <= 32 bits 
FUN_4012e9fc	3f41217b	E (%s) %s: %s(%d): SPI_TRANS_USE_TXDATA only available for txdata transfer <= 32 bits 
FUN_4012e9fc	3f4121d2	E (%s) %s: %s(%d): txdata transfer > host maximum 
FUN_4012e9fc	3f412205	E (%s) %s: %s(%d): rxdata transfer > host maximum 
FUN_4012e9fc	3f412238	E (%s) %s: %s(%d): rx length > tx length in full duplex mode 
FUN_4012e9fc	3f412276	E (%s) %s: %s(%d): Incompatible when setting to both multi-line mode and 3-wire-mode 
FUN_4012e9fc	3f4122cc	E (%s) %s: %s(%d): Incompatible when setting to both multi-line mode and half duplex mode 
FUN_4012e9fc	3f412327	E (%s) %s: %s(%d): SPI half duplex mode does not support using DMA with both MOSI and MISO phases. 
FUN_4012e9fc	3f41238b	E (%s) %s: %s(%d): trans tx_buffer should be NULL and SPI_TRANS_USE_TXDATA should be cleared to skip MOSI phase. 
FUN_4012e9fc	3f4123fd	E (%s) %s: %s(%d): trans rx_buffer should be NULL and SPI_TRANS_USE_RXDATA should be cleared to skip MISO phase. 
FUN_4012e9fc	3f4128d7	spi_device_polling_start
FUN_4012e9fc	40125868	{R@?6a
FUN_4012edb0	40085750	{R@?6A
FUN_4012eddc	40085750	{R@?6A
FUN_4012edfc	40085750	{R@?6A
FUN_4012f01c	3f4120e3	alloc_dma_chan
FUN_4012f01c	3f412599	host->cur_cs == DEV_NUM_MAX
FUN_4012f01c	3f4125b5	E (%s) %s: %s(%d): invalid host 
FUN_4012f01c	3f4125d6	E (%s) %s: %s(%d): host_id not initialized 
FUN_4012f01c	3f412602	E (%s) %s: %s(%d): SPI Master cannot attach to bus. (Check CONFIG_SPI_FLASH_SHARE_SPI1_BUS) 
FUN_4012f01c	3f41265f	E (%s) %s: %s(%d): spics pin invalid 
FUN_4012f01c	3f412685	E (%s) %s: %s(%d): invalid sclk speed 
FUN_4012f01c	3f4126ac	E (%s) %s: %s(%d): In full-duplex mode, only support cs pretrans delay = 1 and without address_bits and command_bits 
FUN_4012f01c	3f412722	E (%s) %s: %s(%d): no free cs pins for the host 
FUN_4012f01c	3f41290b	spi_master_deinit_driver
FUN_4012f01c	3f412924	spi_master_init_driver
FUN_4012f01c	3f425a84	        
FUN_4012f01c	40125868	{R@?6a
FUN_4012f424	3f4120e3	alloc_dma_chan
FUN_4012f424	3f412753	E (%s) %s: %s(%d): assigned clock speed not supported 
FUN_4012f424	3f41278a	E (%s) %s: %s(%d): currently timeout is not available for polling transactions 
FUN_4012f424	3f4128c0	spi_device_polling_end
FUN_4012f424	40085750	{R@?6A
FUN_4012f424	40125868	{R@?6a
FUN_4012f4e8	3f4120e3	alloc_dma_chan
FUN_4012f4e8	3f4120f2	spi_master
FUN_4012f4e8	3f412559	/IDF/components/driver/spi_master.c
FUN_4012f4e8	3f4127da	E (%s) %s: %s(%d): Cannot send polling transaction while the previous polling transaction is not terminated. 
FUN_4012f4e8	3f412885	host->device_acquiring_lock == NULL
FUN_4012f4e8	3f4128a9	spi_device_polling_end
FUN_4012f4e8	40085750	{R@?6A
FUN_4012f4e8	40125868	{R@?6a
FUN_4012f60c	3f41293b	spi_bus_add_device
FUN_4012f60c	3f41297b	/IDF/components/driver/spi_bus_lock.c
FUN_4012f60c	3f412a9e	spi_bus_lock_acquire_start
FUN_4012f760	40085750	{R@?6A
FUN_4012f82c	40085750	{R@?6A
FUN_4012f894	3f412ab9	spi_bus_deinit_lock
FUN_4012f894	3f412ad4	divider >= 2 && divider <= 65536
FUN_4012f894	3f412c97	timer_init
FUN_4012f920	3f412af5	IDF/components/hal/esp32/include/hal/timer_ll.h
FUN_4012f920	3f412b25	timer_group
FUN_4012f920	3f412b31	E (%s) %s: %s(%d): TIMER GROUP NUM ERROR 
FUN_4012f920	3f412b5b	E (%s) %s: %s(%d): HW TIMER NUM ERROR 
FUN_4012f920	3f412b82	E (%s) %s: %s(%d): HW TIMER PARAM ADDR ERROR 
FUN_4012f920	3f412ccf	timer_set_counter_value
FUN_4012f920	3f425a84	        
FUN_4012f920	40085750	{R@?6A
FUN_4012f920	40125868	{R@?6a
FUN_4012fa18	3f412af5	IDF/components/hal/esp32/include/hal/timer_ll.h
FUN_4012fa18	3f412b25	timer_group
FUN_4012fa18	3f412b31	E (%s) %s: %s(%d): TIMER GROUP NUM ERROR 
FUN_4012fa18	3f412b82	E (%s) %s: %s(%d): HW TIMER PARAM ADDR ERROR 
FUN_4012fa18	3f412cc3	timer_start
FUN_4012fa18	3f425a84	        
FUN_4012fa18	40085750	{R@?6A
FUN_4012fa18	40125868	{R@?6a
FUN_4012fae8	3f412af5	IDF/components/hal/esp32/include/hal/timer_ll.h
FUN_4012fae8	3f412b25	timer_group
FUN_4012fae8	3f412b31	E (%s) %s: %s(%d): TIMER GROUP NUM ERROR 
FUN_4012fae8	3f412b82	E (%s) %s: %s(%d): HW TIMER PARAM ADDR ERROR 
FUN_4012fae8	3f412cb7	timer_pause
FUN_4012fae8	3f425a84	        
FUN_4012fae8	40085750	{R@?6A
FUN_4012fae8	40125868	{R@?6a
FUN_4012fbbc	3f412af5	IDF/components/hal/esp32/include/hal/timer_ll.h
FUN_4012fbbc	3f412b25	timer_group
FUN_4012fbbc	3f412b31	E (%s) %s: %s(%d): TIMER GROUP NUM ERROR 
FUN_4012fbbc	3f412b82	E (%s) %s: %s(%d): HW TIMER PARAM ADDR ERROR 
FUN_4012fbbc	3f412ca2	timer_ll_set_divider
FUN_4012fbbc	3f425a84	        
FUN_4012fbbc	40085750	{R@?6A
FUN_4012fbbc	40125868	{R@?6a
FUN_4012fc90	3f412af5	IDF/components/hal/esp32/include/hal/timer_ll.h
FUN_4012fc90	3f412b25	timer_group
FUN_4012fc90	3f412b31	E (%s) %s: %s(%d): TIMER GROUP NUM ERROR 
FUN_4012fc90	3f412b5b	E (%s) %s: %s(%d): HW TIMER NUM ERROR 
FUN_4012fc90	3f412bb0	E (%s) %s: %s(%d): HW TIMER NEVER INIT ERROR 
FUN_4012fc90	3f412bde	E (%s) %s: %s(%d): HW TIMER divider outside of [2, 65536] range error 
FUN_4012fc90	3f412c25	E (%s) %s: TIMER driver malloc error 
FUN_4012fc90	3f412c4b	W (%s) %s: only support Level Interrupt, switch to Level Interrupt instead 
FUN_4012fc90	3f41a01d	I (%s) %s: %s 
FUN_4012fc90	3f425a84	        
FUN_4012fc90	40085750	{R@?6A
FUN_4012fc90	40125868	{R@?6a
FUN_4012ff14	3f41a01d	I (%s) %s: %s 
FUN_4012ff68	3f41a01d	I (%s) %s: %s 
FUN_4012ff68	3f425a84	        
FUN_4012ff68	40085750	{R@?6A
FUN_40130084	3f409fab	E (%s) %s: uart event type: %d  
FUN_40130084	3f412ce7	timer_get_counter_value
FUN_40130084	3f413208	uart_get_buffered_data_len
FUN_40130084	3f425a84	        
FUN_40130084	40085750	{R@?6A
FUN_40130084	40125868	{R@?6a
FUN_40130398	3f409fab	E (%s) %s: uart event type: %d  
FUN_40130398	3f412ce7	timer_get_counter_value
FUN_40130398	3f41330b	uart_get_baudrate
FUN_40130398	3f425a84	        
FUN_40130398	40085750	{R@?6A
FUN_40130398	40125868	{R@?6a
FUN_40130448	3f409fab	E (%s) %s: uart event type: %d  
FUN_40130448	3f412ce7	timer_get_counter_value
FUN_40130448	3f4132db	uart_pattern_queue_reset
FUN_40130448	3f425a84	        
FUN_40130448	40085750	{R@?6A
FUN_40130448	40125868	{R@?6a
FUN_401304c0	3f409fab	E (%s) %s: uart event type: %d  
FUN_401304c0	3f412ce7	timer_get_counter_value
FUN_401304c0	3f412d91	E (%s) %s: %s(%d): hw_flowctrl mode error 
FUN_401304c0	3f4132c7	uart_enable_tx_intr
FUN_401304c0	3f425a84	        
FUN_401304c0	40085750	{R@?6A
FUN_401304c0	40125868	{R@?6a
FUN_40130598	3f409fab	E (%s) %s: uart event type: %d  
FUN_40130598	3f412ce7	timer_get_counter_value
FUN_40130598	3f412dbc	E (%s) %s: %s(%d): uart driver error 
FUN_40130598	3f4132b5	uart_isr_register
FUN_40130598	3f425a84	        
FUN_40130598	40085750	{R@?6A
FUN_40130598	40125868	{R@?6a
FUN_40130658	3f425a84	        
FUN_40130658	40085750	{R@?6A
FUN_401307d8	3f409fab	E (%s) %s: uart event type: %d  
FUN_401307d8	3f412ce7	timer_get_counter_value
FUN_401307d8	3f4132a8	uart_set_pin
FUN_401307d8	3f41a01d	I (%s) %s: %s 
FUN_401307d8	40125868	{R@?6a
FUN_40130840	3f409fab	E (%s) %s: uart event type: %d  
FUN_40130840	3f41109c	/IDF/components/hal/esp32/include/hal/gpio_ll.h
FUN_40130840	3f41149a	I (%s) %s: GPIO[%d]| InputEn: %d| OutputEn: %d| OpenDrain: %d| Pullup: %d| Pulldown: %d| Intr:%d  
FUN_40130840	3f412ce7	timer_get_counter_value
FUN_40130840	3f412de2	E (%s) %s: %s(%d): empty intr threshold error 
FUN_40130840	3f412e11	E (%s) %s: %s(%d): tx_io_num error 
FUN_40130840	3f412e35	E (%s) %s: %s(%d): rx_io_num error 
FUN_40130840	3f412e59	E (%s) %s: %s(%d): rts_io_num error 
FUN_40130840	3f41327f	uart_param_config
FUN_40130840	3f413291	gpio_ll_iomux_func_sel
FUN_40130840	3f41a01d	I (%s) %s: %s 
FUN_40130840	40125868	{R@?6a
FUN_40130af8	3f409fab	E (%s) %s: uart event type: %d  
FUN_40130af8	3f412ce7	timer_get_counter_value
FUN_40130af8	3f412cff	E (%s) %s: %s(%d): uart_num error 
FUN_40130af8	3f412d45	E (%s) %s: %s(%d): stop bit error 
FUN_40130af8	3f412d68	E (%s) %s: %s(%d): rx flow thresh error 
FUN_40130af8	3f412e7e	E (%s) %s: %s(%d): cts_io_num error 
FUN_40130af8	3f41326e	uart_intr_config
FUN_40130af8	3f425a84	        
FUN_40130af8	40085750	{R@?6A
FUN_40130af8	40125868	{R@?6a
FUN_40130c20	3f409fab	E (%s) %s: uart event type: %d  
FUN_40130c20	3f412ce7	timer_get_counter_value
FUN_40130c20	3f412e7e	E (%s) %s: %s(%d): cts_io_num error 
FUN_40130c20	3f41325c	uart_wait_tx_done
FUN_40130c20	3f425a84	        
FUN_40130c20	40085750	{R@?6A
FUN_40130c20	40125868	{R@?6a
FUN_40130cdc	3f409fab	E (%s) %s: uart event type: %d  
FUN_40130cdc	3f412ce7	timer_get_counter_value
FUN_40130cdc	3f412d91	E (%s) %s: %s(%d): hw_flowctrl mode error 
FUN_40130cdc	3f41324b	uart_write_bytes
FUN_40130cdc	3f425a84	        
FUN_40130cdc	40085750	{R@?6A
FUN_40130cdc	40125868	{R@?6a
FUN_40130e2c	3f409fab	E (%s) %s: uart event type: %d  
FUN_40130e2c	3f412ce7	timer_get_counter_value
FUN_40130e2c	3f412d91	E (%s) %s: %s(%d): hw_flowctrl mode error 
FUN_40130e2c	3f412ea3	E (%s) %s: %s(%d): param null 
FUN_40130e2c	3f41323b	uart_read_bytes
FUN_40130e2c	40125868	{R@?6a
FUN_40131088	3f409fab	E (%s) %s: uart event type: %d  
FUN_40131088	3f412ce7	timer_get_counter_value
FUN_40131088	3f412d91	E (%s) %s: %s(%d): hw_flowctrl mode error 
FUN_40131088	3f412f29	E (%s) %s: %s(%d): break_num error 
FUN_40131088	3f4131da	uart_flush_input
FUN_40131088	40125868	{R@?6a
FUN_401312e0	3f409fab	E (%s) %s: uart event type: %d  
FUN_401312e0	3f412ce7	timer_get_counter_value
FUN_401312e0	3f412f75	E (%s) %s: rx_buffered_len error 
FUN_401312e0	3f413198	uart_set_rx_full_threshold
FUN_401312e0	3f41a01d	I (%s) %s: %s 
FUN_401312e0	3f425a84	        
FUN_401312e0	40085750	{R@?6A
FUN_401312e0	40125868	{R@?6a
FUN_401313c8	3f409fab	E (%s) %s: uart event type: %d  
FUN_401313c8	3f412ce7	timer_get_counter_value
FUN_401313c8	3f412f97	I (%s) %s: ALREADY NULL 
FUN_401313c8	3f412fb0	E (%s) %s: %s(%d): uart rx buffer length error 
FUN_401313c8	3f412fe0	E (%s) %s: %s(%d): uart tx buffer length error 
FUN_401313c8	3f413010	I (%s) %s: ESP_INTR_FLAG_IRAM flag not set while CONFIG_UART_ISR_IN_IRAM is enabled, flag updated 
FUN_401313c8	3f413073	E (%s) %s: UART driver malloc error 
FUN_401313c8	3f413098	I (%s) %s: queue free spaces: %d 
FUN_401313c8	3f4130ba	E (%s) %s: UART driver already installed 
FUN_401313c8	3f4131b3	uart_driver_delete
FUN_401313c8	3f425a84	        
FUN_401313c8	40085750	{R@?6A
FUN_401313c8	40125868	{R@?6a
FUN_401317e8	3f425a84	        
FUN_401317f0	3f409fab	E (%s) %s: uart event type: %d  
FUN_401317f0	3f412ce7	timer_get_counter_value
FUN_401317f0	3f4130ba	E (%s) %s: UART driver already installed 
FUN_401317f0	3f4130ec	E (%s) %s: %s(%d): rx fifo full threshold value error 
FUN_401317f0	3f413184	uart_set_rx_timeout
FUN_401317f0	3f425a84	        
FUN_401317f0	40085750	{R@?6A
FUN_401317f0	40125868	{R@?6a
FUN_401318a8	3f409fab	E (%s) %s: uart event type: %d  
FUN_401318a8	3f412ce7	timer_get_counter_value
FUN_401318a8	3f413123	E (%s) %s: call uart_driver_install API first 
FUN_401318a8	3f425a84	        
FUN_401318a8	40085750	{R@?6A
FUN_401318a8	40125868	{R@?6a
FUN_40131928	3f425a84	        
FUN_401319ec	3f425a84	        
FUN_401319ec	40085750	{R@?6A
FUN_40131a28	3f41338a	uart_set_word_length
FUN_40131a28	3f4134ff	adc_common_gpio_init
FUN_40131a28	3f425a84	        
FUN_40131a28	40085750	{R@?6A
FUN_40131a28	40125868	{R@?6a
FUN_40131a94	3f40f5a5	E (%s) %s: %s: message is too big, insufficient buffer size 
FUN_40131a94	3f41338a	uart_set_word_length
FUN_40131a94	3f4133a3	E (%s) %s: %s called, but s_adc_power_on_cnt == 0 
FUN_40131a94	3f4133d6	ADCADC_NUM_1 channel error
FUN_40131a94	3f4133f1	ADCADC_NUM_2 channel error
FUN_40131a94	3f4134e5	adc1_config_channel_atten
FUN_40131a94	3f41a01d	I (%s) %s: %s 
FUN_40131a94	40125868	{R@?6a
FUN_40131d5c	3f425a84	        
FUN_40131d5c	40085750	{R@?6A
FUN_40131de0	3f40f5a5	E (%s) %s: %s: message is too big, insufficient buffer size 
FUN_40131de0	3f41338a	uart_set_word_length
FUN_40131de0	3f413449	ADC Atten Err
FUN_40131de0	3f4134b4	adc1_get_raw
FUN_40131de0	40125868	{R@?6a
FUN_40131e28	3f40f5a5	E (%s) %s: %s: message is too big, insufficient buffer size 
FUN_40131e28	3f41338a	uart_set_word_length
FUN_40131e28	3f4133a3	E (%s) %s: %s called, but s_adc_power_on_cnt == 0 
FUN_40131e28	3f4134a2	adc2_wifi_release
FUN_40131e28	3f425a84	        
FUN_40131e28	40085750	{R@?6A
FUN_40131e28	40125868	{R@?6a
FUN_40131f08	3f40f5a5	E (%s) %s: %s: message is too big, insufficient buffer size 
FUN_40131f08	3f41338a	uart_set_word_length
FUN_40131f08	3f413457	adc1 lock release called before acquire
FUN_40131f08	3f41347f	wifi release called before acquire
FUN_40131f08	40125868	{R@?6a
FUN_40131f6c	3f413514	adc_power_release
FUN_40131f6c	3f413526	esp_ota_ops
FUN_40131f6c	3f413532	E (%s) %s: not found otadata 
FUN_40131f6c	40125868	{R@?6a
FUN_40132020	3f413514	adc_power_release
FUN_40132020	3f413550	E (%s) %s: mmap otadata filed. Err=0x%8x 
FUN_40132020	40125868	{R@?6a
FUN_401320a0	3f41357a	E (%s) %s: invalid partition table, no app partitions 
FUN_401320a0	3f4135d8	/IDF/components/app_update/esp_ota_ops.c
FUN_401320a0	3f413730	esp_ota_get_next_update_partition
FUN_40132610	40125868	{R@?6a
FUN_40132638	3f413770	esp_ota_get_app_partition_count
FUN_40132638	3f413790	boot_comm
FUN_40132638	3f41379a	E (%s) %s: mismatch chip ID, expected %d, found %d 
FUN_40132638	40125868	{R@?6a
FUN_401326e8	3f4138a4	bootloader_mmap
FUN_401326e8	3f4138b4	E (%s) %s: tried to bootloader_mmap twice 
FUN_401326e8	40125868	{R@?6a
FUN_4013276c	3f425a84	        
FUN_401327c4	3f413907	bootloader_flash_execute_command_common
FUN_401327c4	3f41392f	esp_image
FUN_401327c4	40125868	{R@?6a
FUN_40132860	3f413907	bootloader_flash_execute_command_common
FUN_40132860	3f413939	E (%s) %s: Checksum failed. Calculated 0x%x read 0x%x 
FUN_40132860	3f413970	E (%s) %s: image at 0x%x has invalid magic byte (nothing flashed here?) 
FUN_40132860	40125868	{R@?6a
FUN_40132934	3f413907	bootloader_flash_execute_command_common
FUN_40132934	3f4139b9	E (%s) %s: image at 0x%x segment count %d exceeds max %d 
FUN_40132934	40125868	{R@?6a
FUN_4013298c	3f409ecf	/%s/%s/update
FUN_4013298c	3f413907	bootloader_flash_execute_command_common
FUN_4013298c	3f4139f3	E (%s) %s: Image length %d doesn't fit in partition length %d 
FUN_4013298c	3f413a32	E (%s) %s: bootloader_flash_read failed at 0x%08x 
FUN_4013298c	3f413a65	E (%s) %s: invalid segment length 0x%x 
FUN_4013298c	3f413a8d	E (%s) %s: Segment %d load address 0x%08x, doesn't match data 0x%08x 
FUN_4013298c	3f413b15	E (%s) %s: bootloader_mmap(0x%x, 0x%x) failed 
FUN_4013298c	3f421add	brainpool512r1
FUN_4013298c	40125868	{R@?6a
FUN_40132bd0	3f413907	bootloader_flash_execute_command_common
FUN_40132bd0	3f413b44	E (%s) %s: image offset has wrapped 
FUN_40132bd0	3f413b69	E (%s) %s: partition size 0x%x invalid, larger than 16MB 
FUN_40132bd0	3f413ba3	Calculated hash
FUN_40132bd0	3f413bb3	E (%s) %s: Image hash failed - image is corrupt 
FUN_40132bd0	40125868	{R@?6a
FUN_40132d54	3f413be4	Expected hash
FUN_40132d54	3f413c01	/IDF/components/bootloader_support/src/idf/bootloader_sha.c
FUN_40132d54	3f413c46	bootloader_sha256_finish
FUN_40132d84	3f413be4	Expected hash
FUN_40132d84	3f413c01	/IDF/components/bootloader_support/src/idf/bootloader_sha.c
FUN_40132d84	3f413c3d	ret == 0
FUN_40132dc8	3f413c5f	bootloader_sha256_data
FUN_40132dc8	3f413c76	partition
FUN_40132dc8	3f413c80	E (%s) %s: No MD5 found in partition table 
FUN_40132dc8	3f413cac	E (%s) %s: Partition table MD5 mismatch 
FUN_40132dc8	3f425a84	        
FUN_40132dc8	40125868	{R@?6a
FUN_40132f8c	3f403779	InstTLBMultiHit
FUN_40132f8c	3f413cff	/IDF/components/spi_flash/partition.c
FUN_40132f8c	3f413de0	esp_partition_get
FUN_40133064	3f413cff	/IDF/components/spi_flash/partition.c
FUN_40133064	3f413dcb	esp_partition_verify
FUN_401330a4	3f413cff	/IDF/components/spi_flash/partition.c
FUN_401330a4	3f413d25	iterator != NULL
FUN_401330a4	3f413db8	esp_partition_read
FUN_40133110	3f413cff	/IDF/components/spi_flash/partition.c
FUN_40133110	3f413d25	iterator != NULL
FUN_40133110	3f413d8d	esp_partition_read_raw
FUN_40133110	40085750	{R@?6A
FUN_4013316c	3f413cff	/IDF/components/spi_flash/partition.c
FUN_4013316c	3f413d25	iterator != NULL
FUN_4013316c	3f413d75	esp_partition_write_raw
FUN_4013316c	40085750	{R@?6A
FUN_401331a8	3f413cff	/IDF/components/spi_flash/partition.c
FUN_401331a8	3f413d25	iterator != NULL
FUN_401331a8	3f413d5b	esp_partition_erase_range
FUN_401331a8	40085750	{R@?6A
FUN_401331e4	3f413cff	/IDF/components/spi_flash/partition.c
FUN_401331e4	3f413d25	iterator != NULL
FUN_401331e4	3f413d48	esp_partition_mmap
FUN_401331e4	40085750	{R@?6A
FUN_4013322c	3f413cff	/IDF/components/spi_flash/partition.c
FUN_4013322c	3f413d25	iterator != NULL
FUN_4013322c	3f413d36	partition != NULL
FUN_40133288	3f413cff	/IDF/components/spi_flash/partition.c
FUN_40133288	3f413d25	iterator != NULL
FUN_40133288	3f413da4	esp_partition_write
FUN_40133288	40085750	{R@?6A
FUN_4013333c	3f413df2	esp_partition_next
FUN_4013333c	3f413e1e	/IDF/components/spi_flash/cache_utils.c
FUN_4013333c	3f413f88	spi_flash_disable_interrupts_caches_and_other_cpu
FUN_401333fc	40125868	{R@?6a
FUN_4013341c	40085750	{R@?6A
FUN_40133504	3f412ab9	spi_bus_deinit_lock
FUN_40133504	3ffc0f82	bus_lock
FUN_4013352c	40125868	{R@?6a
FUN_4013363c	3f4145a6	spi1_flash_os_check_yield
FUN_4013364c	3f424305	BB?St9bad_alloc
FUN_401336c0	3f4145a6	spi1_flash_os_check_yield
FUN_40133998	3f4145a6	spi1_flash_os_check_yield
FUN_401339e4	3f424305	BB?St9bad_alloc
FUN_40133bd0	3f424305	BB?St9bad_alloc
FUN_401340d0	3f4145a6	spi1_flash_os_check_yield
FUN_401340d0	3f4145c4	findItem(nsIndex, datatype, key, findPage, item)
FUN_401340d0	3f4145f5	IDF/components/nvs_flash/src/nvs_storage.cpp
FUN_401344ec	3f424305	BB?St9bad_alloc
FUN_401345e0	3f424305	BB?St9bad_alloc
FUN_40134734	3f414622	esp_err_t nvs::Storage::writeItem(uint8_t, nvs::ItemType, const char*, const void*, size_t)
FUN_40134968	3f414622	esp_err_t nvs::Storage::writeItem(uint8_t, nvs::ItemType, const char*, const void*, size_t)
FUN_40134990	3f414622	esp_err_t nvs::Storage::writeItem(uint8_t, nvs::ItemType, const char*, const void*, size_t)
FUN_40134990	3f424305	BB?St9bad_alloc
FUN_401349e8	3f414622	esp_err_t nvs::Storage::writeItem(uint8_t, nvs::ItemType, const char*, const void*, size_t)
FUN_401349e8	3f424305	BB?St9bad_alloc
FUN_40134a74	3f424305	BB?St9bad_alloc
FUN_40134a74	40125868	{R@?6a
FUN_40134bc8	40125868	{R@?6a
FUN_40134c60	3f424305	BB?St9bad_alloc
FUN_40134c60	40125868	{R@?6a
FUN_40134df4	40125868	{R@?6a
FUN_40134e98	40125868	{R@?6a
FUN_40135204	40125868	{R@?6a
FUN_40135318	40125868	{R@?6a
FUN_401354a8	40125868	{R@?6a
FUN_4013558c	40125868	{R@?6a
FUN_401356a8	40125868	{R@?6a
FUN_401359d8	3f424305	BB?St9bad_alloc
FUN_40135b0c	40125868	{R@?6a
FUN_40135cc4	3f414622	esp_err_t nvs::Storage::writeItem(uint8_t, nvs::ItemType, const char*, const void*, size_t)
FUN_40135cc4	3f4146fb	@mPageList.back().getSeqNumber(lastSeqNo)
FUN_40135cc4	3f414725	IDF/components/nvs_flash/src/nvs_pagemanager.cpp
FUN_40135cc4	3f424305	BB?St9bad_alloc
FUN_40135f84	3f424305	BB?St9bad_alloc
FUN_4013602c	40085750	{R@?6A
FUN_4013603c	3f414756	esp_err_t nvs::PageManager::load(nvs::Partition*, uint32_t, uint32_t)
FUN_4013603c	3f4147b1	/IDF/components/espcoredump/src/core_dump_common.c
FUN_4013603c	3f425a84	        
FUN_4013603c	3ffc22ba	[%u] %s %u 
FUN_4013603c	40125868	{R@?6a
FUN_401360c0	3ffc10f4	@_
FUN_401361d4	3ffc143e	E (%u) %s: Failed to flush cached data to flash (%d)! 
FUN_401361d4	3ffc1475	E (%u) %s: Failed to erase flash (%d)! 
FUN_401361d4	3ffc149d	I (%u) %s: Erase flash %d bytes @ 0x%x 
FUN_401361d4	3ffc15b5	I (%u) %s: Init core dump to flash 
FUN_401361d4	40085750	{R@?6A
FUN_401361d4	40125868	{R@?6a
FUN_401365fc	3ffc0f82	bus_lock
FUN_401365fc	3ffc12cf	I (%u) %s: Found core dump %d bytes in flash @ 0x%x 
FUN_401365fc	3ffc1304	I (%u) %s: Core dump has been saved to flash. 
FUN_401365fc	3ffc1333	I (%u) %s: Save core dump to flash... 
FUN_401365fc	3ffc135a	E (%u) %s: Invalid flash partition config! 
FUN_401365fc	3ffc15b5	I (%u) %s: Init core dump to flash 
FUN_401365fc	40085750	{R@?6A
FUN_401365fc	40125868	{R@?6a
FUN_40136818	3f414913	elf_process_note_segment
FUN_40136818	3f41492c	elf_write_note
FUN_40136818	3ffc1cb3	E (%u) %s: Zero size register dump for task 0x%x! 
FUN_40136818	3ffc1ce6	E (%u) %s: %s(%u): Write ELF note data failure, returned (%d) 
FUN_40136818	3ffc1d25	E (%u) %s: %s(%u): Invalid data pointer for segment 
FUN_40136818	3ffc1d5a	E (%u) %s: %s(%u): Write ELF note data failure (%d) 
FUN_40136818	3ffc1d8f	E (%u) %s: %s(%u): Write ELF note name failure (%d) 
FUN_40136818	3ffc1dc4	E (%u) %s: %s(%u): Write ELF note header failure (%d) 
FUN_40136818	3ffc1f09	E (%u) %s: %s(%u): Write ELF header failure (%d) 
FUN_40136968	3f40a677	xPortGetCoreID() == CONFIG_BTDM_CTRL_PINNED_TO_CORE
FUN_40136968	3ffc1c81	E (%u) %s: Task (TCB:%x) processing failure = %d 
FUN_40136968	3ffc1f09	E (%u) %s: %s(%u): Write ELF header failure (%d) 
FUN_401369a8	3f4148ec	elf_save_task
FUN_401369a8	3ffc1ea1	E (%u) %s: %s(%u): Invalid data for segment. 
FUN_401369a8	3ffc1f09	E (%u) %s: %s(%u): Write ELF header failure (%d) 
FUN_401369e8	3f4148be	elf_write_core_dump_user_data
FUN_401369e8	3ffc1dfb	E (%u) %s: %s(%u): Segment note name is too long %d. 
FUN_401369e8	3ffc1e31	E (%u) %s: %s(%u): Write ELF segment data failure (%d) 
FUN_401369e8	3ffc1e69	E (%u) %s: %s(%u): Write ELF segment data failure (%d) 
FUN_401369e8	3ffc1f09	E (%u) %s: %s(%u): Write ELF header failure (%d) 
FUN_40136abc	3f4148fa	elf_write_segment_header
FUN_40136abc	3ffc1bb3	E (%u) %s: %s(%u): Task %x, PR_STATUS write failed, return (%d). 
FUN_40136abc	3ffc1f09	E (%u) %s: %s(%u): Write ELF header failure (%d) 
FUN_40136b34	3f41486d	esp_core_dump_image_check
FUN_40136b34	3f414887	ESP_CORE_DUMP_INFO
FUN_40136b34	3f41489a	EXTRA_INFO
FUN_40136b34	3f4148a5	elf_write_core_dump_info
FUN_40136b34	3f4148dc	elf_add_segment
FUN_40136b34	3f41493b	elf_add_note
FUN_40136b34	3f414948	elf_process_tasks_regs
FUN_40136b34	3f41495f	elf_write_tasks_data
FUN_40136b34	3f414974	elf_write_file_header
FUN_40136b34	3ffc16ac	E (%u) %s: %s(%u): Invalid input data. 
FUN_40136b34	3ffc16d4	E (%u) %s: %s(%u): Version info writing failed. Returned (%d). 
FUN_40136b34	3ffc1714	E (%u) %s: %s(%u): memory regions writing error, returned (%d). 
FUN_40136b34	3ffc1755	E (%u) %s: %s(%u): ELF Size writing error, returned (%d). 
FUN_40136b34	3ffc1790	E (%u) %s: %s(%u): ELF header writing error, returned (%d). 
FUN_40136b34	3ffc17cd	E (%u) %s: %s(%u): ELF header writing error, returned (%d). 
FUN_40136b34	3ffc180a	E (%u) %s: %s(%u): EXTRA_INFO note segment processing failure, returned(%d). 
FUN_40136b34	3ffc1858	E (%u) %s: %s(%u): Extra info note write failed. Returned (%d). 
FUN_40136b34	3ffc1899	E (%u) %s: Zero size extra info! 
FUN_40136b34	3ffc18bb	E (%u) %s: %s(%u): Version info note write failed. Returned (%d). 
FUN_40136b34	3ffc18fe	E (%u) %s: %s(%u): memory region write failed. Returned (%d). 
FUN_40136b34	3ffc193d	E (%u) %s: %s(%u): invalid memory region 
FUN_40136b34	3ffc1967	E (%u) %s: %s(%u): Interrupted task stack write failed, return (%d). 
FUN_40136b34	3ffc19ad	E (%u) %s: %s(%u): Task %x, TCB write failed, return (%d). 
FUN_40136b34	3ffc19e9	E (%u) %s: %s(%u): Tasks regs addition failed, return (%d). 
FUN_40136b34	3ffc1a26	E (%u) %s: %s(%u): Task %x, stack write failed, return (%d). 
FUN_40136b34	3ffc1a64	E (%u) %s: %s(%u): Task %x, TCB write failed, return (%d). 
FUN_40136b34	3ffc1aa0	E (%u) %s: %s(%u): PR_STATUS note segment processing failure, returned(%d). 
FUN_40136b34	3ffc1aed	E (%u) %s: %s(%u): Task %x, PR_STATUS write failed, return (%d). 
FUN_40136b34	3ffc1b2f	E (%u) %s: %s(%u): Task %x, PR_STATUS write failed, return (%d). 
FUN_40136b34	3ffc1b71	E (%u) %s: %s(%u): Task %x, PR_STATUS write failed, return (%d). 
FUN_40136b34	3ffc1bf5	E (%u) %s: %s(%u): NOTE segment header write failure, returned (%d). 
FUN_40136b34	3ffc1c3b	E (%u) %s: Task (TCB:%x), (Stack:%x), stack processing failure = %d. 
FUN_40136b34	3ffc1ecf	E (%u) %s: %s(%u): Write ELF segment header failure (%d) 
FUN_40136b34	3ffc1f09	E (%u) %s: %s(%u): Write ELF header failure (%d) 
FUN_40136b34	40125868	{R@?6a
FUN_40137044	3f41498a	esp_core_dump_do_write_elf_pass
FUN_40137044	3ffc15d9	esp_core_dump_flash
FUN_40137044	3ffc15ed	E (%u) %s: Failed to end core dump (%d)! 
FUN_40137044	3ffc1617	E (%u) %s: Failed to write core dump header (%d)! 
FUN_40137044	3ffc164a	E (%u) %s: Failed to start core dump (%d)! 
FUN_40137044	3ffc1676	E (%u) %s: Failed to prepare core dump storage (%d)! 
FUN_40137044	3ffc1f09	E (%u) %s: %s(%u): Write ELF header failure (%d) 
FUN_40137044	40125868	{R@?6a
FUN_401371cc	3f425a84	        
FUN_401371d4	3f425a84	        
FUN_401372a0	3f4149aa	esp_core_dump_write_elf
FUN_401372a0	3f4149f7	/IDF/components/espcoredump/src/port/xtensa/core_dump_port.c
FUN_401372a0	3f414a63	esp_core_dump_get_task_regs_dump
FUN_401372a0	3f425a84	        
FUN_4013731c	3f4149f7	/IDF/components/espcoredump/src/port/xtensa/core_dump_port.c
FUN_4013731c	3f414a34	task != ((void *)0) && reg_dump != ((void *)0)
FUN_4013731c	3ffc1f3b	esp_core_dump_elf
FUN_4013731c	3ffc1f4d	E (%u) %s: Error while registers processing. 
FUN_4013731c	3ffc1f7b	E (%u) %s: Too small stack to keep frame: %d bytes! 
FUN_401377a4	3f414a84	esp_core_dump_get_stack
FUN_401377a4	3f414aa4	/IDF/components/espcoredump/src/core_dump_checksum.c
FUN_401377a4	3f414b3f	esp_core_dump_checksum_finish
FUN_401377a4	3ffc1fd1	E (%u) %s: Empty data to add to checksum calculation! 
FUN_4013781c	3f414aa4	/IDF/components/espcoredump/src/core_dump_checksum.c
FUN_4013781c	3f414ad9	cks_ctx != ((void *)0) || chs_ptr == ((void *)0)
FUN_4013781c	3f414b0a	checksum != ((void *)0)
FUN_4013781c	3ffc1fb0	esp_core_dump_port
FUN_40137864	40085750	{R@?6A
FUN_401378bc	3f425a84	        
FUN_401378bc	3ffc2008	esp_core_dump_checksum
FUN_4013797c	3f414b5d	esp_core_dump_checksum_update
FUN_4013797c	3f414b7f	phy_init
FUN_4013797c	3f414b88	E (%s) %s: %s: NVS has not been initialized. Call nvs_flash_init before starting WiFi/BT. 
FUN_4013797c	3f414be3	cal_version
FUN_4013797c	3f414bef	cal_mac
FUN_4013797c	3f414bf7	E (%s) %s: %s: calibration data MAC check failed: expected %02x:%02x:%02x:%02x:%02x:%02x, found %02x:%02x:%02x:%02x:%02x:%02x 
FUN_4013797c	3f414c76	cal_data
FUN_4013797c	3f414e87	store_cal_data_to_nvs_handle
FUN_4013797c	3f414ea4	load_cal_data_from_nvs_handle
FUN_4013797c	40125868	{R@?6a
FUN_40137ac0	3f414b5d	esp_core_dump_checksum_update
FUN_40137ac0	3f414b88	E (%s) %s: %s: NVS has not been initialized. Call nvs_flash_init before starting WiFi/BT. 
FUN_40137ac0	3f414be3	cal_version
FUN_40137ac0	3f414bf7	E (%s) %s: %s: calibration data MAC check failed: expected %02x:%02x:%02x:%02x:%02x:%02x, found %02x:%02x:%02x:%02x:%02x:%02x 
FUN_40137ac0	3f414c7f	E (%s) %s: %s: failed to get cal_data(0x%x) 
FUN_40137ac0	3f414cac	E (%s) %s: %s: store calibration data failed(0x%x)  
FUN_40137ac0	3f414ce1	E (%s) %s: %s: store calibration mac failed(0x%x)  
FUN_40137ac0	3f414d15	E (%s) %s: %s: store calibration version failed(0x%x)  
FUN_40137ac0	3f414e39	W (%s) %s: saving new calibration data because of checksum failure, mode(%d) 
FUN_40137ac0	40125868	{R@?6a
FUN_40137b9c	3f414b5d	esp_core_dump_checksum_update
FUN_40137b9c	3f414d4d	E (%s) %s: %s: store calibration nvs commit failed(0x%x)  
FUN_40137b9c	3f414d88	I (%s) %s: phy_version %s 
FUN_40137b9c	3f414da3	E (%s) %s: failed to allocate memory for RF calibration data 
FUN_40137b9c	3f414de1	W (%s) %s: failed to load RF calibration data (0x%x), falling back to full calibration 
FUN_40137b9c	3f414ec2	esp_phy_load_cal_data_from_nvs
FUN_40137b9c	40125868	{R@?6a
FUN_40137c80	40085750	{R@?6A
FUN_40137c80	40125868	{R@?6a
FUN_40137d08	40085750	{R@?6A
FUN_40137dac	40085750	{R@?6A
FUN_40138094	3f4150e7	esp_intr_alloc(ETS_TG0_WDT_LEVEL_INTR_SOURCE, 0, task_wdt_isr, NULL, &twdt_config->intr_handle)
FUN_40138094	3f415147	IDF/components/esp_system/task_wdt.c
FUN_40138094	3f41516c	esp_register_freertos_idle_hook_for_cpu(idle_hook_cb, i)
FUN_40138094	3f425a84	        
FUN_40138094	40085750	{R@?6A
FUN_40138094	40125868	{R@?6a
FUN_4013816c	3f425a84	        
FUN_4013816c	40085750	{R@?6A
FUN_401381d8	3f425a84	        
FUN_401381d8	40085750	{R@?6A
FUN_401381d8	40125868	{R@?6a
FUN_40138280	3f425a84	        
FUN_40138280	40085750	{R@?6A
FUN_401382dc	3f411a99	/IDF/components/hal/esp32/include/hal/rtc_io_ll.h
FUN_401382dc	3f4151c8	rtcio_ll_input_enable
FUN_401382dc	3f41a01d	I (%s) %s: %s 
FUN_40138324	3f4119ba	E (%s) %s: %s(%d): RTCIO number error 
FUN_40138324	3f411a99	/IDF/components/hal/esp32/include/hal/rtc_io_ll.h
FUN_40138324	3f4151b6	esp_task_wdt_init
FUN_40138324	3f41a01d	I (%s) %s: %s 
FUN_40138368	3f425a84	        
FUN_40138600	3f425a84	        
FUN_4013878c	3f4151de	rtcio_ll_input_disable
FUN_4013878c	3f4151f5	E (%s) %s: %s(%d): When work in full-duplex mode at frequency > %.1fMHz, device cannot read correct data. Try to use IOMUX pins to increase the frequency limit, or use the half duplex mode. Please note the SPI master can only work at divisors of 80MHz, and the driver always tries to find the closest frequency to your configuration. Specify ``SPI_DEVICE_NO_DUMMY`` to ignore this checking. Then you can output data at higher speed, or read data at your own risk. 
FUN_4013878c	3f4153c6	spi_hal_cal_clock_conf
FUN_4013878c	40125868	{R@?6a
FUN_4013882c	3f425a84	        
FUN_40138c8c	3f4153dd	spi_hal
FUN_40138c8c	3f425a84	        
FUN_40138d70	3f425a84	        
FUN_40138de8	3f425a84	        
FUN_40138ed0	3f4153dd	spi_hal
FUN_40138f04	3f4153dd	spi_hal
FUN_40138f04	3f41562c	/IDF/components/esp_netif/esp_netif_objects.c
FUN_40138f04	3f4156b6	esp_netif_remove_from_list
FUN_40138f88	3f41562c	/IDF/components/esp_netif/esp_netif_objects.c
FUN_40138f88	3f415684	E (%s) %s: Failed to lock esp-netif list with %d 
FUN_40139018	3f415672	esp_netif_objects
FUN_40139018	40125868	{R@?6a
FUN_4013906c	3f415672	esp_netif_objects
FUN_4013906c	40125868	{R@?6a
FUN_40139234	3f4156e7	IP_EVENT
FUN_40139234	3f415744	E (%s) %s: dhcps cb: failed to post IP_EVENT_AP_STAIPASSIGNED (%x) 
FUN_40139234	3f415788	E (%s) %s: Cannot start esp_netif: esp_netif must not be null 
FUN_40139234	3f4157c7	E (%s) %s: Cannot start esp_netif: Missing mandatory configuration: esp_netif->driver_transmit: %p, esp_netif->driver_handle:%p, esp_netif->lwip_input_fn: %p, esp_netif->lwip_init_fn:%p 
FUN_40139234	3f415882	esp_netif_config_sanity_check(esp_netif)
FUN_40139234	3f4158ab	IDF/components/esp_netif/lwip/esp_netif_lwip.c
FUN_40139234	3f4158de	E (%s) %s: %s not supported, please enable it in lwIP component configuration 
FUN_40139234	3f415b21	E (%s) %s: Post-attach callback of driver(%p) failed with %d 
FUN_40139234	40125868	{R@?6a
FUN_4013946c	40125868	{R@?6a
FUN_40139498	3f419442	ip4addr_aton
FUN_401394ec	3f4156e7	IP_EVENT
FUN_401394ec	3f41592d	esp_netif_lwip_add(esp_netif)
FUN_401394ec	3f419442	ip4addr_aton
FUN_401394ec	3f425a84	        
FUN_401394ec	40125868	{R@?6a
FUN_401396a8	3f4156e7	IP_EVENT
FUN_401396a8	3f4159a7	E (%s) %s: ip lost timer: failed to post lost ip event (%x) 
FUN_401396a8	3f4159e4	E (%s) %s: esp netif api sync sem init fail 
FUN_401396a8	40125868	{R@?6a
FUN_4013978c	3f4156e7	IP_EVENT
FUN_4013978c	3f4158ab	IDF/components/esp_netif/lwip/esp_netif_lwip.c
FUN_4013978c	3f415a11	E (%s) %s: esp netif api lock sem init fail 
FUN_4013978c	3f415a3e	E (%s) %s: %s: Failed to configure netif with config=%p (config or if_key is NULL or duplicate key) 
FUN_4013978c	3f415aa3	E (%s) %s: Failed to allocate %d bytes (fee heap size %d) 
FUN_4013978c	3f415b5f	esp_netif_start_api
FUN_4013978c	40125868	{R@?6a
FUN_401399c8	3f4156e7	IP_EVENT
FUN_401399c8	3f415ae3	E (%s) %s: Initial configuration of esp_netif failed with %d 
FUN_401399c8	40125868	{R@?6a
FUN_40139c2c	3f415ec4	esp_event_loop_run
FUN_40139c2c	3f415ed7	event_send
FUN_40139c2c	3f415ee2	E (%s) %s: invalid wifi event id %d 
FUN_40139c2c	3f415f07	E (%s) %s: invalid ip event id %d 
FUN_40139c2c	3f425a84	        
FUN_40139c2c	40125868	{R@?6a
FUN_40139e20	3f425a84	        
FUN_40139f28	3f425a84	        
FUN_4013a0ac	3f415f2a	E (%s) %s: invalid event base %s 
FUN_4013a1a8	3f415f2a	E (%s) %s: invalid event base %s 
FUN_4013a61c	3f415f2a	E (%s) %s: invalid event base %s 
FUN_4013aa30	3f415f2a	E (%s) %s: invalid event base %s 
FUN_4013ba04	3f425a84	        
FUN_4013cca8	3f415f2a	E (%s) %s: invalid event base %s 
FUN_4013cca8	3f425a84	        
FUN_4013ce8c	3f425a84	        
FUN_4013d970	3f415f2a	E (%s) %s: invalid event base %s 
FUN_4013dccc	3f4169cd	smartconfig
FUN_4013dccc	3f4169e0	wifi_init
FUN_4013dccc	3f4169ea	E (%s) %s: Wi-Fi not stop 
FUN_4013dccc	3f416a05	W (%s) %s: Failed to unregister Rx callbacks 
FUN_4013dccc	40125868	{R@?6a
FUN_4013dd5c	3f4169cd	smartconfig
FUN_4013dd5c	3f416a33	E (%s) %s: Failed to deinit Wi-Fi driver (0x%x) 
FUN_4013dd5c	3f416a64	W (%s) %s: Failed to set default Wi-Fi event handlers (0x%x) 
FUN_4013dd5c	3f416aa2	E (%s) %s: Failed to init supplicant (0x%x) 
FUN_4013dd5c	3f416acf	E (%s) %s: Failed to deinit Wi-Fi (0x%x) 
FUN_4013dd5c	3f416af9	I (%s) %s: rx ba win: %d 
FUN_4013dd5c	3f416b13	I (%s) %s: tcpip mbox: %d 
FUN_4013dd5c	3f416b2e	I (%s) %s: udp mbox: %d 
FUN_4013dd5c	3f416b47	I (%s) %s: tcp mbox: %d 
FUN_4013dd5c	3f416b60	I (%s) %s: tcp tx win: %d 
FUN_4013dd5c	3f416b7b	I (%s) %s: tcp rx win: %d 
FUN_4013dd5c	3f416b96	I (%s) %s: tcp mss: %d 
FUN_4013dd5c	40085750	{R@?6A
FUN_4013dd5c	40125868	{R@?6a
FUN_4013def4	3f416bcf	WIFI_EVENT
FUN_4013def4	3f416bda	wifi_init_default
FUN_4013def4	3f416bec	E (%s) %s: esp_wifi_get_mac failed with %d 
FUN_4013def4	3f416c18	E (%s) %s: esp_wifi_register_if_rxcb for if=%p failed with %d 
FUN_4013def4	40125868	{R@?6a
FUN_4013dfe0	3f416bcf	WIFI_EVENT
FUN_4013dfe0	3f416c57	E (%s) %s: netstack cb reg failed with %d 
FUN_4013dfe0	40125868	{R@?6a
FUN_4013e01c	3f416bcf	WIFI_EVENT
FUN_4013e01c	3f416bec	E (%s) %s: esp_wifi_get_mac failed with %d 
FUN_4013e01c	40125868	{R@?6a
FUN_4013e070	3f416bcf	WIFI_EVENT
FUN_4013e070	3f416c82	I (%s) %s: esp_wifi_internal_set_sta_ip failed with %d 
FUN_4013e070	40125868	{R@?6a
FUN_4013e0bc	3f425a84	        
FUN_4013e0bc	40125868	{R@?6a
FUN_4013e13c	3f425a84	        
FUN_4013e13c	40125868	{R@?6a
FUN_4013e258	3f416ced	/IDF/components/esp_wifi/src/wifi_default.c
FUN_4013e258	3f418bef	udp_input_local_match: invalid netif
FUN_4013e258	3f4240ab	WIFI_STA_DEF
FUN_4013e258	3f425a84	        
FUN_4013e320	3f416d19	esp_netif_create_default_wifi_sta
FUN_4013e320	3f416d3b	wifi_netif
FUN_4013e320	40125868	{R@?6a
FUN_4013e370	3f416d19	esp_netif_create_default_wifi_sta
FUN_4013e370	3f416d46	E (%s) %s: No memory to create a wifi interface handle 
FUN_4013e370	3f416d7e	E (%s) %s: Invalid argument: supplied netif=%p does not equal to interface netif=%p 
FUN_4013e370	3f416dd3	E (%s) %s: Unknown wifi interface id if=%d 
FUN_4013e370	40125868	{R@?6a
FUN_4013e43c	3f416dff	E (%s) %s: esp_wifi_internal_reg_rxcb for if=%d failed with %d 
FUN_4013e43c	3f416e3f	sock->fd_used != 0
FUN_4013e43c	3f4170e2	alloc_socket
FUN_4013e4a4	3f416dff	E (%s) %s: esp_wifi_internal_reg_rxcb for if=%d failed with %d 
FUN_4013e4a4	3f416e3f	sock->fd_used != 0
FUN_4013e4a4	3f41703a	lwip_unlink_select_cb
FUN_4013e51c	3f416e3f	sock->fd_used != 0
FUN_4013e51c	3f416e52	IDF/components/lwip/lwip/src/api/sockets.c
FUN_4013e51c	3f4170cf	free_socket_locked
FUN_4013e5b4	3f416e3f	sock->fd_used != 0
FUN_4013e5b4	3f416e7d	sockets[i].select_waiting == 0
FUN_4013e5b4	3f416e9c	no socket given
FUN_4013e5b4	3f416eac	this should be checked internally
FUN_4013e5b4	3f416ece	invalid copylen, len would underflow
FUN_4013e5b4	3f417096	lwip_sock_make_addr
FUN_4013e5b4	3f4176e7	pbuf_realloc: p != NULL
FUN_4013e9fc	3f4136de	E (%s) %s: ota data invalid, no current app. Assuming factory 
FUN_4013e9fc	3f416e3f	sock->fd_used != 0
FUN_4013e9fc	3f416f53	fromaddr != NULL
FUN_4013e9fc	3f417080	lwip_recvfrom_udp_raw
FUN_4013ea70	3f40d2d3	hci_hal_env.adv_fc_cmd_buf != NULL
FUN_4013ea70	3f416e3f	sock->fd_used != 0
FUN_4013ea70	3f417071	event_callback
FUN_4013eb44	3f416e3f	sock->fd_used != 0
FUN_4013eb44	3f416f29	select_cb->prev != NULL
FUN_4013eb44	3f416f64	fromlen != NULL
FUN_4013eb44	3f4170b8	lwip_close
FUN_4013fc88	40125868	{R@?6a
FUN_4013fd1c	40125868	{R@?6a
FUN_4013ff48	3f4170fd	tcpip_thread: invalid message
FUN_4013ff48	3f41711b	IDF/components/lwip/lwip/src/api/tcpip.c
FUN_4013ff48	3f4171ed	tcpip_callback
FUN_4013ffb8	3f4170fd	tcpip_thread: invalid message
FUN_4013ffb8	3f41711b	IDF/components/lwip/lwip/src/api/tcpip.c
FUN_4013ffb8	3f4171da	tcpip_try_callback
FUN_4013fff8	3f4170fd	tcpip_thread: invalid message
FUN_4013fff8	3f41711b	IDF/components/lwip/lwip/src/api/tcpip.c
FUN_4013fff8	3f4171c2	tcpip_send_msg_wait_sem
FUN_40140044	3f4170fd	tcpip_thread: invalid message
FUN_40140044	3f41711b	IDF/components/lwip/lwip/src/api/tcpip.c
FUN_40140044	3f417144	Invalid mbox
FUN_40140044	3f4171b7	tcpip_init
FUN_4014008c	3f4170fd	tcpip_thread: invalid message
FUN_4014008c	3f417151	semaphore not initialized
FUN_4014008c	3f41716b	failed to create tcpip_thread mbox
FUN_4014008c	3f4171aa	tcpip_thread
FUN_4014008c	40125868	{R@?6a
FUN_401401a8	3f417200	p_inpkt
FUN_401401a8	3f417208	dns server out of array
FUN_401401a8	3f417281	localhost
FUN_40140308	3f417208	dns server out of array
FUN_40140308	3f417220	IDF/components/lwip/lwip/src/core/dns.c
FUN_40140308	3f417248	array index out of bounds
FUN_40140308	3f41728b	dns_send
FUN_4014074c	3f419442	ip4addr_aton
FUN_401407ac	3f417262	unknown dns_table entry state:
FUN_401407ac	3f419442	ip4addr_aton
FUN_40140ac0	3f417294	dns_check_entry
FUN_40140ac0	3f4172a4	malloc() must return aligned memory
FUN_40140ac0	3f4172c8	IDF/components/lwip/lwip/src/core/mem.c
FUN_40140ac0	3f4172f0	rmem != NULL
FUN_40140ac0	3f4172fd	rmem == MEM_ALIGN(rmem)
FUN_40140ac0	3f417315	mem_free
FUN_40140af4	3f4172a4	malloc() must return aligned memory
FUN_40140af4	3f4172c8	IDF/components/lwip/lwip/src/core/mem.c
FUN_40140af4	3f4172f0	rmem != NULL
FUN_40140af4	3f4172fd	rmem == MEM_ALIGN(rmem)
FUN_40140b2c	3f41731e	mem_malloc
FUN_40140b2c	3f417329	memp_malloc: memp properly aligned
FUN_40140b2c	3f417395	do_memp_free_pool
FUN_40140b60	3f417329	memp_malloc: memp properly aligned
FUN_40140b60	3f41734c	IDF/components/lwip/lwip/src/core/memp.c
FUN_40140b60	3f417375	memp_free: mem properly aligned
FUN_40140b88	3f4173a7	do_memp_malloc_pool
FUN_40140bbc	3f4173a7	do_memp_malloc_pool
FUN_40140bbc	3f417416	netif_poll: invalid netif
FUN_40140bbc	3f417430	IDF/components/lwip/lwip/src/core/netif.c
FUN_40140bbc	3f41745a	bogus pbuf: len != tot_len but next == NULL!
FUN_40140bbc	3f417487	netif->loop_cnt_current underflow
FUN_40140bbc	3f4175a8	if first != NULL, last must also be != NULL
FUN_40140c98	3f417416	netif_poll: invalid netif
FUN_40140c98	3f4174d1	netif_loopif_init: invalid netif
FUN_40140c98	3f4175df	netif_loop_output
FUN_40140cdc	3f417416	netif_poll: invalid netif
FUN_40140cdc	3f4174f2	netif_issue_reports: invalid netif
FUN_40140cdc	3f4175f1	netif_issue_reports
FUN_40140d28	3f419442	ip4addr_aton
FUN_40140d74	3f417416	netif_poll: invalid netif
FUN_40140d74	3f417515	invalid pointer
FUN_40140d74	3f417525	netif already added
FUN_40140d74	3f417605	netif_do_set_ipaddr
FUN_40140d74	3f419442	ip4addr_aton
FUN_40140d74	40125868	{R@?6a
FUN_40140f88	3f417416	netif_poll: invalid netif
FUN_40140f88	3f417539	too many netifs, max. supported number is 255
FUN_40140f88	3f417567	netif_loop_output: invalid netif
FUN_40140f88	3f417588	netif_loop_output: invalid pbuf
FUN_40140f88	3f4175d4	netif_poll
FUN_401410dc	3f417623	netif_loopif_init
FUN_401410dc	3f4176e7	pbuf_realloc: p != NULL
FUN_401410dc	3f41784f	pbuf_remove_header
FUN_40141144	3f417623	netif_loopif_init
FUN_40141144	3f417635	IDF/components/lwip/lwip/src/core/pbuf.c
FUN_40141144	3f417877	pbuf_realloc
FUN_4014119c	3f417623	netif_loopif_init
FUN_4014119c	3f4176e7	pbuf_realloc: p != NULL
FUN_4014119c	3f417845	pbuf_free
FUN_40141208	3f417623	netif_loopif_init
FUN_40141208	3f41765e	invalid pbuf_type
FUN_40141208	3f4176e7	pbuf_realloc: p != NULL
FUN_40141208	3f41783c	pbuf_ref
FUN_40141298	3f417623	netif_loopif_init
FUN_40141298	3f417686	invalid pbuf type
FUN_40141298	3f417698	PBUF_POOL_BUFSIZE must be bigger than MEM_ALIGNMENT
FUN_40141298	3f417884	pbuf_alloc_reference
FUN_401413e8	3f417623	netif_loopif_init
FUN_401413e8	3f4176cc	pbuf_alloc: erroneous type
FUN_401413e8	3f4176e7	pbuf_realloc: p != NULL
FUN_401413e8	3f4176ff	pbuf_realloc: q != NULL
FUN_401413e8	3f417862	pbuf_add_header_impl
FUN_401414b0	3f417623	netif_loopif_init
FUN_401414b0	3f417717	mem_trim returned q == NULL
FUN_401414b0	3f417833	pbuf_cat
FUN_401414e0	3f417623	netif_loopif_init
FUN_401414e0	3f417733	pbuf ref overflow
FUN_401414e0	3f41781c	pbuf_copy_partial_pbuf
FUN_40141544	3f417623	netif_loopif_init
FUN_40141544	3f417745	p->tot_len == p->len (of last pbuf in chain)
FUN_40141544	3f417812	pbuf_take
FUN_401416ac	3f417623	netif_loopif_init
FUN_401416ac	3f4177a4	pbuf_take: invalid pbuf
FUN_401416ac	3f417805	pbuf_take_at
FUN_40141724	3f417623	netif_loopif_init
FUN_40141724	3f4177bc	did not copy all data
FUN_40141724	3f4177fa	pbuf_clone
FUN_40141798	3f417623	netif_loopif_init
FUN_40141798	3f4177d2	check pbuf_skip result
FUN_40141798	3f4177e9	pbuf_copy failed
FUN_40141818	3f417899	pbuf_alloc
FUN_40141818	3f41793b	raw_sendto_if_src
FUN_40141af4	3f417f04	tcp_free
FUN_40141af4	3f425a84	        
FUN_40141c04	3f425a84	        
FUN_40141c1c	3f41794d	raw_input
FUN_40141c1c	3f417957	tcp_free: LISTEN
FUN_40141c1c	3f417eef	tcp_backlog_accepted
FUN_40141c44	3f417957	tcp_free: LISTEN
FUN_40141c44	3f417968	IDF/components/lwip/lwip/src/core/tcp.c
FUN_40141c44	3f417990	pcb != NULL
FUN_40141c44	3f417edc	tcp_close_shutdown
FUN_40141c88	3f417957	tcp_free: LISTEN
FUN_40141c88	3f417968	IDF/components/lwip/lwip/src/core/tcp.c
FUN_40141c88	3f417ea9	tcp_abandon
FUN_40141d04	3f417957	tcp_free: LISTEN
FUN_40141d04	3f41799c	accepts_pending != 0
FUN_40141d04	3f4179b1	tcp_update_rcv_ann_wnd: invalid pcb
FUN_40141d04	3f417e87	tcp_recved
FUN_40141d6c	3f417957	tcp_free: LISTEN
FUN_40141d6c	3f4179d5	new_rcv_ann_wnd <= 0xffff
FUN_40141d6c	3f417e7f	slowtmr
FUN_40141df4	3f417957	tcp_free: LISTEN
FUN_40141df4	3f4179ef	don't call tcp_recved for listen-pcbs
FUN_40141df4	3f417e65	tcp_recv
FUN_40141e2c	3f417957	tcp_free: LISTEN
FUN_40141e2c	3f417a15	tcp_seg_copy: invalid seg
FUN_40141e2c	3f417e5c	tcp_sent
FUN_40141e50	3f417957	tcp_free: LISTEN
FUN_40141e50	3f417a2f	invalid socket state for recv callback
FUN_40141e50	3f417e54	tcp_err
FUN_40141e74	3f417957	tcp_free: LISTEN
FUN_40141e74	3f417a56	invalid socket state for sent callback
FUN_40141e74	3f417e4b	tcp_poll
FUN_40141e98	3f417957	tcp_free: LISTEN
FUN_40141e98	3f417a7d	invalid socket state for err callback
FUN_40141e98	3f417e3c	tcp_pcb_remove
FUN_40141ec0	3f417957	tcp_free: LISTEN
FUN_40141ec0	3f417aa3	invalid socket state for poll
FUN_40141ec0	3f417e18	tcp_eff_send_mss_netif
FUN_40141ee8	3f417957	tcp_free: LISTEN
FUN_40141ee8	3f417ac1	tcp_next_iss: invalid pcb
FUN_40141ee8	3f417df6	tcp_netif_ip_addr_changed_pcblist
FUN_401420dc	3f417957	tcp_free: LISTEN
FUN_401420dc	3f417adb	tcp_eff_send_mss_netif: invalid dst_ip
FUN_401420dc	3f417b02	tcp_pcb_remove: invalid pcb
FUN_401420dc	3f417b1e	tcp_pcb_remove: invalid pcblist
FUN_401420dc	3f417b3e	unsent segments leaking
FUN_401420dc	3f417b56	unacked segments leaking
FUN_401420dc	3f417e2f	tcp_next_iss
FUN_40142188	3f417957	tcp_free: LISTEN
FUN_40142188	3f417b6f	ooseq segments leaking
FUN_40142188	3f417e92	tcp_update_rcv_ann_wnd
FUN_401422ec	3f417957	tcp_free: LISTEN
FUN_401422ec	3f417b86	don't call tcp_abort/tcp_abandon for listen-pcbs
FUN_401422ec	3f417dd0	tcp_slowtmr: first pcb == tcp_tw_pcbs
FUN_401424c4	3f417957	tcp_free: LISTEN
FUN_401424c4	3f417bb7	tcp_netif_ip_addr_changed_pcblist: invalid old_addr
FUN_401424c4	3f417beb	tcp_close_shutdown: invalid pcb
FUN_401424c4	3f417c0b	pcb->flags & TF_RXCLOSED
FUN_401424c4	3f417eb5	tcp_close_shutdown_fin
FUN_401424c4	3f417ecc	tcp_free_listen
FUN_401424c4	3f417f04	tcp_free
FUN_401427c4	3f417957	tcp_free: LISTEN
FUN_401427c4	3f417c24	tcp_free_listen: !LISTEN
FUN_401427c4	3f417c3d	tcp_slowtmr: active pcb->state != CLOSED 
FUN_401427c4	3f417c67	tcp_slowtmr: active pcb->state != LISTEN 
FUN_401427c4	3f417c91	tcp_slowtmr: active pcb->state != TIME-WAIT 
FUN_401427c4	3f417cbe	tcp_slowtimr: persist ticking with in-flight data
FUN_401427c4	3f417cf0	tcp_slowtimr: persist ticking with empty send buffer
FUN_401427c4	3f417d25	tcp_slowtmr: middle tcp != tcp_active_pcbs
FUN_401427c4	3f417d50	tcp_slowtmr: first pcb == tcp_active_pcbs
FUN_401427c4	3f417d7a	tcp_slowtmr: TIME-WAIT pcb->state == TIME-WAIT
FUN_401427c4	3f417da9	tcp_slowtmr: middle tcp != tcp_tw_pcbs
FUN_401427c4	3f417e6e	tcp_seg_copy
FUN_401427c4	3f417f04	tcp_free
FUN_40142c00	3f417f04	tcp_free
FUN_40142c00	3f417f34	tcp_oos_insert_segment: invalid cseg
FUN_40142c00	3f4182f0	tcp_input_delayed_close
FUN_40142cd4	3f417f34	tcp_oos_insert_segment: invalid cseg
FUN_40142cd4	3f417f59	IDF/components/lwip/lwip/src/core/tcp_in.c
FUN_40142cd4	3f418343	tcp_process
FUN_40142d5c	3f417f34	tcp_oos_insert_segment: invalid cseg
FUN_40142d5c	3f417f84	tcp_parseopt: invalid pcb
FUN_40142d5c	3f4182d6	pcb->refused_data == NULL
FUN_40142da8	3f417f34	tcp_oos_insert_segment: invalid cseg
FUN_40142da8	3f417f9e	tcp_input_delayed_close: invalid pcb
FUN_40142da8	3f418308	tcp_oos_insert_segment
FUN_40142e5c	3f417f34	tcp_oos_insert_segment: invalid cseg
FUN_40142e5c	3f417feb	tcp_receive: valid queue length
FUN_40142e5c	3f41800b	tcp_receive: invalid pcb
FUN_40142e5c	3f418024	tcp_receive: wrong state
FUN_40142e5c	3f41803d	inseg.p != NULL
FUN_40142e5c	3f41804d	insane offset!
FUN_40142e5c	3f41805c	pbuf too short!
FUN_40142e5c	3f41806c	tcp_receive: segment not trimmed correctly to rcv_wnd 
FUN_40142e5c	3f4180a3	tcp_receive: segment not trimmed correctly to ooseq queue 
FUN_40142e5c	3f4180de	tcp_receive: tcplen > rcv_wnd 
FUN_40142e5c	3f41831f	tcp_free_acked_segments
FUN_401438e8	3f417f34	tcp_oos_insert_segment: invalid cseg
FUN_401438e8	3f4180fd	tcp_receive: ooseq tcplen > rcv_wnd 
FUN_401438e8	3f418122	tcp_input: invalid pbuf
FUN_401438e8	3f41813a	p->next != NULL
FUN_401438e8	3f41814a	p->len == 0
FUN_401438e8	3f418156	p->tot_len == p->next->tot_len
FUN_401438e8	3f418175	tcp_input: active pcb->state != CLOSED
FUN_401438e8	3f41819c	tcp_input: active pcb->state != TIME-WAIT
FUN_401438e8	3f4181c6	tcp_input: active pcb->state != LISTEN
FUN_401438e8	3f4181ed	tcp_input: pcb->next != pcb (before cache)
FUN_401438e8	3f418218	tcp_input: pcb->next != pcb (after cache)
FUN_401438e8	3f418242	tcp_input: TIME-WAIT pcb->state == TIME-WAIT
FUN_401438e8	3f41826f	tcp_input: pcb->state != CLOSED
FUN_401438e8	3f4182a5	no segment to free
FUN_401438e8	3f4182b8	pcb->listener->accept != NULL
FUN_401438e8	3f418337	tcp_receive
FUN_401438e8	3f41834f	tcp_parseopt
FUN_401444fc	3f41835c	tcp_input
FUN_401444fc	3f418366	tcp_create_segment: invalid pcb
FUN_401444fc	3f418386	IDF/components/lwip/lwip/src/core/tcp_out.c
FUN_401444fc	3f4183b2	tcp_create_segment: invalid pbuf
FUN_401444fc	3f418a5a	tcp_split_unsent_seg
FUN_401445f0	3f418366	tcp_create_segment: invalid pcb
FUN_401445f0	3f4183d3	p->tot_len >= optlen
FUN_401445f0	3f41896f	tcp_output_fill_options
FUN_401446c0	3f418366	tcp_create_segment: invalid pcb
FUN_401446c0	3f4183e8	check that first pbuf can hold struct tcp_hdr
FUN_401446c0	3f4189ee	tcp_rexmit_rto_prepare
FUN_401446ec	3f418366	tcp_create_segment: invalid pcb
FUN_401446ec	3f418416	tcp_output_segment_busy: invalid seg
FUN_401446ec	3f41891b	tcp_keepalive
FUN_40144730	3f418366	tcp_create_segment: invalid pcb
FUN_40144730	3f41843b	tcp_output_alloc_header: invalid pcb
FUN_40144730	3f418954	tcp_output_control_segment
FUN_4014474c	3f418366	tcp_create_segment: invalid pcb
FUN_4014474c	3f418460	tcp_output_fill_options: invalid pbuf
FUN_4014474c	3f418941	tcp_send_empty_ack
FUN_40144acc	3f418366	tcp_create_segment: invalid pcb
FUN_40144acc	3f4185c4	tcp_write: valid queue length
FUN_40144acc	3f4185e2	tcp_split_unsent_seg: invalid pcb
FUN_40144acc	3f418604	Can't split segment into length 0
FUN_40144acc	3f418a4d	tcp_send_fin
FUN_40144c6c	3f418366	tcp_create_segment: invalid pcb
FUN_40144c6c	3f418641	tcp_enqueue_flags: need either TCP_SYN or TCP_FIN in flags (programmer violates API)
FUN_40144c6c	3f418696	tcp_enqueue_flags: invalid pcb
FUN_40144c6c	3f4186b5	tcp_enqueue_flags: check that first pbuf can hold optlen
FUN_40144c6c	3f4186ee	seg->tcphdr not aligned
FUN_40144c6c	3f418706	tcp_enqueue_flags: invalid segment length
FUN_40144c6c	3f418a30	tcp_output
FUN_40144d78	3f418366	tcp_create_segment: invalid pcb
FUN_40144d78	3f418730	tcp_enqueue_flags: invalid queue length
FUN_40144d78	3f418a3b	tcp_enqueue_flags
FUN_40144dfc	3f418366	tcp_create_segment: invalid pcb
FUN_40144dfc	3f418758	tcp_send_fin: invalid pcb
FUN_40144dfc	3f4189d8	tcp_rexmit_rto_commit
FUN_40144ea8	3f418366	tcp_create_segment: invalid pcb
FUN_40144ea8	3f418772	tcp_rexmit_rto_prepare: invalid pcb
FUN_40144ea8	3f4189ae	tcp_rexmit_fast
FUN_40144f54	3f418366	tcp_create_segment: invalid pcb
FUN_40144f54	3f418796	tcp_rexmit: invalid pcb
FUN_40144f54	3f4189a6	tcp_rst
FUN_40144fbc	3f418366	tcp_create_segment: invalid pcb
FUN_40144fbc	3f4187ae	tcp_rexmit_fast: invalid pcb
FUN_40144fbc	3f4187cb	tcp_rst: invalid local_ip
FUN_40144fbc	3f418987	tcp_output_alloc_header_common
FUN_4014501c	3f418366	tcp_create_segment: invalid pcb
FUN_4014501c	3f4187e5	tcp_rst: invalid remote_ip
FUN_4014501c	3f418929	tcp_output_alloc_header
FUN_40145088	3f418366	tcp_create_segment: invalid pcb
FUN_40145088	3f418800	tcp_send_empty_ack: invalid pcb
FUN_40145088	3f418820	tcp_output: invalid pcb
FUN_40145088	3f418838	don't call tcp_output for listen-pcbs
FUN_40145088	3f41885e	RST not expected here!
FUN_40145088	3f418a05	tcp_output_segment_busy
FUN_40145088	3f418a1d	tcp_output_segment
FUN_40145510	3f418366	tcp_create_segment: invalid pcb
FUN_40145510	3f418875	options not filled
FUN_40145510	3f4189c9	tcp_rexmit_rto
FUN_40145540	3f418366	tcp_create_segment: invalid pcb
FUN_40145540	3f418888	tcp_rexmit_rto_commit: invalid pcb
FUN_40145540	3f4189be	tcp_rexmit
FUN_4014556c	3f418366	tcp_create_segment: invalid pcb
FUN_4014556c	3f4188ab	tcp_rexmit_rto: invalid pcb
FUN_4014556c	3f418905	tcp_zero_window_probe
FUN_401455b4	3f418366	tcp_create_segment: invalid pcb
FUN_401455b4	3f4188c7	tcp_keepalive: invalid pcb
FUN_401455b4	3f4188e2	tcp_zero_window_probe: invalid pcb
FUN_401456c8	3f418aa5	tcp_write
FUN_401456c8	3f418aaf	sys_timeout: timeout != NULL, pool MEMP_SYS_TIMEOUT is empty
FUN_401456c8	3f418b4f	sys_timeout
FUN_4014574c	3f418aaf	sys_timeout: timeout != NULL, pool MEMP_SYS_TIMEOUT is empty
FUN_4014574c	3f418aec	IDF/components/lwip/lwip/src/core/timeouts.c
FUN_4014574c	3f418b19	Timeout time too long, max is LWIP_UINT32_MAX/4 msecs
FUN_401457d0	3f418b5b	sys_timeout_abs
FUN_40145884	3f418b5b	sys_timeout_abs
FUN_40145884	3f418ba3	@udp_input_local_match: invalid pcb
FUN_40145884	3f418bc7	IDF/components/lwip/lwip/src/core/udp.c
FUN_40145884	3f418c8e	udp_sendto_if_src
FUN_401458fc	3f425a84	        
FUN_40145914	3f418ba3	@udp_input_local_match: invalid pcb
FUN_40145914	3f418bef	udp_input_local_match: invalid netif
FUN_40145914	3f418c14	udp_input: invalid pbuf
FUN_40145914	3f418c2c	udp_input: invalid netif
FUN_40145914	3f418ca0	udp_input_local_match
FUN_40145ad4	3f419442	ip4addr_aton
FUN_40145ad4	3f425a84	        
FUN_40145ba0	3f418ba3	@udp_input_local_match: invalid pcb
FUN_40145ba0	3f418c45	pbuf_remove_header failed 
FUN_40145ba0	3f418c60	check that first pbuf can hold struct udp_hdr
FUN_40145ba0	40085750	{R@?6A
FUN_40145d60	3f419442	ip4addr_aton
FUN_40146100	3f418cb6	udp_input
FUN_40146100	3f418cc0	dhcp_option_short: options_out_len + 2 <= DHCP_OPTIONS_LEN
FUN_40146100	3f418f89	dhcp_option
FUN_40146100	40085750	{R@?6A
FUN_40146134	3f418cc0	dhcp_option_short: options_out_len + 2 <= DHCP_OPTIONS_LEN
FUN_40146134	3f418cfb	IDF/components/lwip/lwip/src/core/ipv4/dhcp.c
FUN_40146134	3f418f78	dhcp_option_byte
FUN_40146134	40085750	{R@?6A
FUN_40146168	3f418cc0	dhcp_option_short: options_out_len + 2 <= DHCP_OPTIONS_LEN
FUN_40146168	3f418d29	dhcp_option: options_out_len + 2 + option_len <= DHCP_OPTIONS_LEN
FUN_40146168	3f418f63	dhcp_option_hostname
FUN_40146168	40085750	{R@?6A
FUN_40146180	3f418cc0	dhcp_option_short: options_out_len + 2 <= DHCP_OPTIONS_LEN
FUN_40146180	3f418d6b	dhcp_option_byte: options_out_len < DHCP_OPTIONS_LEN
FUN_40146180	3f418f42	dhcp_set_struct
FUN_40146180	40085750	{R@?6A
FUN_401461d0	3f418cc0	dhcp_option_short: options_out_len + 2 <= DHCP_OPTIONS_LEN
FUN_401461d0	3f418da0	dhcp_option_long: options_out_len + 4 <= DHCP_OPTIONS_LEN
FUN_401461d0	3f418f09	dhcp_inc_pcb_refcount
FUN_401461d0	40085750	{R@?6A
FUN_40146208	3f418cc0	dhcp_option_short: options_out_len + 2 <= DHCP_OPTIONS_LEN
FUN_40146208	3f418dda	dhcp_pcb_refcount(): refcount error
FUN_40146208	3f418ef8	dhcp_parse_reply
FUN_40146208	3f419442	ip4addr_aton
FUN_40146208	40085750	{R@?6A
FUN_4014626c	3f418cc0	dhcp_option_short: options_out_len + 2 <= DHCP_OPTIONS_LEN
FUN_4014626c	3f418dfe	dhcp_inc_pcb_refcount(): memory leak
FUN_4014626c	3f418f95	dhcp_option_short
FUN_4014626c	40085750	{R@?6A
FUN_4014637c	3f418cc0	dhcp_option_short: options_out_len + 2 <= DHCP_OPTIONS_LEN
FUN_4014637c	3f418e23	dhcp_create_msg: check that first pbuf can hold struct dhcp_msg
FUN_4014637c	3f418f52	dhcp_option_long
FUN_4014637c	40085750	{R@?6A
FUN_40146444	3f418fa7	dhcp_create_msg
FUN_40146444	3f419442	ip4addr_aton
FUN_40146594	3f418fa7	dhcp_create_msg
FUN_40146594	3f419442	ip4addr_aton
FUN_401466a0	3f418fa7	dhcp_create_msg
FUN_401466a0	3f419442	ip4addr_aton
FUN_4014678c	3f418cc0	dhcp_option_short: options_out_len + 2 <= DHCP_OPTIONS_LEN
FUN_4014678c	3f418e63	DHCP: hostname is too long!
FUN_4014678c	3f418ee3	dhcp_network_changed
FUN_4014678c	3f419442	ip4addr_aton
FUN_4014678c	40085750	{R@?6A
FUN_40146c14	3f418cc0	dhcp_option_short: options_out_len + 2 <= DHCP_OPTIONS_LEN
FUN_40146c14	3f418e7f	check decode_idx
FUN_40146c14	3f418e90	netif != NULL
FUN_40146c14	3f418e9e	dhcp != NULL
FUN_40146c14	3f418f35	dhcp_cleanup
FUN_40146c14	40085750	{R@?6A
FUN_40146c58	3f418cc0	dhcp_option_short: options_out_len + 2 <= DHCP_OPTIONS_LEN
FUN_40146c58	3f418e7f	check decode_idx
FUN_40146c58	3f418f1f	dhcp_dec_pcb_refcount
FUN_40146c58	40085750	{R@?6A
FUN_40146c80	3f418cc0	dhcp_option_short: options_out_len + 2 <= DHCP_OPTIONS_LEN
FUN_40146c80	3f418eab	netif already has a struct dhcp set
FUN_40146c80	40085750	{R@?6A
FUN_40146cc8	3f419442	ip4addr_aton
FUN_40146d68	3f418fa7	dhcp_create_msg
FUN_40146e58	3f419442	ip4addr_aton
FUN_40147214	3f418fa7	dhcp_create_msg
FUN_40147214	3f418fbb	r->p != NULL
FUN_40147214	3f41919e	etharp_find_entry
FUN_40147214	40085750	{R@?6A
FUN_4014726c	3f418fbb	r->p != NULL
FUN_4014726c	3f418fc8	IDF/components/lwip/lwip/src/core/ipv4/etharp.c
FUN_4014726c	3f418ff8	arp_table[i].q == NULL
FUN_4014726c	3f419186	etharp_update_arp_entry
FUN_4014726c	40085750	{R@?6A
FUN_40147364	3f418e7f	check decode_idx
FUN_40147364	3f418fbb	r->p != NULL
FUN_40147364	3f41900f	arp_table[i].state == ETHARP_STATE_EMPTY
FUN_40147364	3f419038	check that first pbuf can hold struct etharp_hdr
FUN_40147364	3f41916d	etharp_output
FUN_40147364	40085750	{R@?6A
FUN_40147484	3f418fbb	r->p != NULL
FUN_40147484	3f4190b9	eth_ret != NULL
FUN_40147484	3f41917b	etharp_raw
FUN_40147484	40085750	{R@?6A
FUN_40147600	3f419512	ethernet_output
FUN_4014774c	3f418fbb	r->p != NULL
FUN_4014774c	3f4190ed	arp_table[arp_idx].state >= ETHARP_STATE_STABLE
FUN_4014774c	3f41911d	type overflow
FUN_4014774c	3f41912b	no packet queues allowed!
FUN_4014774c	40085750	{R@?6A
FUN_401479c8	3f4191b0	free_etharp_q
FUN_401479c8	3f4191be	icmp_input: moving r->payload to icmp header failed 
FUN_401479c8	3f4191f3	IDF/components/lwip/lwip/src/core/ipv4/icmp.c
FUN_401479c8	3f41927f	icmp_send_response
FUN_401479c8	40085750	{R@?6A
FUN_40147b40	3f4191be	icmp_input: moving r->payload to icmp header failed 
FUN_40147b40	3f419221	icmp_input: restoring original p->payload failed 
FUN_40147b40	3f419253	check that first pbuf can hold icmp message
FUN_40147b40	40085750	{R@?6A
FUN_40147c18	3f419292	icmp_input
FUN_40147c18	3f41929d	igmp_send: check that first pbuf can hold struct igmp_msg
FUN_40147c18	3f419337	igmp_lookup_group: all except first group must not be allsystems
FUN_40147c18	3f419442	ip4addr_aton
FUN_40147c18	40085750	{R@?6A
FUN_40147cd8	40125868	{R@?6a
FUN_40147da4	3f41929d	igmp_send: check that first pbuf can hold struct igmp_msg
FUN_40147da4	3f4192d7	IDF/components/lwip/lwip/src/core/ipv4/igmp.c
FUN_40147da4	3f419305	igmp_lookup_group: first group must be allsystems
FUN_40147da4	3f419378	igmp_send
FUN_40147da4	40085750	{R@?6A
FUN_4014844c	3f419382	igmp_lookup_group
FUN_4014844c	3f419394	p->ref == 1
FUN_4014844c	3f4193a0	IDF/components/lwip/lwip/src/core/ipv4/ip4.c
FUN_4014844c	3f4193cd	check that first pbuf can hold struct ip_hdr
FUN_4014844c	3f419442	ip4addr_aton
FUN_4014844c	40085750	{R@?6A
FUN_40148728	3f4193fa	ip4_output_if_opt_src
FUN_40148728	3f419410	IDF/components/lwip/lwip/src/core/ipv4/ip4_addr.c
FUN_40148728	3f419aee	err != ERR_OK unhandled
FUN_40148728	3f425a84	        
FUN_40148728	40085750	{R@?6A
FUN_40148874	3f419442	ip4addr_aton
FUN_40148874	3f419458	this needs a pbuf in one piece!
FUN_40148874	3f419478	IDF/components/lwip/lwip/src/core/ipv4/ip4_frag.c
FUN_40148874	40085750	{R@?6A
FUN_40148a78	3f4194aa	ip4_frag
FUN_40148a78	3f4194b3	netif->hwaddr_len must be 6 for ethernet_output!
FUN_40148a78	3f4194e4	IDF/components/lwip/lwip/src/netif/ethernet.c
FUN_40148a78	40085750	{R@?6A
FUN_40148c10	3f419512	ethernet_output
FUN_40148c10	3f41952e	failed to take the mutex
FUN_40148c10	3f419731	sys_mutex_unlock
FUN_40148c10	40085750	{R@?6A
FUN_40148c34	3f41952e	failed to take the mutex
FUN_40148c34	3f419547	IDF/components/lwip/port/esp32/freertos/sys_arch.c
FUN_40148c34	3f419725	sys_sem_new
FUN_40148c34	40085750	{R@?6A
FUN_40148c5c	3f41952e	failed to take the mutex
FUN_40148c5c	3f41957a	failed to give the mutex
FUN_40148c5c	3f419593	initial_count invalid (neither 0 nor 1)
FUN_40148c5c	3f419716	sys_sem_signal
FUN_40148c5c	40085750	{R@?6A
FUN_40148cb4	3f41952e	failed to take the mutex
FUN_40148cb4	3f4195bb	sys_sem_new: initial give failed
FUN_40148cb4	3f419704	sys_arch_sem_wait
FUN_40148cb4	40085750	{R@?6A
FUN_40148cfc	3f41952e	failed to take the mutex
FUN_40148cfc	3f4195dc	sys_sem_signal: sane return value
FUN_40148cfc	3f4196f6	sys_mbox_post
FUN_40148cfc	40085750	{R@?6A
FUN_40148d84	3f41952e	failed to take the mutex
FUN_40148d84	3f4195fe	taking semaphore failed
FUN_40148d84	3f4196e2	sys_arch_mbox_fetch
FUN_40148d84	40085750	{R@?6A
FUN_40148dd8	3f41952e	failed to take the mutex
FUN_40148dd8	3f419616	mbox post failed
FUN_40148dd8	3f4196cb	sys_arch_mbox_tryfetch
FUN_40148dd8	40085750	{R@?6A
FUN_40148e30	3f41952e	failed to take the mutex
FUN_40148e30	3f419616	mbox post failed
FUN_40148e30	3f4196bd	sys_mbox_free
FUN_40148e30	40085750	{R@?6A
FUN_40148e68	3f41952e	failed to take the mutex
FUN_40148e68	3f419627	mbox fetch failed
FUN_40148e68	3f419692	E (%s) %s: thread_sem_init: out of memory 
FUN_40148e68	40085750	{R@?6A
FUN_40148ecc	3f419639	mbox quence not empty
FUN_40148ecc	3f41964f	lwip_arch
FUN_40148ecc	40085750	{R@?6A
FUN_40148f44	3f419639	mbox quence not empty
FUN_40148f44	3f419659	E (%s) %s: sys_init: failed to init lwip protect mutex  
FUN_40149078	3f419742	sys_mutex_lock
FUN_40149078	3f419751	esp_vfs_register_fd_range(&vfs, NULL, LWIP_SOCKET_OFFSET, MAX_FDS)
FUN_40149078	3f419794	IDF/components/lwip/port/esp32/vfs_lwip.c
FUN_40149078	40125868	{R@?6a
FUN_40149190	3f425a84	        
FUN_40149310	3f425a84	        
FUN_40149394	3f419870	kill_oldest_dhcps_pool
FUN_40149394	3f425a84	        
FUN_40149834	3f4197be	esp_vfs_lwip_sockets_register
FUN_4014991c	3f4197dc	dhcps_start(): could not obtain pcb
FUN_40149a20	40125868	{R@?6a
FUN_40149a44	3f419870	kill_oldest_dhcps_pool
FUN_40149a44	3f41988a	Scfreeing conn without freeing pcb
FUN_40149a44	3f4198ad	IDF/components/lwip/lwip/src/api/api_lib.c
FUN_40149a44	3f4198d8	conn has no recvmbox
FUN_40149a44	3f41994e	netconn_recv_data
FUN_40149a44	40085750	{R@?6A
FUN_40149afc	40125868	{R@?6a
FUN_40149b38	3f419442	ip4addr_aton
FUN_40149b38	40125868	{R@?6a
FUN_40149b7c	40125868	{R@?6a
FUN_40149ba4	40125868	{R@?6a
FUN_40149bc0	3f41988a	Scfreeing conn without freeing pcb
FUN_40149bc0	3f4198ed	conn->acceptmbox shouldn't exist
FUN_40149bc0	3f41990e	do_write failed to write all bytes
FUN_40149bc0	40085750	{R@?6A
FUN_40149bc0	40125868	{R@?6a
FUN_40149cbc	3f40d2d3	hci_hal_env.adv_fc_cmd_buf != NULL
FUN_40149cbc	3f41988a	Scfreeing conn without freeing pcb
FUN_40149cbc	3f419931	netconn_write_vectors_partly
FUN_40149cbc	40085750	{R@?6A
FUN_40149df0	40125868	{R@?6a
FUN_40149edc	3f419442	ip4addr_aton
FUN_40149edc	40125868	{R@?6a
FUN_40149f74	40125868	{R@?6a
FUN_40149fa8	3f419960	netconn_new_with_proto_and_callback
FUN_40149fa8	3f419984	conn->state == NETCONN_CONNECT
FUN_40149fa8	3f4199a3	IDF/components/lwip/lwip/src/api/api_msg.c
FUN_40149fa8	3f4199ce	(conn->current_msg != NULL) || conn->in_non_blocking_connect
FUN_40149fa8	3f419e30	lwip_netconn_do_write
FUN_40149fa8	40085750	{R@?6A
FUN_4014a094	3f419984	conn->state == NETCONN_CONNECT
FUN_4014a094	3f419a0b	blocking connect state error
FUN_4014a094	3f419a28	invalid conn
FUN_4014a094	3f419a35	this is for tcp netconns only
FUN_4014a094	3f419a53	conn must be in state NETCONN_CLOSE
FUN_4014a094	3f419a77	pcb already closed
FUN_4014a094	3f419d67	netconn state error
FUN_4014a094	3f419eaa	sent_tcp
FUN_4014a094	40085750	{R@?6A
FUN_4014a094	40125868	{R@?6a
FUN_4014a818	3f419984	conn->state == NETCONN_CONNECT
FUN_4014a818	3f419c50	lwip_netconn_do_writemore: invalid length!
FUN_4014a818	3f419f16	ecv_udp
FUN_4014a818	3f419f1e	lwip_netconn_is_err_msg
FUN_4014a818	40085750	{R@?6A
FUN_4014a8e8	3f419984	conn->state == NETCONN_CONNECT
FUN_4014a8e8	3f419c7b	err != NULL
FUN_4014a8e8	3f419e86	netconn_free
FUN_4014a8e8	40085750	{R@?6A
FUN_4014a958	3f419984	conn->state == NETCONN_CONNECT
FUN_4014a958	3f419c87	netconn_alloc: undefined netconn_type
FUN_4014a958	3f419cad	PCB must be deallocated outside this function
FUN_4014a958	3f419cdb	recvmbox must be deallocated before calling this function
FUN_4014a958	3f419e78	netconn_drain
FUN_4014a958	40085750	{R@?6A
FUN_4014a9a8	3f419984	conn->state == NETCONN_CONNECT
FUN_4014a9a8	3f419d15	acceptmbox must be deallocated before calling this function
FUN_4014a9a8	3f419e60	lwip_netconn_do_delconn
FUN_4014a9a8	40085750	{R@?6A
FUN_4014aeec	3f419f1e	lwip_netconn_is_err_msg
FUN_4014af2c	3f419f1e	lwip_netconn_is_err_msg
FUN_4014af2c	3f419f80	check that first pbuf can hold size
FUN_4014af2c	3f419fa4	IDF/components/lwip/lwip/src/api/netbuf.c
FUN_4014af2c	40085750	{R@?6A
FUN_4014b0b0	3f419fce	netbuf_alloc
FUN_4014b0b0	3f419fe1	E (%s) %s: %s 
FUN_4014b0b0	3f419ff0	W (%s) %s: %s 
FUN_4014b0b0	3f419fff	D (%s) %s: %s 
FUN_4014b0b0	3f41a00e	V (%s) %s: %s 
FUN_4014b184	3f419fce	netbuf_alloc
FUN_4014b18c	3f41a670	%s 0x%x(%d)
FUN_4014b18c	3f41bc78	ESP_ERR_MEMPROT_AREA_INVALID
FUN_4014b204	3f41cc3c	MKCALENDAR
FUN_4014e35c	3f41c35c	/IDF/components/nghttp/port/http_parser.c
FUN_4014e35c	3f41c527	keep-alive
FUN_4014e35c	3f41c538	!"Unexpected state"
FUN_4014e6d4	3f41cdcc	^_`abcdefghijklmnopqrstuvwxyz
FUN_4014e6d4	3f41cef4	esp-tls
FUN_4014e6d4	3f41cefc	E (%s) %s: [sock=%d] get file flags error: %s 
FUN_4014e6d4	40085750	{R@?6A
FUN_4014e780	3f41cdcc	^_`abcdefghijklmnopqrstuvwxyz
FUN_4014e780	3f41cf2b	E (%s) %s: [sock=%d] set blocking/nonblocking error: %s 
FUN_4014e780	3f41cf64	E (%s) %s: couldn't get hostname for :%s: getaddrinfo() returns %d, addrinfo=%p 
FUN_4014e780	3f41cfb5	E (%s) %s: Failed to create socket (family %d socktype %d protocol %d) 
FUN_4014e780	3f41cffd	E (%s) %s: Unsupported protocol family %d 
FUN_4014e780	3f41d028	E (%s) %s: Fail to setsockopt SO_RCVTIMEO 
FUN_4014e780	3f41d053	E (%s) %s: Fail to setsockopt SO_SNDTIMEO 
FUN_4014e780	3f41d07e	E (%s) %s: Fail to setsockopt SO_KEEPALIVE 
FUN_4014e780	3f41d0aa	E (%s) %s: Fail to setsockopt TCP_KEEPIDLE 
FUN_4014e780	3f41d0d6	E (%s) %s: Fail to setsockopt TCP_KEEPINTVL 
FUN_4014e780	3f41d103	E (%s) %s: Fail to setsockopt TCP_KEEPCNT 
FUN_4014e780	3f41d12e	E (%s) %s: Bind [sock=%d] to interface %s fail 
FUN_4014e780	3f41d15e	E (%s) %s: [sock=%d] select() error: %s 
FUN_4014e780	3f41d187	E (%s) %s: [sock=%d] select() timeout 
FUN_4014e780	3f41d1ae	E (%s) %s: [sock=%d] getsockopt() error: %s 
FUN_4014e780	3f41d1db	E (%s) %s: [sock=%d] delayed connect error: %s 
FUN_4014e780	40085750	{R@?6A
FUN_4014ebf0	3f41cdcc	^_`abcdefghijklmnopqrstuvwxyz
FUN_4014ebf0	3f41d20b	E (%s) %s: [sock=%d] connect() error: %s 
FUN_4014ebf0	3f41d235	E (%s) %s: empty esp_tls parameter 
FUN_4014ebf0	3f41d259	E (%s) %s: create_ssl_handle failed 
FUN_4014ebf0	3f41d27e	E (%s) %s: failed to open a new connection 
FUN_4014ebf0	40085750	{R@?6A
FUN_4014ebf0	40125868	{R@?6a
FUN_4014ef94	3f41d335	W (%s) %s: Failed to open new connection in specified timeout 
FUN_4014ef94	3f41d374	esp-tls-mbedtls
FUN_4014f064	3f41d335	W (%s) %s: Failed to open new connection in specified timeout 
FUN_4014f064	3f41d3a5	E (%s) %s: write error :-0x%04X: 
FUN_4014f064	3f41d3c7	I (%s) %s: Failed to verify peer certificate! 
FUN_4014f0d0	3f41d335	W (%s) %s: Failed to open new connection in specified timeout 
FUN_4014f0d0	3f41d3fb	I (%s) %s: Certificate verified. 
FUN_4014f144	3f41d335	W (%s) %s: Failed to open new connection in specified timeout 
FUN_4014f144	3f41d41d	E (%s) %s: mbedtls_ssl_handshake returned -0x%04X 
FUN_4014f1f0	3f402e92	 nvs f 
FUN_4014f1f0	3f41d335	W (%s) %s: Failed to open new connection in specified timeout 
FUN_4014f1f0	3f41d450	E (%s) %s: empty arg passed to esp_tls_get_bytes_avail() 
FUN_4014f1f0	3f41d496	/IDF/components/esp-tls/esp_tls_mbedtls.c
FUN_4014f1f0	3f41d4c0	E (%s) %s: mbedtls_ssl_set_hostname returned -0x%04X 
FUN_4014f1f0	3f41d4f6	E (%s) %s: mbedtls_ssl_config_defaults returned -0x%04X 
FUN_4014f1f0	3f41d52f	E (%s) %s: mbedtls_ssl_conf_alpn_protocols returned -0x%04X 
FUN_4014f1f0	3f41d56c	E (%s) %s: global_cacert is NULL 
FUN_4014f1f0	3f41d58e	E (%s) %s: mbedtls_x509_crt_parse returned -0x%04X 
FUN_4014f1f0	3f41d5c2	W (%s) %s: mbedtls_x509_crt_parse was partly successful. No. of failed certificates: %d 
FUN_4014f1f0	3f41d61b	E (%s) %s: psk_hint_key configured but not enabled in menuconfig: Please enable ESP_TLS_PSK_VERIFICATION option 
FUN_4014f1f0	3f41d68c	E (%s) %s: No server verification option set in esp_tls_cfg_t structure. Check esp_tls API reference 
FUN_4014f1f0	3f41d6f2	E (%s) %s: Please enable secure element support for ESP-TLS in menuconfig 
FUN_4014f1f0	3f41d73d	E (%s) %s: Please enable the DS peripheral support for the ESP-TLS in menuconfig. (only supported for the ESP32-S2 chip) 
FUN_4014f1f0	3f41d7b7	E (%s) %s: mbedtls_pk_parse_keyfile returned -0x%04X 
FUN_4014f1f0	3f41d7ed	E (%s) %s: mbedtls_ssl_conf_own_cert returned -0x%04X 
FUN_4014f1f0	3f41d824	E (%s) %s: Failed to set client pki context 
FUN_4014f1f0	3f41d95e	E (%s) %s: mbedtls_ssl_setup returned -0x%04X 
FUN_4014f594	3f402e92	 nvs f 
FUN_4014f594	3f41d335	W (%s) %s: Failed to open new connection in specified timeout 
FUN_4014f594	3f41d450	E (%s) %s: empty arg passed to esp_tls_get_bytes_avail() 
FUN_4014f594	3f41d496	/IDF/components/esp-tls/esp_tls_mbedtls.c
FUN_4014f594	3f41d851	E (%s) %s: You have to provide both clientcert_buf and clientkey_buf for mutual authentication 
FUN_4014f594	3f41d8b1	E (%s) %s: Failed to set client configurations, returned [0x%04X] (%s) 
FUN_4014f594	3f41d8f9	E (%s) %s: ESP_TLS_SERVER Not enabled in Kconfig 
FUN_4014f594	3f41d92b	E (%s) %s: mbedtls_ctr_drbg_seed returned -0x%04X 
FUN_4014f594	3f41d98d	set_client_config
FUN_4014f6e8	3f40f5a5	E (%s) %s: %s: message is too big, insufficient buffer size 
FUN_4014f6e8	3f40f5e2	E (%s) %s: %s(%d): %s 
FUN_4014f6e8	3f41b4dd	ESP_ERR_HTTP_INVALID_TRANSPORT
FUN_4014f6e8	3f41d9cc	esp_transport_list_add
FUN_4014f728	3f40f5a5	E (%s) %s: %s: message is too big, insufficient buffer size 
FUN_4014f728	3f40f5e2	E (%s) %s: %s(%d): %s 
FUN_4014f728	3f41b4dd	ESP_ERR_HTTP_INVALID_TRANSPORT
FUN_4014f728	3f41d9b9	esp_transport_init
FUN_4014f7c0	3f40f5a5	E (%s) %s: %s: message is too big, insufficient buffer size 
FUN_4014f7c0	3f40f5e2	E (%s) %s: %s(%d): %s 
FUN_4014f7c0	3f41b4dd	ESP_ERR_HTTP_INVALID_TRANSPORT
FUN_4014f7c0	3f41d99f	esp_create_mbedtls_handle
FUN_4014f848	40125868	{R@?6a
FUN_4014fb54	3f40f5a5	E (%s) %s: %s: message is too big, insufficient buffer size 
FUN_4014fb54	3f41d9e3	esp_transport_list_init
FUN_4014fb54	3f41dbc2	E (%s) %s: poll_write select error %d, errno = %s, fd = %d 
FUN_4014fd58	3f41d9e3	esp_transport_list_init
FUN_4014fd58	3f41db57	E (%s) %s: Failed to open a new connection: %d 
FUN_4014fd58	40085750	{R@?6A
FUN_4014ff30	40125868	{R@?6a
FUN_4014ff70	40125868	{R@?6a
FUN_4015000c	3f40f5a5	E (%s) %s: %s: message is too big, insufficient buffer size 
FUN_4015000c	3f40f5e2	E (%s) %s: %s(%d): %s 
FUN_4015000c	3f41b4dd	ESP_ERR_HTTP_INVALID_TRANSPORT
FUN_4015000c	3f41dbfe	esp_transport_base_init
FUN_4015016c	3f408c48	E (%s) %s: Error read data,exit 
FUN_4015016c	3f41dc16	esp_transport_init_foundation_transport
FUN_401504d4	3f41dc16	esp_transport_init_foundation_transport
FUN_401504d4	3f41dfc7	DC85B11
FUN_401504d4	3f41dfcf	E (%s) %s: Error transport_poll_write 
FUN_4015060c	3f41dc16	esp_transport_init_foundation_transport
FUN_4015060c	3f41dff6	E (%s) %s: Error write header 
FUN_40150638	3f409692	iot_mqtt_uri
FUN_40150638	3f40f5a5	E (%s) %s: %s: message is too big, insufficient buffer size 
FUN_40150638	3f40f5e2	E (%s) %s: %s(%d): %s 
FUN_40150638	3f41dc16	esp_transport_init_foundation_transport
FUN_40150638	3f41e015	E (%s) %s: esp_transport_ws_set_path has internally failed with err=%d 
FUN_40150638	3f41e3c7	E (%s) %s: Error reading payload data 
FUN_40150638	40125868	{R@?6a
FUN_40150d44	3f408a8c	E (%s) %s: message: %s 
FUN_40150d44	3f41e3ee	esp_transport_ws_init
FUN_40150d44	3f41e404	I (%s) %s: Body received in fetch header state, %p, %d 
FUN_40150d44	3f41e46e	/IDF/components/esp_http_client/esp_http_client.c
FUN_40150d44	3f41e915	_set_config
FUN_40150e28	3f41c517	upgrade
FUN_40150e28	3f41e4a0	E (%s) %s: Failed to allocate memory for storing decoded data 
FUN_40150e28	3f41e4df	Location
FUN_40150e28	3f41e4e8	Transfer-Encoding
FUN_40150f48	3f41e4fa	WWW-Authenticate
FUN_401512d4	3f408a8c	E (%s) %s: message: %s 
FUN_401512d4	3f409692	iot_mqtt_uri
FUN_401512d4	3f40f5a5	E (%s) %s: %s: message is too big, insufficient buffer size 
FUN_401512d4	3f40f5e2	E (%s) %s: %s(%d): %s 
FUN_401512d4	3f41e558	W (%s) %s: esp_transport_read returned:%d and errno:%d  
FUN_401512d4	3f41e591	E (%s) %s: client or url must not NULL 
FUN_401512d4	3f41e5b9	E (%s) %s: Error parse url %s 
FUN_401512d4	3f41e8dd	E (%s) %s: Error write request 
FUN_40151de4	3f406ca2	I (%s) %s: MachineStatus thread start 
FUN_40151e68	3f40f5a5	E (%s) %s: %s: message is too big, insufficient buffer size 
FUN_40151e68	3f40f5e2	E (%s) %s: %s(%d): %s 
FUN_40151e68	3f41e92e	esp_http_client_init
FUN_40151e68	3f41e986	A?HTTP_AUTH
FUN_40151e68	3f41e992	%s:%s:%s
FUN_40151e68	3f41e99b	md5-sess
FUN_40151e68	3f41e9a4	%s:%s:%016llx
FUN_40151e68	3f41e9b2	auth-int
FUN_40151e68	3f41e9c2	%s:%s:%08x:%016llx:%s:%s
FUN_40151e68	3f41e9db	Digest username="%s", realm="%s", nonce="%s", uri="%s", algorithm="MD5", response="%s", qop=%s, nc=%08x, cnonce="%016llx"
FUN_40151e68	3f41ea6c	http_auth_basic
FUN_4015204c	3f40f5a5	E (%s) %s: %s: message is too big, insufficient buffer size 
FUN_4015204c	3f40f5e2	E (%s) %s: %s(%d): %s 
FUN_4015204c	3f41e92e	esp_http_client_init
FUN_4015204c	3f41e986	A?HTTP_AUTH
FUN_4015204c	3f41ea55	%s, opaque="%s"
FUN_401521cc	3f40f5a5	E (%s) %s: %s: message is too big, insufficient buffer size 
FUN_401521cc	3f40f5e2	E (%s) %s: %s(%d): %s 
FUN_401521cc	3f41ea7c	http_auth_digest
FUN_401521cc	3f41eadc	http_header_set_format
FUN_40152434	3f41eb19	/IDF/components/esp_http_client/lib/http_utils.c
FUN_40152434	3f41eb52	http_utils_append_string
FUN_401524a0	3f41eb19	/IDF/components/esp_http_client/lib/http_utils.c
FUN_401524a0	3f41eb4a	old_str
FUN_4015251c	3f425a84	        
FUN_40153c44	3f41eb94	server finished
FUN_40153c44	3f41eba4	extended master secret
FUN_40153c44	3f42411d	Group key expansion
FUN_40153c44	40125868	{R@?6a
FUN_40154164	40125868	{R@?6a
FUN_401548a4	3f41eba4	extended master secret
FUN_401548a4	3f422c5e	The CRL is signed with an unacceptable key (eg bad curve, RSA too short).
FUN_401548a4	3f425a84	        
FUN_401549b4	3f41eba4	extended master secret
FUN_40154a20	3f41eba4	extended master secret
FUN_40154fc8	3f41f322	TLS-ECDH-ECDSA-WITH-AES-256-GCM-SHA384
FUN_40154fe4	3f41f322	TLS-ECDH-ECDSA-WITH-AES-256-GCM-SHA384
FUN_40158914	3f41f322	TLS-ECDH-ECDSA-WITH-AES-256-GCM-SHA384
FUN_40159700	3f41f322	TLS-ECDH-ECDSA-WITH-AES-256-GCM-SHA384
FUN_40159718	3f41f322	TLS-ECDH-ECDSA-WITH-AES-256-GCM-SHA384
FUN_40159a90	40125868	{R@?6a
FUN_4015b7cc	3f4206e8	cp224k1
FUN_4015b7fc	3f4206e8	cp224k1
FUN_4015b814	3f4206e8	cp224k1
FUN_4015c5dc	3f420242	AES-128-CFB128
FUN_4015dc54	3f425a84	        
FUN_4015dc68	3f425a84	        
FUN_4015dd48	3f4206e8	cp224k1
FUN_4015dd48	3f425a84	        
FUN_4015dd48	40125868	{R@?6a
FUN_4015e388	3f4206e8	cp224k1
FUN_4015ed4c	3f4206e8	cp224k1
FUN_4015ed54	3f4206e8	cp224k1
FUN_4015f33c	3f4206e8	cp224k1
FUN_4015f33c	3f421154	Proc-Type: 4,ENCRYPTED
FUN_4015f33c	3f42116b	DEK-Info: AES-
FUN_4015f33c	3f42117a	DEK-Info: AES-128-CBC,
FUN_4015f33c	3f421191	DEK-Info: AES-192-CBC,
FUN_4015f6ac	3f4211a8	DEK-Info: AES-256-CBC,
FUN_4015f984	3f4211a8	DEK-Info: AES-256-CBC,
FUN_4015fde0	3f4211a8	DEK-Info: AES-256-CBC,
FUN_40160588	3f4211a8	DEK-Info: AES-256-CBC,
FUN_40160778	3f4211a8	DEK-Info: AES-256-CBC,
FUN_40160778	3f42130d	-----END RSA PRIVATE KEY-----
FUN_40160778	3f42132b	-----BEGIN RSA PRIVATE KEY-----
FUN_40160778	3f42134b	-----END EC PRIVATE KEY-----
FUN_40160778	3f421368	-----BEGIN EC PRIVATE KEY-----
FUN_40160778	3f421387	-----END PRIVATE KEY-----
FUN_40160778	3f4213a1	-----BEGIN PRIVATE KEY-----
FUN_40160778	3f4213bd	-----END ENCRYPTED PRIVATE KEY-----
FUN_40160994	3f425a84	        
FUN_401609a8	3f425a84	        
FUN_401609b8	3f425a84	        
FUN_40161e34	3f4213e1	-----BEGIN ENCRYPTED PRIVATE KEY-----
FUN_40162704	3f425a84	        
FUN_40162704	40085750	{R@?6A
FUN_40163c84	3f4213e1	-----BEGIN ENCRYPTED PRIVATE KEY-----
FUN_40163d90	3f4213e1	-----BEGIN ENCRYPTED PRIVATE KEY-----
FUN_40164790	3f4213e1	-----BEGIN ENCRYPTED PRIVATE KEY-----
FUN_401648f0	3f4213e1	-----BEGIN ENCRYPTED PRIVATE KEY-----
FUN_401659ec	3f4213e1	-----BEGIN ENCRYPTED PRIVATE KEY-----
FUN_4016702c	3f42225f	Unique Identifier
FUN_40167058	3f42225f	Unique Identifier
FUN_401670b0	3f42225f	Unique Identifier
FUN_401670e8	3f42225f	Unique Identifier
FUN_40167120	3f42225f	Unique Identifier
FUN_40167158	3f42225f	Unique Identifier
FUN_40167190	3f42225f	Unique Identifier
FUN_401671b8	3f42225f	Unique Identifier
FUN_401671f0	3f42225f	Unique Identifier
FUN_401677fc	3f42225f	Unique Identifier
FUN_40167a58	3f42225f	Unique Identifier
FUN_40167a58	3f422761	/IDF/components/mbedtls/port/sha/parallel_engine/sha.c
FUN_40167a58	3f422802	esp_sha_read_digest_state
FUN_40167ac4	3f422761	/IDF/components/mbedtls/port/sha/parallel_engine/sha.c
FUN_40167ac4	3f42281c	sha_get_engine_state
FUN_40167ac4	3f425a84	        
FUN_40167ac4	40085750	{R@?6A
FUN_40167b20	3f425a84	        
FUN_40167b30	3f425a84	        
FUN_40167b30	40085750	{R@?6A
FUN_40167b54	3f425a84	        
FUN_40167b54	40085750	{R@?6A
FUN_40167b98	3f422761	/IDF/components/mbedtls/port/sha/parallel_engine/sha.c
FUN_40167b98	3f4227f4	esp_sha_block
FUN_40167bcc	3f422761	/IDF/components/mbedtls/port/sha/parallel_engine/sha.c
FUN_40167bcc	3f4227ac	uxSemaphoreGetCount(engine_state) == 0 && "SHA engine should be locked"
FUN_40167f84	3f422831	esp_sha_lock_engine_common
FUN_40168094	3f422831	esp_sha_lock_engine_common
FUN_40168094	3f422c5e	The CRL is signed with an unacceptable key (eg bad curve, RSA too short).
FUN_40168128	3f42285b	%sUnknown reason (this should not happen) 
FUN_401682b0	3f42285b	%sUnknown reason (this should not happen) 
FUN_40168bc4	3f42285b	%sUnknown reason (this should not happen) 
FUN_40168bc4	3f422890	-----BEGIN CERTIFICATE-----
FUN_40168ce0	3f421fb8	Certificate Policies
FUN_401693c4	3f422c5e	The CRL is signed with an unacceptable key (eg bad curve, RSA too short).
FUN_40169a48	3f425a84	        
FUN_40169a8c	3ffc2162	[%u] %s %u 
FUN_40169aa4	3ffc2030	Tasks currently running:
FUN_40169aa4	3ffc20e5	[%u] CO: create semaphore error! 
FUN_40169aa4	3ffc2162	[%u] %s %u 
FUN_40169ae0	3ffc2030	Tasks currently running:
FUN_40169ae0	3ffc2092	[%u] %s %u 
FUN_40169ae0	3ffc209e	[%u] CO: init coex schm error! 
FUN_40169ae0	3ffc20be	[%u] CO: create bb reset mutex error! 
FUN_40169ae0	3ffc2162	[%u] %s %u 
FUN_40169b9c	3f422e78	8cb87ff
FUN_40169b9c	3ffc2030	Tasks currently running:
FUN_40169b9c	3ffc2064	[%u] %s %u 
FUN_40169b9c	3ffc2070	[%u] CO: create fwn mutex error! 
FUN_40169b9c	3ffc2162	[%u] %s %u 
FUN_40169b9c	40085750	{R@?6A
FUN_40169c90	3f422e78	8cb87ff
FUN_40169c90	3ffc2030	Tasks currently running:
FUN_40169c90	3ffc2162	[%u] %s %u 
FUN_40169c90	40085750	{R@?6A
FUN_40169d34	3ffc2162	[%u] %s %u 
FUN_40169d34	40085750	{R@?6A
FUN_40169ee8	3f425a84	        
FUN_4016a56c	3ffc2030	Tasks currently running:
FUN_4016a56c	3ffc2162	[%u] %s %u 
FUN_4016a5c0	3ffc2030	Tasks currently running:
FUN_4016a5c0	3ffc21e4	[%u] Invalid argument for %s 
FUN_4016a5f8	3ffc2030	Tasks currently running:
FUN_4016a5f8	3ffc21e4	[%u] Invalid argument for %s 
FUN_4016a634	3ffc2030	Tasks currently running:
FUN_4016a634	3ffc2244	[%u] %s %u 
FUN_4016a634	3ffc2250	[%u] Coex arbit init: no memory! 
FUN_4016a634	3ffc2272	[%u] CO: create arbit mux error! 
FUN_4016a634	3ffc22ba	[%u] %s %u 
FUN_4016a6fc	3f422e8f	coex_wifi_channel_get
FUN_4016a6fc	3ffc2030	Tasks currently running:
FUN_4016a6fc	3ffc21e4	[%u] Invalid argument for %s 
FUN_4016a6fc	3ffc222c	[%u] %s %u 
FUN_4016a6fc	3ffc2238	[%u] %s %u 
FUN_4016a6fc	3ffc22ba	[%u] %s %u 
FUN_4016aa70	3f425a84	        
FUN_4016aa98	3ffc22ba	[%u] %s %u 
FUN_4016aae0	3ffc22ba	[%u] %s %u 
FUN_4016ab04	3f425a84	        
FUN_4016aba0	3ffc22ba	[%u] %s %u 
FUN_4016abd4	3f4021ab	init: init is in progress
FUN_4016abd4	3ffc22ba	[%u] %s %u 
FUN_4016ac60	3f422ea5	coexist_arbit.c
FUN_4016ac60	3f422eb5	OS adapter function is NULL
FUN_4016ac60	3f422ed1	OS adapter function version error! Version %d is expected, but it is %x 
FUN_4016ac60	3ffc22ba	[%u] %s %u 
FUN_4016acc8	40125868	{R@?6a
FUN_4016ad04	3f4001c6	wifi deinit internal: wifi not stop
FUN_4016ad04	3ffc22ba	[%u] %s %u 
FUN_4016ad3c	3ffc22ba	[%u] %s %u 
FUN_4016ad70	3f402173	deinit: init is in progress
FUN_4016ad70	3f40218f	init: deinit is in progress
FUN_4016ad70	3f423018	Invalid WiFi esp_wifi.h md5, internal: %s, idf: %s 
FUN_4016ad70	3f425a84	        
FUN_4016ad70	3ffc22ba	[%u] %s %u 
FUN_4016ae6c	3f4001ac	wifi stop: out of memory!
FUN_4016ae6c	3f402134	TX Q not empty: %d, TXQ_BLOCK=%x
FUN_4016ae6c	3f402155	deinit: deinit is in progress
FUN_4016ae6c	3f425a84	        
FUN_4016ae6c	3ffc22ba	[%u] %s %u 
FUN_4016ae6c	40125868	{R@?6a
FUN_4016af78	3f425a84	        
FUN_4016b380	3ffc22ba	[%u] %s %u 
FUN_4016b380	40125868	{R@?6a
FUN_4016b418	3f425a84	        
FUN_4016b444	3f400128	wifi ipc: failed to post wifi task
FUN_4016b444	3f425a84	        
FUN_4016b444	3ffc22ba	[%u] %s %u 
FUN_4016b47c	3f425a84	        
FUN_4016b47c	3ffc22ba	[%u] %s %u 
FUN_4016b52c	3ffc22ba	[%u] %s %u 
FUN_4016b578	3f425a84	        
FUN_4016b5a4	3f400098	v4.4.3-dirty
FUN_4016b5a4	3ffc22ba	[%u] %s %u 
FUN_4016b5a4	40125868	{R@?6a
FUN_4016b6dc	40125868	{R@?6a
FUN_4016b734	3ffc22ba	[%u] %s %u 
FUN_4016b790	3ffc22ba	[%u] %s %u 
FUN_4016b790	40125868	{R@?6a
FUN_4016b898	3f425a84	        
FUN_4016ba24	3ffc22ba	[%u] %s %u 
FUN_4016ba90	3f42305b	WIFI_MESH_EVENT
FUN_4016ba90	3f425a84	        
FUN_4016ba90	3ffc22ba	[%u] %s %u 
FUN_4016bb50	3ffc22ba	[%u] %s %u 
FUN_4016bbcc	3f40125d	promis buf: out of memory
FUN_4016bbcc	3f401277	mode : sta (%02x:%02x:%02x:%02x:%02x:%02x) + softAP (%02x:%02x:%02x:%02x:%02x:%02x)
FUN_4016bbcc	3f4012cb	mode : softAP (%02x:%02x:%02x:%02x:%02x:%02x)
FUN_4016bbcc	3f4012f9	mode : sta (%02x:%02x:%02x:%02x:%02x:%02x)
FUN_4016bd10	3f4002e4	Invalid MMIE
FUN_4016bd10	3f42305b	WIFI_MESH_EVENT
FUN_4016bd88	3f4002e4	Invalid MMIE
FUN_4016bd88	3f42305b	WIFI_MESH_EVENT
FUN_4016be24	3f40026e	Invalid MMIE
FUN_4016be24	3f40027b	MIC mismatch for the Bcast Mgmt frame(res=%d)
FUN_4016be24	3f4002a9	MIC computation for BIP Failed(res=%d)
FUN_4016be24	3f4002d0	BIP replay detected
FUN_4016be24	3ffc22ba	[%u] %s %u 
FUN_4016bf78	3f4001ea	alloc net80211 funcs fail 
FUN_4016bf78	3f400205	MIC mismatch for the Bcast Mgmt frame(res=%d)
FUN_4016bf78	3f400233	MIC computation for BIP Failed(res=%d)
FUN_4016bf78	3f40025a	BIP replay detected
FUN_4016bf78	3ffc22ba	[%u] %s %u 
FUN_4016c144	3f406753	W (%s) %s: json get bt failed 
FUN_4016c144	3f41e8a1	Content-Length
FUN_4016c144	3f421add	brainpool512r1
FUN_4016c144	3f423091	ieee80211_crypto.c
FUN_4016c144	3ffc22ba	[%u] %s %u 
FUN_4016c278	3f425a84	        
FUN_4016c278	3ffc22ba	[%u] %s %u 
FUN_4016e168	3ffc22ba	[%u] %s %u 
FUN_4016e190	3ffc22ba	[%u] %s %u 
FUN_4016e190	40125868	{R@?6a
FUN_4016e388	3ffc22ba	[%u] %s %u 
FUN_4016e3b4	3f400361	%s %d 
FUN_4016e3b4	3f423113	ieee80211_hostap.c
FUN_4016e5b0	3f4023bb	discard, invalid tid=%d
FUN_4016e5b0	3ffc22ba	[%u] %s %u 
FUN_4016e744	3ffc22ba	[%u] %s %u 
FUN_4016ea3c	3f4005dc	%s %d 
FUN_4016ea3c	3f423113	ieee80211_hostap.c
FUN_4016ea3c	3f425a84	        
FUN_4016ea3c	40125868	{R@?6a
FUN_4016ebf4	3f4023d3	age timer already deinit
FUN_4016ebf4	3ffc22ba	[%u] %s %u 
FUN_4016ed04	3f423113	ieee80211_hostap.c
FUN_4016ef1c	3f4005bf	addba response invalid param
FUN_4016ef1c	3f423113	ieee80211_hostap.c
FUN_4016ef5c	3ffc22ba	[%u] %s %u 
FUN_4016f244	3f4003ae	%s %d 
FUN_4016f244	3f425a84	        
FUN_4016f244	3ffc22ba	[%u] %s %u 
FUN_4016f354	3f4003a7	%s %d 
FUN_4016f354	3f423113	ieee80211_hostap.c
FUN_4016f354	3ffc22ba	[%u] %s %u 
FUN_4016f418	3f400399	%s %d 
FUN_4016f418	3f423113	ieee80211_hostap.c
FUN_4016f4c4	3f400392	%s %d 
FUN_4016f4c4	3f423113	ieee80211_hostap.c
FUN_4016f538	3f40038b	%s %d 
FUN_4016f538	3f423113	ieee80211_hostap.c
FUN_4016f538	3f423139	11_ht.c
FUN_4016f624	3f425a84	        
FUN_4016f6e4	3f40037d	%s %d 
FUN_4016f6e4	3f401330	max connection, deauth!
FUN_4016f6e4	3f401348	scan in process, ignore set current channel
FUN_4016f6e4	3f401374	new:<%d,%d>, old:<%d,%d>, ap:<%d,%d>, sta:<%d,%d>, prof:%d
FUN_4016f6e4	3f402361	mcs set is empty!
FUN_4016f6e4	3f423113	ieee80211_hostap.c
FUN_4016f6e4	3f425a84	        
FUN_4016f6e4	3ffc22ba	[%u] %s %u 
FUN_4016fa8c	3f400376	%s %d 
FUN_4016fa8c	3f400384	%s %d 
FUN_4016fa8c	3f423113	ieee80211_hostap.c
FUN_4016fc2c	3f40036f	%s %d 
FUN_4016fc2c	3f423113	ieee80211_hostap.c
FUN_4016fcec	3f400368	%s %d 
FUN_4016fcec	3f423113	ieee80211_hostap.c
FUN_4016fd80	3f40035a	%s %d 
FUN_4016fd80	3f423113	ieee80211_hostap.c
FUN_4016fdf8	3f400353	%s %d 
FUN_4016fdf8	3f423113	ieee80211_hostap.c
FUN_4016ff3c	3f40034c	%s %d 
FUN_4016ff3c	3f423113	ieee80211_hostap.c
FUN_4016ff80	3f400345	%s %d 
FUN_4016ff80	3f423113	ieee80211_hostap.c
FUN_4017014c	3f423113	ieee80211_hostap.c
FUN_40170304	3f4231dd	Group Mgmt cipher suite
FUN_4017038c	3f4024de	Unsupported Group Mgmt cipher %d
FUN_40170748	3f400632	alloc challenge: out of memory!
FUN_40170748	3f423139	11_ht.c
FUN_40170748	3f4231dd	Group Mgmt cipher suite
FUN_40170898	3f4005f1	AP has neither DSSS parameter nor HT Information, drop it
FUN_40170898	3ffc22ba	[%u] %s %u 
FUN_401708f4	3f4005e3	%s %d 
FUN_401708f4	3f4005f1	AP has neither DSSS parameter nor HT Information, drop it
FUN_401708f4	3f423139	11_ht.c
FUN_40170fd0	3f4231dd	Group Mgmt cipher suite
FUN_40171170	3f4013af	ap channel adjust o:%u,%u n:%u,%u
FUN_40171170	3f402463	wapi parse: WTF no func pointer defined!
FUN_40171170	3f40248c	Pairwise cipher must be AES-CCM/GCM for PMF %d,  Disable PMF for this connection.
FUN_40171170	3f41c873	invalid HTTP version
FUN_40171170	3f423150	 ieee80211_input.c
FUN_40171170	3f423163	group cipher suite
FUN_40171170	3f423176	pairwise cipher suite count
FUN_40171170	3f423192	pairwise cipher suite
FUN_40171170	3f4231a8	AKM suite count
FUN_40171170	3f4231b8	AKM suite
FUN_40171170	3f4231c6	PMKID count
FUN_40171170	3f4231d2	PMKID list
FUN_40171170	3f425a84	        
FUN_401716a4	3f41c873	invalid HTTP version
FUN_401716a4	3f423150	 ieee80211_input.c
FUN_401716a4	3f423163	group cipher suite
FUN_401716a4	3f423176	pairwise cipher suite count
FUN_401716a4	3f423192	pairwise cipher suite
FUN_401716a4	3f4231a8	AKM suite count
FUN_40171918	3f40244a	invalid free ba index=%d
FUN_401719a4	3f425a84	        
FUN_40171aa8	3f400632	alloc challenge: out of memory!
FUN_40171aa8	3ffc22ba	[%u] %s %u 
FUN_40171eec	3ffc22ba	[%u] %s %u 
FUN_40171fc8	3f425a84	        
FUN_401722ec	3ffc22ba	[%u] %s %u 
FUN_4017238c	3f425a84	        
FUN_40172994	3f425a84	        
FUN_40172994	3ffc22ba	[%u] %s %u 
FUN_40172994	40085750	{R@?6A
FUN_401729f4	3f4008b6	%s %d 
FUN_401729f4	3f4008bd	%s %d 
FUN_401729f4	3f4231dd	Group Mgmt cipher suite
FUN_401729f4	3ffc22ba	[%u] %s %u 
FUN_40172af8	3ffc22ba	[%u] %s %u 
FUN_40172b20	3f401458	wifi firmware version: %s
FUN_40172b50	3f400892	parameter config should not be NULL
FUN_40172b50	3f4231dd	Group Mgmt cipher suite
FUN_40172b50	3ffc22ba	[%u] %s %u 
FUN_40172c50	3f425a84	        
FUN_40172de4	3f4006c8	In function %s, fail to register function!  
FUN_40172de4	3f4006f5	invalid core id %d
FUN_40172de4	3f400708	rx ba window %d error
FUN_40172de4	3f40071e	management short buf number %d is out of range
FUN_40172de4	3f40074d	tx buf type %d error
FUN_40172de4	3f400762	dynamic tx buf number %d is out of range
FUN_40172de4	3f40078b	static tx buf number %d is out of range
FUN_40172de4	3f4007b3	dynamic rx buf number %d is out of range
FUN_40172de4	3f4007dc	static rx buf number %d is out of range
FUN_40172de4	3f400804	wpa crypto funcs expected size=%d version=%d, actual size=%d version=%d
FUN_40172de4	3f40084c	invalid magic number %x, call WIFI_INIT_CONFIG_DEFAULT to init config
FUN_40172f58	3f4006a7	wifi stop stage error, stage=%d 
FUN_40172f58	3f42323e	disabled
FUN_40173184	3f425a84	        
FUN_4017332c	3f425a84	        
FUN_40173994	3f40256a	ioctl_process: wifi thread sem NULL, potential bug, type=%d
FUN_40173994	3ffc22ba	[%u] %s %u 
FUN_40173b24	40125868	{R@?6a
FUN_40173b64	3f4024ff	invalid LLC/SNAP header, drop pkt!
FUN_40173b64	3f402522	ioctl: failed to post WiFi task %d
FUN_40173b64	3ffc22ba	[%u] %s %u 
FUN_40173b64	40085750	{R@?6A
FUN_401744b4	3f425a84	        
FUN_401744c0	3f425a84	        
FUN_401744c0	3ffc22ba	[%u] %s %u 
FUN_40174518	3f402704	wifi_nvs_set fail, index=%d ret=%d 
FUN_40174518	3f4233ff	ESP_%02X%02X%02X
FUN_40174684	3f425a84	        
FUN_40174878	3f4233f7	p.ftm_r
FUN_40174878	3f425a84	        
FUN_401748b8	3f425a84	        
FUN_401748d4	3f425a84	        
FUN_4017490c	3f425a84	        
FUN_40174950	3f425a84	        
FUN_401749a4	3f425a84	        
FUN_401749f0	3f425a84	        
FUN_40174a10	3f425a84	        
FUN_40174cf8	3f425a84	        
FUN_40174d08	3f425a84	        
FUN_40174d70	3f425a84	        
FUN_40174d70	3ffc22ba	[%u] %s %u 
FUN_40174e9c	3ffc22ba	[%u] %s %u 
FUN_40174f54	3ffc22ba	[%u] %s %u 
FUN_40174fe0	3f4028dd	hmac tx: ifx%d stop, discard
FUN_40174fe0	3f4028fa	hmac tx: post fail
FUN_40174fe0	40085750	{R@?6A
FUN_40175294	3f4009cd	%s %d 
FUN_40175294	3f4009d4	%s %d 
FUN_40175294	3f4233ff	ESP_%02X%02X%02X
FUN_401753cc	3ffc22ba	[%u] %s %u 
FUN_40175504	3f42347f	@ieee80211_output.c
FUN_401756bc	3f42347f	@ieee80211_output.c
FUN_4017589c	3f4009c6	%s %d 
FUN_4017589c	3f4233ff	ESP_%02X%02X%02X
FUN_4017589c	40085750	{R@?6A
FUN_401759c4	3f4009b1	%s %d 
FUN_401759c4	3f4233ff	ESP_%02X%02X%02X
FUN_401759c4	3f425a84	        
FUN_40175a6c	3f4009a3	%s %d 
FUN_40175a6c	3f4009aa	%s %d 
FUN_40175a6c	3f402836	m f assoc rsp l=%d 
FUN_40175a6c	3f4233ff	ESP_%02X%02X%02X
FUN_40175a6c	3f42347f	@ieee80211_output.c
FUN_40175a6c	3f425a84	        
FUN_40175a6c	3ffc22ba	[%u] %s %u 
FUN_40175e08	3f400995	%s %d 
FUN_40175e08	3f40099c	%s %d 
FUN_40175e08	3f40282c	m f auth 
FUN_40175e08	3f4233ff	ESP_%02X%02X%02X
FUN_40175e08	3ffc22ba	[%u] %s %u 
FUN_40176090	3f402820	m f deauth 
FUN_40176090	3ffc22ba	[%u] %s %u 
FUN_4017630c	3f402812	m f disassoc 
FUN_40176434	3f4028d0	buffer null 
FUN_40176434	40085750	{R@?6A
FUN_401764fc	3f402872	m f, null data len=%d 
FUN_401764fc	3f402889	ieee80211_output_do: Packets larger than static buffer size, len = %d 
FUN_401764fc	3ffc22ba	[%u] %s %u 
FUN_40176808	3ffc22ba	[%u] %s %u 
FUN_401769a0	3f400980	%s %d 
FUN_401769a0	3f400987	%s %d 
FUN_401769a0	3f4233ff	ESP_%02X%02X%02X
FUN_401769a0	3f425a84	        
FUN_40176e24	3f425a84	        
FUN_40176e24	3ffc22ba	[%u] %s %u 
FUN_40177094	3f425a84	        
FUN_40177094	3ffc22ba	[%u] %s %u 
FUN_401772dc	3f40284a	m f assoc req l=%d 
FUN_40177518	3f40098e	%s %d 
FUN_40177518	3f4233ff	ESP_%02X%02X%02X
FUN_401775e0	3f400979	%s %d 
FUN_401775e0	3f4233ff	ESP_%02X%02X%02X
FUN_401775e0	40085750	{R@?6A
FUN_401779b8	3f4027a0	wifi nvs cfg already init
FUN_401779b8	3f4027ba	m f null 
FUN_40177abc	40085750	{R@?6A
FUN_40177b68	3f42305b	WIFI_MESH_EVENT
FUN_40177b68	3f42347f	@ieee80211_output.c
FUN_40177bdc	3f4009db	%s %d 
FUN_40177bdc	3f4009e2	%s %d 
FUN_40177bdc	3f42347f	@ieee80211_output.c
FUN_40177bdc	3ffc22ba	[%u] %s %u 
FUN_40177ce0	3f4009f0	setup rate: out of memory!
FUN_40177ce0	3f42347f	@ieee80211_output.c
FUN_40177ce0	3f425a84	        
FUN_40177dcc	3f425a84	        
FUN_40177f14	40085750	{R@?6A
FUN_40178018	3f425a84	        
FUN_40178018	3ffc22ba	[%u] %s %u 
FUN_40178018	40085750	{R@?6A
FUN_4017825c	3ffc22ba	[%u] %s %u 
FUN_4017825c	40125868	{R@?6a
FUN_40178348	3f425a84	        
FUN_40178378	3f42347f	@ieee80211_output.c
FUN_401783c4	3f425a84	        
FUN_401783fc	3ffc22ba	[%u] %s %u 
FUN_40178424	3f425a84	        
FUN_40178584	3f42347f	@ieee80211_output.c
FUN_401785e8	3f425a84	        
FUN_40178628	3f425a84	        
FUN_40178670	3f425a84	        
FUN_401788c4	3f425a84	        
FUN_40178940	3f425a84	        
FUN_40178940	3ffc22ba	[%u] %s %u 
FUN_401789d4	3f425a84	        
FUN_401789d4	3ffc22ba	[%u] %s %u 
FUN_40178aa4	3f4014bc	rx 11g in channel %d
FUN_40178b08	3f425a84	        
FUN_40178b08	3ffc22ba	[%u] %s %u 
FUN_40178b80	3f425a84	        
FUN_40178b98	3f425a84	        
FUN_40178bac	3f425a84	        
FUN_40178bc0	3f425a84	        
FUN_40178bd0	3f425a84	        
FUN_40178c38	3f425a84	        
FUN_40178e44	3f425a84	        
FUN_40178fc0	3f425a84	        
FUN_4017904c	3f425a84	        
FUN_40179064	3f425a84	        
FUN_40179078	3f400a12	%s %d 
FUN_40179078	3f400a20	null wpa_parse_wpa_ie
FUN_4017933c	3ffc22ba	[%u] %s %u 
FUN_40179498	3f400a36	null wpa_parse_wpa_ie
FUN_40179498	3f400a4c	null wpa_parse_wpa_ie
FUN_40179498	3f400a62	null wpa_sta_ap_set_rsnxe
FUN_40179498	3f400a7c	SAE H2E disabled
FUN_40179498	3f40292c	Invalid channel flag
FUN_40179498	3f425a84	        
FUN_40179498	3ffc22ba	[%u] %s %u 
FUN_401797b0	3ffc22ba	[%u] %s %u 
FUN_40179838	3f425a84	        
FUN_40179838	3ffc22ba	[%u] %s %u 
FUN_40179a9c	3f400a8d	wpa_config_parse_string is null
FUN_40179a9c	3f402941	Invalid WEP key %s 
FUN_40179a9c	3f42347f	@ieee80211_output.c
FUN_40179a9c	3f425a84	        
FUN_40179a9c	3ffc22ba	[%u] %s %u 
FUN_40179a9c	40125868	{R@?6a
FUN_40179cac	3f425a84	        
FUN_40179cac	3ffc22ba	[%u] %s %u 
FUN_40179ea4	3f402955	scan: sta is null
FUN_40179ea4	3f402967	scan not start, cnx_state=%d
FUN_40179ea4	3f425a84	        
FUN_40179ea4	3ffc22ba	[%u] %s %u 
FUN_40179ea4	40125868	{R@?6a
FUN_4017a040	3f40147c	Total power save buffer number: %u
FUN_4017a040	3f40149f	rx 40M intolerant in chan %d
FUN_4017a0f8	3f4009f0	setup rate: out of memory!
FUN_4017a0f8	3f400a0b	%s %d 
FUN_4017a0f8	3f42347f	@ieee80211_output.c
FUN_4017a0f8	3f425a84	        
FUN_4017a0f8	3ffc22ba	[%u] %s %u 
FUN_4017aa20	3f4016d1	sta rx csa, newchan=%d, old=%d
FUN_4017aa20	3f4016f0	unexpected state: %s -> %s (%x)
FUN_4017aa20	3f4169cd	smartconfig
FUN_4017aa20	3f4236bb	ieee80211_scan.c
FUN_4017aa20	3f4236ea	ieee80211_sta.c
FUN_4017aa20	3f425a84	        
FUN_4017aa20	3ffc22ba	[%u] %s %u 
FUN_4017b840	3ffc22ba	[%u] %s %u 
FUN_4017b97c	3ffc22ba	[%u] %s %u 
FUN_4017bacc	3f400b06	Association refused temporarily, comeback time %d mSec
FUN_4017bacc	3f4236ea	ieee80211_sta.c
FUN_4017bbdc	3f4015cc	enable tsf
FUN_4017bbdc	3f4015d7	<%s>sta rx csa, newchan=%d, old=%d, csa_count:%d
FUN_4017bbdc	3f401608	<%s>sta rx csa, unchanged, newchan=%d, old=%d, csa_count:%d
FUN_4017bbdc	3f401644	<%s>sta rx csa, unchanged, newchan=%d, old=%d, csa_count:%d
FUN_4017bbdc	3f401680	<from user>sta rx csa, csa (%d->%d) in progress, ignore newchan=%d, csa_count:%d
FUN_4017bbdc	3f4029b2	channel is different in received beacon, new:%d, old:%d, disconnect
FUN_4017bbdc	3f4236cc	unknown
FUN_4017bbdc	3f4236d4	from beacon
FUN_4017bbdc	3f425a84	        
FUN_4017bbdc	3ffc22ba	[%u] %s %u 
FUN_4017be18	3ffc22ba	[%u] %s %u 
FUN_4017be18	40125868	{R@?6a
FUN_4017be94	3f400ad7	Mem alloc fail for SA Q req
FUN_4017be94	3f400af3	Set status to INIT
FUN_4017be94	3f400b06	Association refused temporarily, comeback time %d mSec
FUN_4017be94	3f4236e0	from user
FUN_4017be94	3f425a84	        
FUN_4017be94	3ffc22ba	[%u] %s %u 
FUN_4017be94	40125868	{R@?6a
FUN_4017c408	3f40159a	Rxd SA Query resp with matching transaction id %x
FUN_4017c754	3ffc22ba	[%u] %s %u 
FUN_4017c80c	40125868	{R@?6a
FUN_4017c864	3ffc22ba	[%u] %s %u 
FUN_4017ca50	3f402984	scan: failed to lock the channel, priority=%d
FUN_4017ca50	3f42305b	WIFI_MESH_EVENT
FUN_4017ca50	3f425a84	        
FUN_4017ca50	3ffc22ba	[%u] %s %u 
FUN_4017d260	3f425a84	        
FUN_4017d270	3f425a84	        
FUN_4017d29c	3f425a84	        
FUN_4017d2bc	3f425a84	        
FUN_4017d2cc	3f425a84	        
FUN_4017d2d8	3f425a84	        
FUN_4017d2e8	3f425a84	        
FUN_4017d344	3f425a84	        
FUN_4017d354	3f425a84	        
FUN_4017d364	3f425a84	        
FUN_4017d450	3ffc22ba	[%u] %s %u 
FUN_4017d4c0	3f400b73	%s %d 
FUN_4017d4c0	3f4236ea	ieee80211_sta.c
FUN_4017d4c0	40085750	{R@?6A
FUN_4017d500	40085750	{R@?6A
FUN_4017d518	40085750	{R@?6A
FUN_4017d54c	3f400b52	wpa michael mic failure cb empty
FUN_4017d54c	3f4236ea	ieee80211_sta.c
FUN_4017d54c	40085750	{R@?6A
FUN_4017d610	3ffc22ba	[%u] %s %u 
FUN_4017d634	3ffc22ba	[%u] %s %u 
FUN_4017d670	3ffc22ba	[%u] %s %u 
FUN_4017d72c	3f423794	87fca
FUN_4017d8ec	3f425a84	        
FUN_4017d8ec	3ffc22ba	[%u] %s %u 
FUN_4017da00	3f425a84	        
FUN_4017da00	3ffc22ba	[%u] %s %u 
FUN_4017dbd8	3ffc22ba	[%u] %s %u 
FUN_4017dc48	3ffc22ba	[%u] %s %u 
FUN_4017dcb0	3f423794	87fca
FUN_4017dcdc	3f425a84	        
FUN_4017dd44	3f425a84	        
FUN_4017dd90	3f425a84	        
FUN_4017e114	3f425a84	        
FUN_4017e114	40125868	{R@?6a
FUN_4017e1ec	3f400b7a	%s %d 
FUN_4017e1ec	3f400b88	fail to alloc timer, type=%d
FUN_4017e1ec	3f400ba5	fail to post timer, type=%d
FUN_4017e1ec	3f400bc1	timeout when WiFi un-init, type=%d
FUN_4017e1ec	3ffc22ba	[%u] %s %u 
FUN_4017e1ec	40085750	{R@?6A
FUN_4017e2a8	40085750	{R@?6A
FUN_4017e33c	3f425a84	        
FUN_4017e33c	3ffc22ba	[%u] %s %u 
FUN_4017e364	3f425a84	        
FUN_4017e380	3f425a84	        
FUN_4017e3b0	3f425a84	        
FUN_4017e3b0	3ffc22ba	[%u] %s %u 
FUN_4017e3d0	3f425a84	        
FUN_4017e3d0	3ffc22ba	[%u] %s %u 
FUN_4017e410	3f425a84	        
FUN_4017e448	3f425a84	        
FUN_4017e458	3f425a84	        
FUN_4017e470	3f400be4	timeout but fail to get lock, type=%d
FUN_4017e470	3f42391a	ieee80211_coexist
FUN_4017e470	3f425a84	        
FUN_4017e470	3ffc22ba	[%u] %s %u 
FUN_4017e4d0	3f425a84	        
FUN_4017e508	3f400be4	timeout but fail to get lock, type=%d
FUN_4017e508	3f400c11	invalid channel info
FUN_4017e508	3f425a84	        
FUN_4017e508	3ffc22ba	[%u] %s %u 
FUN_4017e5f8	3f425a84	        
FUN_4017e5f8	3ffc22ba	[%u] %s %u 
FUN_4017e6dc	3f425a84	        
FUN_4017e6dc	3ffc22ba	[%u] %s %u 
FUN_4017e7b0	3f425a84	        
FUN_4017e7f4	3f425a84	        
FUN_4017e930	3ffc22ba	[%u] %s %u 
FUN_4017eb8c	3f425a84	        
FUN_4017ec18	3f400c52	cnx_bss_init: null bss
FUN_4017ec18	3f401b62	bcn_timout,ap_probe_send_start
FUN_4017ec18	3f401b81	<connect>csa, newchan=%d, old=%d, csa_count:%d
FUN_4017ec18	3f42392d	l_chm.c
FUN_4017ec18	3f425a84	        
FUN_4017ec18	3ffc22ba	[%u] %s %u 
FUN_4017ec18	40125868	{R@?6a
FUN_4017f080	40125868	{R@?6a
FUN_4017f178	3ffc22ba	[%u] %s %u 
FUN_4017f2cc	3f400c44	%s %d 
FUN_4017f2cc	3ffc22ba	[%u] %s %u 
FUN_4017f390	3f402a2c	auth is done, but sta is disconnected
FUN_4017f390	3ffc22ba	[%u] %s %u 
FUN_4017f43c	3ffc22ba	[%u] %s %u 
FUN_4017f4a8	3f425a84	        
FUN_4017f7a4	3f401be5	switch to channel %d
FUN_4017f7a4	3f401bfa	auto reconnect
FUN_4017f7a4	3f425a84	        
FUN_4017f7a4	3ffc22ba	[%u] %s %u 
FUN_4017fa9c	3ffc22ba	[%u] %s %u 
FUN_4017ff74	3f425a84	        
FUN_4017ff74	3ffc22ba	[%u] %s %u 
FUN_401803e0	3f42305b	WIFI_MESH_EVENT
FUN_401803e0	3f425a84	        
FUN_401803e0	3ffc22ba	[%u] %s %u 
FUN_401805a8	3f425a84	        
FUN_401805a8	3ffc22ba	[%u] %s %u 
FUN_40180638	3f425a84	        
FUN_40180638	3ffc22ba	[%u] %s %u 
FUN_40180734	3f425a84	        
FUN_40180734	3ffc22ba	[%u] %s %u 
FUN_40180a4c	3ffc22ba	[%u] %s %u 
FUN_40180b1c	3f42305b	WIFI_MESH_EVENT
FUN_40180b1c	3f425a84	        
FUN_40180b1c	3ffc22ba	[%u] %s %u 
FUN_40180d28	3ffc22ba	[%u] %s %u 
FUN_401812d8	3f4019ad	connected with %s, aid = %d, channel %d, %s, bssid = %02x:%02x:%02x:%02x:%02x:%02x
FUN_401812d8	3ffc22ba	[%u] %s %u 
FUN_401812d8	40125868	{R@?6a
FUN_40181504	3f40196a	%s mode switch cause sta destroyed
FUN_40181504	3f40198d	security: %s, phy: %s, rssi: %d
FUN_40181504	3f402a23	timer e 
FUN_40181504	3f403291	do_core_init
FUN_40181504	3f423113	ieee80211_hostap.c
FUN_40181504	3f42393e	passive
FUN_40181504	3f42399e	WAPI-CERT
FUN_40181504	3f425a84	        
FUN_40181504	3ffc22ba	[%u] %s %u 
FUN_401817ec	3f425a84	        
FUN_40181850	3f425a84	        
FUN_401818d4	3f425a84	        
FUN_40181950	3f400c70	ht2040 coex frame alloc fail
FUN_40181950	3f42399e	WAPI-CERT
FUN_40181950	3f425a84	        
FUN_40181950	40125868	{R@?6a
FUN_40181b00	40125868	{R@?6a
FUN_40181b2c	3f425a84	        
FUN_40181c44	3ffc22ba	[%u] %s %u 
FUN_40181ca4	3f400c94	Failed to encrypt CCMP frame
FUN_40181ca4	3f400cb1	CCMP replay detected: A1=%02x:%02x:%02x:%02x:%02x:%02x A2=%02x:%02x:%02x:%02x:%02x:%02x PN=%llu, RSC=%llu seq=%u
FUN_40181ca4	3f400d22	CCMP mgmt frame from %02x:%02x:%02x:%02x:%02x:%02x used non-zero reserved bit
FUN_40181ca4	3ffc22ba	[%u] %s %u 
FUN_40181e7c	3f400c70	ht2040 coex frame alloc fail
FUN_40181e7c	3ffc22ba	[%u] %s %u 
FUN_40182140	3f425a84	        
FUN_401821dc	3f425a84	        
FUN_401822f8	3f400e13	esf_buf_alloc: invalid type=%d
FUN_40182318	3f400df8	ebuf_free: invalid type=%d
FUN_40182338	3f400dc7	WAPI: pn err rcv(0x%08x), rcd(0x%08x), tid(%d). 
FUN_4018235c	3f402a73	alloc eb len=%d type=%d fail 
FUN_4018235c	3f425a84	        
FUN_401823a0	3f425a84	        
FUN_401823a0	3ffc22ba	[%u] %s %u 
FUN_40182470	3f401c59	Init max length of beacon: %d/%d
FUN_40182470	3f401c7a	Init tx cache buffer num: %d
FUN_40182470	3f401c97	Init dynamic tx buffer num: %d
FUN_40182470	3f401cb6	Init static tx buffer num: %d
FUN_40182470	3f401cd4	Init management short buffer num: %d
FUN_40182470	3f401cf9	Init management frame dynamic rx buffer num: %d
FUN_40182470	3f425a84	        
FUN_40182470	3ffc22ba	[%u] %s %u 
FUN_40182760	40085750	{R@?6A
FUN_40182874	3f400e32	esf_buf_alloc_dynamic: invalid type=%d
FUN_40182874	3f425a84	        
FUN_40182a88	3ffc22ba	[%u] %s %u 
FUN_40182b80	3ffc22ba	[%u] %s %u 
FUN_40182b80	40085750	{R@?6A
FUN_40182bb4	3ffc22ba	[%u] %s %u 
FUN_40182be0	3f425a84	        
FUN_40182bfc	3f425a84	        
FUN_40182cd8	3f401d29	Init data frame dynamic rx buffer num: %d
FUN_40182d38	3f425a84	        
FUN_40182f34	3f425a84	        
FUN_4018304c	3f425a84	        
FUN_4018304c	40085750	{R@?6A
FUN_40183110	3f425a84	        
FUN_40183110	40085750	{R@?6A
FUN_40183138	3f401d5f	lmac stop hw txq
FUN_40183138	40085750	{R@?6A
FUN_401831ec	3f400f59	%s %s %u 
FUN_401831ec	3f4239f0	\6\6\6\
FUN_401831ec	3f423ae2	lmacEndFrameExchangeSequence
FUN_401831ec	3f425a84	        
FUN_401831ec	40085750	{R@?6A
FUN_40183398	3f400eeb	%s %s %u 
FUN_40183398	3f400ef5	%s %s %u 
FUN_40183398	3f400eff	%s %s %u 
FUN_40183398	3f4239f0	\6\6\6\
FUN_40183398	3f423a84	lmacProcessLongRetryFail
FUN_40183398	3f425a84	        
FUN_40183398	40085750	{R@?6A
FUN_40183600	3f400ed7	%s %s %u 
FUN_40183600	3f400ee1	%s %s %u 
FUN_40183600	3f4239f0	\6\6\6\
FUN_40183600	3f423a6e	lmacProcessCtsTimeout
FUN_40183600	3f425a84	        
FUN_40183600	40085750	{R@?6A
FUN_40183790	3f400f13	%s %s %u 
FUN_40183790	3f400f1d	%s %s %u 
FUN_40183790	3f400f27	%s %s %u 
FUN_40183790	3f4239f0	\6\6\6\
FUN_40183790	3f423ab7	lmacProcessTxComplete
FUN_40183a04	40085750	{R@?6A
FUN_40183c10	40085750	{R@?6A
FUN_40183cf8	3f401d53	stop sw txq
FUN_40183cf8	3f402a91	esf_buf_setup_static: alloc eb fail(%d)
FUN_40183cf8	3f402ab9	force sw tx %d state to idle, ebuf flag=%x
FUN_40183cf8	3f425a84	        
FUN_40183df8	3ffc22ba	[%u] %s %u 
FUN_40183e18	3ffc22ba	[%u] %s %u 
FUN_40183e4c	3ffc22ba	[%u] %s %u 
FUN_40183e80	3ffc22ba	[%u] %s %u 
FUN_40183f60	3ffc22ba	[%u] %s %u 
FUN_40183fec	3ffc22ba	[%u] %s %u 
FUN_40184018	3ffc22ba	[%u] %s %u 
FUN_4018402c	3ffc22ba	[%u] %s %u 
FUN_40184068	3f425a84	        
FUN_4018411c	40085750	{R@?6A
FUN_4018412c	40085750	{R@?6A
FUN_4018413c	3ffc22ba	[%u] %s %u 
FUN_401841e4	3ffc22ba	[%u] %s %u 
FUN_40184294	3ffc22ba	[%u] %s %u 
FUN_401842dc	3ffc22ba	[%u] %s %u 
FUN_401843a4	3ffc22ba	[%u] %s %u 
FUN_40184418	3ffc22ba	[%u] %s %u 
FUN_40184470	3ffc22ba	[%u] %s %u 
FUN_401844c8	3f425a84	        
FUN_401844c8	3ffc22ba	[%u] %s %u 
FUN_4018451c	3f402b21	Next TBTT incorrect! last beacon:%u, offset:%u, next beacon:%u, beacon interval:%u, dtim period:%u, dtim count:%u, listen interval:%u, now:%u
FUN_4018451c	3ffc22ba	[%u] %s %u 
FUN_40184678	3ffc22ba	[%u] %s %u 
FUN_40184714	3ffc22ba	[%u] %s %u 
FUN_40184764	3ffc22ba	[%u] %s %u 
FUN_4018484c	3ffc22ba	[%u] %s %u 
FUN_4018488c	3ffc22ba	[%u] %s %u 
FUN_401848c0	3f425a84	        
FUN_401848c0	3ffc22ba	[%u] %s %u 
FUN_40184984	3f425a84	        
FUN_40184984	3ffc22ba	[%u] %s %u 
FUN_40184afc	3ffc22ba	[%u] %s %u 
FUN_40184c3c	3ffc22ba	[%u] %s %u 
FUN_40184c90	3ffc22ba	[%u] %s %u 
FUN_40184e44	3ffc22ba	[%u] %s %u 
FUN_40184f38	3f401de6	pm stop, total sleep time: %llu us / %llu us 
FUN_40184f38	3ffc22ba	[%u] %s %u 
FUN_401850b8	3f401d7d	int: state=%d i=%d
FUN_401850b8	3f401d90	(mesh)pm stop, sleep:%lld secs, total:%lld secs, current active set:%d, running:%.02f
FUN_401850b8	3f425a84	        
FUN_401850b8	3ffc22ba	[%u] %s %u 
FUN_401852d0	3f425a84	        
FUN_401852d0	3ffc22ba	[%u] %s %u 
FUN_401852d0	40125868	{R@?6a
FUN_401853e8	3ffc22ba	[%u] %s %u 
FUN_401854c4	3ffc22ba	[%u] %s %u 
FUN_40185598	3f425a84	        
FUN_401855b8	3f425a84	        
FUN_40185608	3f40103b	invalid micahel mic failure cb
FUN_40185608	3f414574	/IDF/components/spi_flash/spi_flash_os_func_app.c
FUN_40185608	3f425a84	        
FUN_40185658	3ffc22ba	[%u] %s %u 
FUN_4018586c	3f425a84	        
FUN_401858ac	3f425a84	        
FUN_401858ac	3ffc22ba	[%u] %s %u 
FUN_401859a4	3f425a84	        
FUN_40185a2c	3f425a84	        
FUN_40185a2c	3ffc22ba	[%u] %s %u 
FUN_40185a2c	40085750	{R@?6A
FUN_40185b50	3f425a84	        
FUN_40185b70	3f425a84	        
FUN_40185bfc	3f425a84	        
FUN_40185d74	3f400f6d	%s %s %u 
FUN_40185d74	3f400f7e	create wifi task: failed to create task
FUN_40185d74	3f400fa6	create wifi task: failed to create sem
FUN_40185d74	3f400fcd	create wifi task: failed to create queue
FUN_40185d74	3f401fdb	Beacon interval IE of Beacon frame is 0.
FUN_40185d74	3f402bf3	pp task q full: s=%d p=%x 
FUN_40185d74	3f402c0e	create wifi task: queue not null
FUN_40185d74	3f406753	W (%s) %s: json get bt failed 
FUN_40185d74	3ffc22ba	[%u] %s %u 
FUN_40185d74	40085750	{R@?6A
FUN_40185ed4	3f425a84	        
FUN_40185f98	3f425a84	        
FUN_40185ff8	3f425a84	        
FUN_4018604c	3f425a84	        
FUN_4018604c	40085750	{R@?6A
FUN_4018609c	3ffc22ba	[%u] %s %u 
FUN_4018609c	40085750	{R@?6A
FUN_40186118	3f425a84	        
FUN_40186118	40085750	{R@?6A
FUN_4018624c	3f425a84	        
FUN_4018627c	3f425a84	        
FUN_4018632c	3f425a84	        
FUN_401863cc	3f402c2f	create wifi task: task not null
FUN_401863cc	3ffc22ba	[%u] %s %u 
FUN_401863cc	40085750	{R@?6A
FUN_40186490	3f425a84	        
FUN_40186490	3ffc22ba	[%u] %s %u 
FUN_401865ec	40085750	{R@?6A
FUN_4018669c	3f425a84	        
FUN_401866e8	3f425a84	        
FUN_40186728	3f425a84	        
FUN_40186788	3f425a84	        
FUN_401867f8	3f425a84	        
FUN_401867f8	40085750	{R@?6A
FUN_40186980	3f423aff	lmacDiscardFrameExchangeSequence
FUN_401869ec	3f423aff	lmacDiscardFrameExchangeSequence
FUN_40186a50	3f423aff	lmacDiscardFrameExchangeSequence
FUN_40186b00	3f423aff	lmacDiscardFrameExchangeSequence
FUN_40186bb8	3f401156	rcGet11GHighestRateIdx: invalid max rate=%d
FUN_40186c24	3f40112a	rcGet11BHighestRateIdx: invalid max rate=%d
FUN_40186c84	3f401120	%s %s %u 
FUN_40186db0	3f402cc0	add mismatch 
FUN_40186db0	3f402cce	rcUpdatePhyMode: lowestRateIdx:%d, rateIdx:%d
FUN_40186db0	3f423aff	lmacDiscardFrameExchangeSequence
FUN_40186db0	3f425a84	        
FUN_40186db0	3ffc22ba	[%u] %s %u 
FUN_40186db0	40125868	{R@?6a
FUN_4018703c	3f425a84	        
FUN_4018703c	3ffc22ba	[%u] %s %u 
FUN_401870b8	3f425a84	        
FUN_401870b8	3ffc22ba	[%u] %s %u 
FUN_40187318	3f401109	desc is null
FUN_40187318	3f423aff	lmacDiscardFrameExchangeSequence
FUN_40187318	3f423ec0	rcReachRetryLimit
FUN_40187530	3f423d5c	trc.c
FUN_40187598	3f425a84	        
FUN_40187598	3ffc22ba	[%u] %s %u 
FUN_401875a0	3f425a84	        
FUN_401875a0	3ffc22ba	[%u] %s %u 
FUN_401878f0	3f4010b5	rc_enable_trc fail, no mem
FUN_401878f0	3f4010d0	%s %s %u 
FUN_401878f0	3f4010da	sched is null, if=%d tid=%d flags=%x
FUN_401878f0	3f4010ff	%s %s %u 
FUN_401878f0	3f423aff	lmacDiscardFrameExchangeSequence
FUN_401878f0	3f423d5c	trc.c
FUN_401878f0	3ffc22ba	[%u] %s %u 
FUN_401879a0	3f425a84	        
FUN_401879e8	3f425a84	        
FUN_40187a7c	3f402cb0	timer e 
FUN_40187a7c	3f425a84	        
FUN_40187ad4	3f425a84	        
FUN_40187af4	3f425a84	        
FUN_40187b30	3f40107f	update default trc: invalid ifx
FUN_40187b30	3f425a84	        
FUN_40187b30	3ffc22ba	[%u] %s %u 
FUN_40187bd4	3f401068	wifi assert: %d
FUN_40187bd4	3f425a84	        
FUN_40187c18	3ffc22ba	[%u] %s %u 
FUN_40187cc8	3f40109f	trc init fail, no mem
FUN_40187cc8	3f402cb0	timer e 
FUN_40187cc8	3f425a84	        
FUN_40187cc8	3ffc22ba	[%u] %s %u 
FUN_40187d90	3f425a84	        
FUN_40187db4	3f425a84	        
FUN_40187de8	3f425a84	        
FUN_40187e2c	3f4020e2	ic_enable_sniffer
FUN_40187e2c	3f402d68	unknown csi bug!
FUN_40187e2c	3ffc22ba	[%u] %s %u 
FUN_40187e70	3ffc22ba	[%u] %s %u 
FUN_40187e94	3f425a84	        
FUN_40187f10	3f425a84	        
FUN_40187f10	3ffc22ba	[%u] %s %u 
FUN_40187ff4	3f425a84	        
FUN_40188068	3ffc22ba	[%u] %s %u 
FUN_401880d8	3ffc22ba	[%u] %s %u 
FUN_401880d8	40085750	{R@?6A
FUN_40188164	3f401253	%s %s %u 
FUN_40188164	3ffc22ba	[%u] %s %u 
FUN_401881d4	3f425a84	        
FUN_401881d4	3ffc22ba	[%u] %s %u 
FUN_40188210	3f4020b0	Init static rx buffer size: %d
FUN_40188210	3f4020cf	ic_disable_sniffer
FUN_40188210	3f425a84	        
FUN_40188278	3f425a84	        
FUN_40188278	3ffc22ba	[%u] %s %u 
FUN_40188278	40085750	{R@?6A
FUN_401882ec	3f425a84	        
FUN_401882ec	3ffc22ba	[%u] %s %u 
FUN_401882ec	40085750	{R@?6A
FUN_40188658	3f425a84	        
FUN_40188658	3ffc22ba	[%u] %s %u 
FUN_401886dc	3f4011da	%s %s %u 
FUN_401886dc	3f4011e4	Expected to init %d rx buffer, actual is %d
FUN_401886dc	3f402058	Deinit lldesc rx mblock:%d
FUN_401886dc	3f402073	Init dynamic rx buffer num: %d
FUN_401886dc	3f402092	Init static rx buffer num: %d
FUN_401886dc	3f402cfc	rcUpdatePhyMode: phytype:%d, rs_nrate:%d, rssi:%d
FUN_401886dc	3f425a84	        
FUN_401886dc	3ffc22ba	[%u] %s %u 
FUN_401888d8	3f425a84	        
FUN_4018895c	3f425a84	        
FUN_40188994	3f425a84	        
FUN_401889c0	3f425a84	        
FUN_40188b0c	3f402da7	<ba-clr>idx:%d, tid:%d, ssn:%d, winSize:%d
FUN_40188b0c	3f425a84	        
FUN_40188c08	3f425a84	        
FUN_40188c8c	3f402d79	Allocate MAC register memory fail
FUN_40188c8c	3f425a84	        
FUN_40188cf4	3f425a84	        
FUN_40188d34	3f425a84	        
FUN_40188dc8	3f425a84	        
FUN_40188e84	3f402e25	ipencil 
FUN_40188e84	3f425a84	        
FUN_40188f9c	3f425a84	        
FUN_40188fc0	3f402dd2	<ba-add>idx:%d (ifx:%d, %02x:%02x:%02x:%02x:%02x:%02x), tid:%d, ssn:%d, winSize:%d
FUN_40188fc0	3f425a84	        
FUN_4018906c	3f425a84	        
FUN_401890b0	3f425a84	        
FUN_401890f4	3f425a84	        
FUN_401891f8	3f425a84	        
FUN_401892ec	3f425a84	        
FUN_40189328	3f425a84	        
FUN_40189384	3f425a84	        
FUN_401893f8	3f425a84	        
FUN_401894a4	3f425a84	        
FUN_40189528	3f425a84	        
FUN_40189794	3f425a84	        
FUN_40189800	3f425a84	        
FUN_401898d8	3f425a84	        
FUN_40189968	3f423f33	wDev_ProcessRxSucData
FUN_40189968	3f425a84	        
FUN_40189a34	3f425a84	        
FUN_40189a34	40085750	{R@?6A
FUN_40189b00	3f425a84	        
FUN_40189b8c	3f425a84	        
FUN_40189c14	3f425a84	        
FUN_40189d0c	3f425a84	        
FUN_40189da8	3f402e2e	ipencil 
FUN_40189da8	3f402e37	ipencil 
FUN_40189da8	3f425a84	        
FUN_40189e24	3f425a84	        
FUN_40189f58	3f425a84	        
FUN_40189fa4	3f425a84	        
FUN_40189ffc	3f425a84	        
FUN_4018a050	3f425a84	        
FUN_4018a0ec	3f425a84	        
FUN_4018a150	3f425a84	        
FUN_4018a1dc	3f425a84	        
FUN_4018a268	3f425a84	        
FUN_4018a2f4	3f425a84	        
FUN_4018a314	3f425a84	        
FUN_4018ace4	3f41a00e	V (%s) %s: %s 
FUN_4018ad5c	3f414b5d	esp_core_dump_checksum_update
FUN_4018ad88	3f4233ff	ESP_%02X%02X%02X
FUN_4018adb4	3f423f33	wDev_ProcessRxSucData
FUN_4018afc4	3f4240ab	WIFI_STA_DEF
FUN_4018afc4	3f425a84	        
FUN_4018b000	3f4240ab	WIFI_STA_DEF
FUN_4018b000	3f425a84	        
FUN_4018b03c	3f425a84	        
FUN_4018b0a4	3f423f4f	coexist
FUN_4018b0a4	3f423f57	esp_netif_handlers
FUN_4018b0a4	3f423f6a	E (%s) %s: %s %d %s ret=0x%X 
FUN_4018b0a4	3f423f88	connected action: dhcpc failed
FUN_4018b0a4	3f423fa7	esp_event_send_internal in esp_netif_action_connected
FUN_4018b0a4	3f423ffb	I (%s) %s: %s ip: %d.%d.%d.%d, mask: %d.%d.%d.%d, gw: %d.%d.%d.%d 
FUN_4018b0a4	3f425a84	        
FUN_4018b1a8	3f423f4f	coexist
FUN_4018b1a8	3f423fdd	E (%s) %s: invalid static ip 
FUN_4018b374	40125868	{R@?6a
FUN_4018b444	40125868	{R@?6a
FUN_4018b4d8	40085750	{R@?6A
FUN_4018b700	40085750	{R@?6A
FUN_4018b758	3f4240ab	WIFI_STA_DEF
FUN_4018b804	3f42410f	@Init Counter
FUN_4018b804	3f42411d	Group key expansion
FUN_4018b884	3f424131	IGTK key expansion
FUN_4018ba28	3f424131	IGTK key expansion
FUN_4018bc50	40085750	{R@?6A
FUN_4018bd80	40085750	{R@?6A
FUN_4018c0c4	40085750	{R@?6A
FUN_4018c210	40085750	{R@?6A
FUN_4018c300	40085750	{R@?6A
FUN_4018c440	40125868	{R@?6a
FUN_4018c4d0	40125868	{R@?6a
FUN_4018cecc	40085750	{R@?6A
FUN_4018d028	40085750	{R@?6A
FUN_4018d7a8	3f42414b	Pairwise key expansion
FUN_4018e08c	3f424131	IGTK key expansion
FUN_4018e08c	40085750	{R@?6A
FUN_4018ec6c	40085750	{R@?6A
FUN_4018ed98	40085750	{R@?6A
FUN_4018ef5c	40085750	{R@?6A
FUN_4018efac	40085750	{R@?6A
FUN_4018f1dc	3f424170	PMK Name
FUN_4018f1dc	3f42419f	/IDF/components/wpa_supplicant/src/rsn_supp/wpa_ie.c
FUN_4018f1dc	3f4241d4	(size_t) (pos - wpa_ie) <= wpa_ie_len
FUN_4018f1dc	3f4241fa	wpa_gen_wpa_ie_wpa
FUN_4018f66c	40085750	{R@?6A
FUN_4018f86c	3f425a84	        
FUN_4018f86c	40125868	{R@?6a
FUN_4018f89c	40085750	{R@?6A
FUN_4018f8f8	40085750	{R@?6A
FUN_4018f924	40085750	{R@?6A
FUN_4018f94c	40085750	{R@?6A
FUN_4018f9b4	40085750	{R@?6A
FUN_4018fb40	40085750	{R@?6A
FUN_4018fd0c	40085750	{R@?6A
FUN_4018fe50	3f424220	EAP deinit
FUN_4018fe50	40085750	{R@?6A
FUN_4018fea4	40085750	{R@?6A
FUN_401900c8	3f418e7f	check decode_idx
FUN_401900c8	3f42422b	pmksa_timeout_timer
FUN_401900c8	3f42423f	IDF/components/lwip/port/esp32/netif/wlanif.c
FUN_401900c8	3f42426d	snk_mower
FUN_401900c8	40125868	{R@?6a
FUN_401901ac	3f402e6f	wifi osi_nvs_open fail ret=%d 
FUN_401901ac	3f42428e	E (%s) %s: Error in calculating sha1 sum , Returned 0x%02X 
FUN_401901ac	3ffc22ba	[%u] %s %u 
FUN_40190228	3ffc22ba	[%u] %s %u 
FUN_40190664	3f425a84	        
FUN_40190770	3f425a84	        
FUN_40190878	3f425a84	        
FUN_40190af8	3f425a84	        
FUN_40190af8	3ffc3edc	error: pll_cal exceeds 2ms!!! 
FUN_4019107c	3f425a84	        
FUN_40191164	3f425a84	        
FUN_4019117c	3f425a84	        
FUN_401911f8	3ffc3edc	error: pll_cal exceeds 2ms!!! 
FUN_40191624	3f425a84	        
FUN_40191780	3ffc3edc	error: pll_cal exceeds 2ms!!! 
FUN_40191780	40125868	{R@?6a
FUN_40191810	3f425a84	        
FUN_40191810	40085750	{R@?6A
FUN_401919d4	3f425a84	        
FUN_401919d4	3ffc3e9f	assert failed: 
FUN_40191ab8	40085750	{R@?6A
FUN_40191ab8	40125868	{R@?6a
FUN_40191ba4	3f425a84	        
FUN_40191ba4	40085750	{R@?6A
FUN_4019214c	3f425a84	        
FUN_4019214c	3ffc4218	bt_txpwr_atten, %d 
FUN_401921fc	3f425a84	        
FUN_401921fc	3ffc4218	bt_txpwr_atten, %d 
FUN_401922b0	3ffc3edc	error: pll_cal exceeds 2ms!!! 
FUN_401922b0	3ffc4063	@i2c_master_reset %d 
FUN_401922b0	3ffc407c	index: %d value: 0x%x 0x%x 0x%x %d %d %d %d 
FUN_4019242c	3f425a84	        
FUN_4019242c	3ffc3edc	error: pll_cal exceeds 2ms!!! 
FUN_4019242c	3ffc40ac	max_gain: %d 
FUN_4019242c	3ffc40bc	total_pwr=%ld, min=%ld, max=%ld, rftx=0x%x, att=%d, dc_i=%d, dc_q=%d 
FUN_40192770	3ffc3edc	error: pll_cal exceeds 2ms!!! 
FUN_40192b00	3f425a84	        
FUN_40192b00	3ffc3edc	error: pll_cal exceeds 2ms!!! 
FUN_40192cdc	3f425a84	        
FUN_40192f04	3ffc4218	bt_txpwr_atten, %d 
FUN_40192fc0	3ffc4218	bt_txpwr_atten, %d 
FUN_40193198	3ffc4218	bt_txpwr_atten, %d 
FUN_401931bc	3f425a84	        
FUN_401932bc	40085750	{R@?6A
FUN_401935ec	3f425a84	        
FUN_4019360c	3f425a84	        
FUN_40193770	3f425a84	        
FUN_401938ac	3f425a84	        
FUN_401938ac	40125868	{R@?6a
FUN_40193944	3f425a84	        
FUN_40193944	3ffc0bb8	8@DP\
FUN_40193944	3ffc3edc	error: pll_cal exceeds 2ms!!! 
FUN_40193b5c	3f425a84	        
FUN_40193c38	3ffc3edc	error: pll_cal exceeds 2ms!!! 
FUN_40193d10	3f425a84	        
FUN_40193d10	40085750	{R@?6A
FUN_40193d10	40125868	{R@?6a
FUN_40194060	40085750	{R@?6A
FUN_40194060	40125868	{R@?6a
FUN_40194354	3f425a84	        
FUN_401944d8	3f425a84	        
FUN_40194600	3ffc4104	rxiq: rftx=0x%x, rfrx=x%x, att=%d, bb=0x%x, %d, %d 
FUN_40194600	3ffc4148	18 2021
FUN_40194600	3ffc4150	719f9f6
FUN_40194624	3f425a84	        
FUN_40194624	40085750	{R@?6A
FUN_401946c0	3f425a84	        
FUN_401946c0	40085750	{R@?6A
FUN_401946c0	40125868	{R@?6a
FUN_401948e4	3f425a84	        
FUN_401948e4	40085750	{R@?6A
FUN_40194934	3f425a84	        
FUN_40194a28	3f425a84	        
FUN_40194a28	40085750	{R@?6A
FUN_40194a80	3f425a84	        
FUN_40194a80	40085750	{R@?6A
FUN_40194b04	3f425a84	        
FUN_40195008	3f425a84	        
FUN_40195394	3f425a84	        
FUN_40195610	3f425a84	        
FUN_40195644	3f425a84	        
FUN_40195ed8	40125868	{R@?6a
FUN_40196130	3ffc0bb8	8@DP\
FUN_40196130	3ffc43cc	i=%02d  acc=%03d  tgt=%03d  err=%03d  ser=%03d att=%03d 
FUN_401962d8	3ffc43a0	stage %d: CGAIN=%d FGAIN=%d, (%d,%d) %d; 
FUN_40196524	3ffc0bb8	8@DP\
FUN_4019673c	3f425a84	        
FUN_4019673c	3ffc0bb8	8@DP\
FUN_40196814	3f425a84	        
FUN_40196814	3ffc0bb8	8@DP\
FUN_40196814	3ffc43cc	i=%02d  acc=%03d  tgt=%03d  err=%03d  ser=%03d att=%03d 
FUN_40196990	3f425a84	        
FUN_40196a30	3ffc43cc	i=%02d  acc=%03d  tgt=%03d  err=%03d  ser=%03d att=%03d 
FUN_40196d8c	40085750	{R@?6A
FUN_40196e10	40085750	{R@?6A
FUN_40196e48	40085750	{R@?6A
FUN_40196f48	3f424305	BB?St9bad_alloc
FUN_40197190	40085750	{R@?6A
FUN_401971d0	40085750	{R@?6A
FUN_40197210	40085750	{R@?6A
FUN_4019734c	40085750	{R@?6A
FUN_401973a8	40085750	{R@?6A
FUN_401974b0	40085750	{R@?6A
FUN_401974cc	3f425a84	        
FUN_401974cc	40085750	{R@?6A
FUN_40197808	3f425a84	        
FUN_4019790c	40085750	{R@?6A
FUN_40197958	40085750	{R@?6A
FUN_40197998	3f421d3f	ECDSA with SHA512
FUN_40197998	3f425a84	        
FUN_40197a4c	40085750	{R@?6A
FUN_40197a78	40085750	{R@?6A
FUN_40197bbc	40085750	{R@?6A
FUN_40197bc4	40085750	{R@?6A
FUN_40197c80	40085750	{R@?6A
FUN_40197cd8	40085750	{R@?6A
FUN_40197d98	3f421add	brainpool512r1
FUN_40197d98	3f424a0e	Success
FUN_40197fac	40085750	{R@?6A
FUN_40197fc4	40085750	{R@?6A
FUN_40197fdc	40085750	{R@?6A
FUN_4019803c	3f408168	tube flash timer
FUN_4019803c	3f421add	brainpool512r1
FUN_4019803c	3f424a0e	Success
FUN_4019803c	3f424f5b	@0000000000000000                INF
FUN_4019803c	3f4253bf	@0000000000000000                Infinity
FUN_4019803c	3f42546b	/builds/idf/crosstool-NG/.build/xtensa-esp32-elf/src/newlib/newlib/libc/stdlib/gdtoa-gethex.c
FUN_4019803c	3f42564c	/builds/idf/crosstool-NG/.build/xtensa-esp32-elf/src/newlib/newlib/libc/stdlib/mprec.c
FUN_40198d2c	3ffc0bb8	8@DP\
FUN_40198d44	40085750	{R@?6A
FUN_40198d5c	3ffc0bb8	8@DP\
FUN_40198d5c	40085750	{R@?6A
FUN_40198d78	3f421add	brainpool512r1
FUN_40198d78	40085750	{R@?6A
FUN_40198e18	3f421add	brainpool512r1
FUN_40198e18	3ffc0bb8	8@DP\
FUN_40198e18	40085750	{R@?6A
FUN_40198ebc	3f424a0e	Success
FUN_40198ebc	3f425a84	        
FUN_4019937c	3f424a0e	Success
FUN_4019937c	3f424f5b	@0000000000000000                INF
FUN_4019c28c	3f424f8c	0123456789ABCDEF
FUN_4019c28c	3f425a84	        
FUN_4019e710	40085750	{R@?6A
FUN_4019e75c	40085750	{R@?6A
FUN_4019e780	3f424f8c	0123456789ABCDEF
FUN_4019e780	3f425a84	        
FUN_4019ec40	3f424f8c	0123456789ABCDEF
FUN_4019ec40	3f425a84	        
FUN_4019edc8	3f424f8c	0123456789ABCDEF
FUN_401a0f9c	3f405263	uxQueueLength > ( UBaseType_t ) 0
FUN_401a0f9c	3f424f8c	0123456789ABCDEF
FUN_401a0f9c	3f4253bf	@0000000000000000                Infinity
FUN_401a0fd6	3f405263	uxQueueLength > ( UBaseType_t ) 0
FUN_401a0fd6	3f424f8c	0123456789ABCDEF
FUN_401a0fd6	3f4253bf	@0000000000000000                Infinity
FUN_401a1c24	40085750	{R@?6A
FUN_401a1ce0	40085750	{R@?6A
FUN_401a1d9c	40085750	{R@?6A
FUN_401a2c94	3f425404	/builds/idf/crosstool-NG/.build/xtensa-esp32-elf/src/newlib/newlib/libc/stdlib/dtoa.c
FUN_401a2c94	3f42545a	Balloc succeeded
FUN_401a2c94	3f42546b	/builds/idf/crosstool-NG/.build/xtensa-esp32-elf/src/newlib/newlib/libc/stdlib/gdtoa-gethex.c
FUN_401a32a8	3f425a84	        
FUN_401a32c4	3f41a756	ESP_ERR_INVALID_MAC
FUN_401a32c4	3f421add	brainpool512r1
FUN_401a32c4	3f42546b	/builds/idf/crosstool-NG/.build/xtensa-esp32-elf/src/newlib/newlib/libc/stdlib/gdtoa-gethex.c
FUN_401a32f8	3ffc0bb8	8@DP\
FUN_401a3308	40085750	{R@?6A
FUN_401a3328	3ffc0bb8	8@DP\
FUN_401a3338	3ffc0bb8	8@DP\
FUN_401a3348	3f421add	brainpool512r1
FUN_401a3348	3ffc0bb8	8@DP\
FUN_401a3380	40085750	{R@?6A
FUN_401a3398	3ffc0bb8	8@DP\
FUN_401a33d8	3f4253bf	@0000000000000000                Infinity
FUN_401a33d8	3f4254da	POSIX
FUN_401a33d8	40085750	{R@?6A
FUN_401a3468	3f4253bf	@0000000000000000                Infinity
FUN_401a3468	3f4254da	POSIX
FUN_401a3468	40085750	{R@?6A
FUN_401a34ac	3f425404	/builds/idf/crosstool-NG/.build/xtensa-esp32-elf/src/newlib/newlib/libc/stdlib/dtoa.c
FUN_401a34ac	3f4254da	POSIX
FUN_401a3534	3f425404	/builds/idf/crosstool-NG/.build/xtensa-esp32-elf/src/newlib/newlib/libc/stdlib/dtoa.c
FUN_401a3534	3f4254da	POSIX
FUN_401a3688	3f425404	/builds/idf/crosstool-NG/.build/xtensa-esp32-elf/src/newlib/newlib/libc/stdlib/dtoa.c
FUN_401a3688	3f4254da	POSIX
FUN_401a36b0	3f425404	/builds/idf/crosstool-NG/.build/xtensa-esp32-elf/src/newlib/newlib/libc/stdlib/dtoa.c
FUN_401a36b0	3f4254da	POSIX
FUN_401a37d0	3f4253bf	@0000000000000000                Infinity
FUN_401a37d0	3f4254da	POSIX
FUN_401a37d0	3f42564c	/builds/idf/crosstool-NG/.build/xtensa-esp32-elf/src/newlib/newlib/libc/stdlib/mprec.c
FUN_401a37d0	40085750	{R@?6A
FUN_401a3878	3f425404	/builds/idf/crosstool-NG/.build/xtensa-esp32-elf/src/newlib/newlib/libc/stdlib/dtoa.c
FUN_401a3878	3f4254da	POSIX
FUN_401a395c	3f425404	/builds/idf/crosstool-NG/.build/xtensa-esp32-elf/src/newlib/newlib/libc/stdlib/dtoa.c
FUN_401a395c	3f4254da	POSIX
FUN_401a3b2c	3f425404	/builds/idf/crosstool-NG/.build/xtensa-esp32-elf/src/newlib/newlib/libc/stdlib/dtoa.c
FUN_401a3b2c	3f4254da	POSIX
FUN_401a3c34	3f42564c	/builds/idf/crosstool-NG/.build/xtensa-esp32-elf/src/newlib/newlib/libc/stdlib/mprec.c
FUN_401a3d64	3f425a84	        
FUN_401a3ef4	40085750	{R@?6A
FUN_401a3f0c	40085750	{R@?6A
FUN_401a3f24	3f425a84	        
FUN_401a40a8	40085750	{R@?6A
FUN_401a40c0	40085750	{R@?6A
FUN_401a40d8	3f42564c	/builds/idf/crosstool-NG/.build/xtensa-esp32-elf/src/newlib/newlib/libc/stdlib/mprec.c
FUN_401a40d8	3f425a84	        
FUN_401a876c	3f425a84	        
FUN_401a8c50	3f425a84	        
FUN_401aacfc	40085750	{R@?6A
FUN_401ae914	3ffc2030	Tasks currently running:
FUN_401ae93c	3ffc2030	Tasks currently running:
FUN_401ae9ac	3f4003d9	%s %d 
FUN_401ae9ac	3f423113	ieee80211_hostap.c
FUN_401aea0c	3f4003d2	%s %d 
FUN_401aea0c	3f423113	ieee80211_hostap.c
FUN_401aea94	3f4003bc	age_reorder: null rap
FUN_401aea94	3f423113	ieee80211_hostap.c
FUN_401aeb24	3f4003bc	age_reorder: null rap
FUN_401aeb24	3f423113	ieee80211_hostap.c
FUN_401aec08	3f4003a0	%s %d 
FUN_401aec08	3f402373	40Mhz not supported, updated bw to 20Mhz
FUN_401aec08	3f40239c	discard: fragments not support
FUN_401aec08	3f423113	ieee80211_hostap.c
FUN_401aee2c	3f400b52	wpa michael mic failure cb empty
FUN_401aee2c	3f423113	ieee80211_hostap.c
FUN_401aee2c	3f4236e0	from user
FUN_401aee2c	3ffc22ba	[%u] %s %u 
FUN_401af36c	3f425a84	        
FUN_401af36c	3ffc22ba	[%u] %s %u 
FUN_401af468	3f425a84	        
FUN_401af468	3ffc22ba	[%u] %s %u 
FUN_401af550	3f425a84	        
FUN_401af550	3ffc22ba	[%u] %s %u 
FUN_401af970	3f425a84	        
FUN_401af9f0	3f425a84	        
FUN_401afd24	3ffc2162	[%u] %s %u 
FUN_401afd30	3ffc22ba	[%u] %s %u 
FUN_401afd50	3ffc22ba	[%u] %s %u 
FUN_401aff04	3f402b0e	tx rts error 0x%x 
FUN_401aff04	3f425a84	        
FUN_401aff04	3ffc22ba	[%u] %s %u 
FUN_401b02e8	3f425a84	        
FUN_401b030c	3f425a84	        
FUN_401b0354	3f4008cb	%s %d 
FUN_401b0354	3f4231dd	Group Mgmt cipher suite
FUN_401b0354	3ffc22ba	[%u] %s %u 
FUN_401b03d8	3f4008c4	%s %d 
FUN_401b03d8	3f4231dd	Group Mgmt cipher suite
FUN_401b03d8	3ffc22ba	[%u] %s %u 
FUN_401b0450	3ffc22ba	[%u] %s %u 
FUN_401b048c	3f425a84	        
FUN_401b048c	3ffc22ba	[%u] %s %u 
FUN_401b0618	3ffc22ba	[%u] %s %u 
FUN_401b0690	3f401e14	pm start, type: %d 
FUN_401b0690	3f401e28	AP's beacon interval = %u us, DTIM period = %u
FUN_401b0690	3f401e57	And use another outer/mobile-hotspot instead.
FUN_401b0690	3f401e85	Please report this bug to the manufaturer of the router/mobile-hotspot.
FUN_401b0690	3f401ecd	The router/mobile-hotspot does not follow Wi-Fi protocol.
FUN_401b0690	3f401f07	There is no TIM IE in Beacon frame.
FUN_401b0690	3f401f2b	And use another outer/mobile-hotspot instead.
FUN_401b0690	3f401f59	Please report this bug to the manufaturer of the router/mobile-hotspot.
FUN_401b0690	3f401fa1	The router/mobile-hotspot does not follow Wi-Fi protocol.
FUN_401b0690	3ffc22ba	[%u] %s %u 
FUN_401b0804	3ffc22ba	[%u] %s %u 
FUN_401b0818	3ffc22ba	[%u] %s %u 
FUN_401b08ec	3ffc22ba	[%u] %s %u 
FUN_401b0a88	3f425a84	        
FUN_401b0a88	3ffc22ba	[%u] %s %u 
FUN_401b0afc	3ffc22ba	[%u] %s %u 
FUN_401b0c98	3f425a84	        
FUN_401b0c98	3ffc22ba	[%u] %s %u 
FUN_401b0df0	3ffc22ba	[%u] %s %u 
FUN_401b0e0c	3f425a84	        
FUN_401b0e0c	3ffc22ba	[%u] %s %u 
FUN_401b0ea4	3ffc22ba	[%u] %s %u 
FUN_401b102c	3f425a84	        
FUN_401b104c	3f425a84	        
FUN_401b1168	3f4011b8	dirty buf %08x: %08x, %08x: %08x 
FUN_401b1168	3f423edc	rcGetAmpduSched
FUN_401b1168	3f423ef3	wDevProcessDirtyBuf
FUN_401b1168	3f425a84	        
FUN_401b1890	3f425a84	        
FUN_401b18a0	3f425a84	        
FUN_401b18b4	3f425a84	        
FUN_401b18d8	3f425a84	        
FUN_401b190c	3f425a84	        
FUN_401b1920	3f425a84	        
FUN_401b1930	3f425a84	        
FUN_401b19d0	3f415b73	esp_netif_new
FUN_401b19f8	3f415b73	esp_netif_new
FUN_401b19f8	3f416f03	unknown event
FUN_401b19f8	40085750	{R@?6A
FUN_401b1a8c	3f415ba0	W (%s) %s: handler already registered, overwriting 
FUN_401b1a8c	3f416f03	unknown event
FUN_401b1a8c	40085750	{R@?6A
FUN_401b1b4c	3f415bd4	E (%s) %s: alloc for new id node failed 
FUN_401b1b4c	3f416f03	unknown event
FUN_401b1b4c	40085750	{R@?6A
FUN_401b1c4c	40085750	{R@?6A
FUN_401b1cac	40085750	{R@?6A
FUN_401b1ce0	3f415c01	E (%s) %s: alloc mem for new base node failed 
FUN_401b1ce0	3f415c30	E (%s) %s: event_loop_args was NULL 
FUN_401b1ce0	3f415c55	E (%s) %s: event_loop was NULL 
FUN_401b1ce0	3f415c75	E (%s) %s: alloc for event loop failed 
FUN_401b1ce0	3f415c9d	E (%s) %s: create event loop queue failed 
FUN_401b1ce0	3f415cc8	E (%s) %s: create event loop mutex failed 
FUN_401b1ce0	3f416f03	unknown event
FUN_401b1ce0	3f421add	brainpool512r1
FUN_401b1ce0	40085750	{R@?6A
FUN_401b1ce0	40125868	{R@?6a
FUN_401b1fcc	3f415cf3	E (%s) %s: create task for loop failed 
FUN_401b1fcc	3f415d26	/IDF/components/esp_event/esp_event.c
FUN_401b1fcc	3f415e85	esp_event_handler_register_with_internal
FUN_401b1fcc	40085750	{R@?6A
FUN_401b20e0	3f415bd4	E (%s) %s: alloc for new id node failed 
FUN_401b20e0	3f415cf3	E (%s) %s: create task for loop failed 
FUN_401b20e0	3f415d26	/IDF/components/esp_event/esp_event.c
FUN_401b20e0	3f415d4c	E (%s) %s: suspended task for loop %p 
FUN_401b20e0	3f415d73	event_handler
FUN_401b20e0	3f415d81	E (%s) %s: registering to any event base with specific id unsupported 
FUN_401b20e0	3f415e5a	esp_event_handler_unregister_with_internal
FUN_401b20e0	3f416f03	unknown event
FUN_401b20e0	40085750	{R@?6A
FUN_401b2254	3f415bd4	E (%s) %s: alloc for new id node failed 
FUN_401b2254	3f415cf3	E (%s) %s: create task for loop failed 
FUN_401b2254	3f415d26	/IDF/components/esp_event/esp_event.c
FUN_401b2254	3f415dc8	E (%s) %s: alloc for new loop node failed 
FUN_401b2254	3f415df3	handler_ctx
FUN_401b2254	3f415e48	esp_event_post_to
FUN_401b2254	3f416f03	unknown event
FUN_401b2254	40085750	{R@?6A
FUN_401b23d4	3f415cf3	E (%s) %s: create task for loop failed 
FUN_401b23d4	3f415d26	/IDF/components/esp_event/esp_event.c
FUN_401b23d4	3f415dff	E (%s) %s: unregistering to any event base with specific id unsupported 
FUN_401b23d4	40085750	{R@?6A
FUN_401b2748	3f425a84	        
FUN_401b28f0	3f402ed6	pthread_local_storage_thread_deleted_callback
FUN_401b28f0	3f404dfa	I (%u) %s: Starting scheduler on APP CPU. 
FUN_401b291c	3f402ed6	pthread_local_storage_thread_deleted_callback
FUN_401b291c	3f404de6	 has been detected.
FUN_401b291c	3f425a84	        
FUN_401b291c	40085750	{R@?6A
FUN_401b2b7c	3f403be0	uart_fsync
FUN_401b2b7c	3f403ce6	/IDF/components/log/log.c
FUN_401b2b7c	3f403d00	get_cached_log_level
FUN_401b2b7c	3f425a84	        
FUN_401b2b7c	40085750	{R@?6A
FUN_401b2ca0	3f403d15	esp_log_level_set
FUN_401b3530	3f425a84	        
FUN_401b35dc	3f425a84	        
FUN_401b36e4	3f425a84	        
FUN_401b37b8	3f425a84	        
FUN_401b39a8	3f425a84	        
FUN_401b3b78	3f425a84	        
FUN_401b3c38	3f425a84	        
FUN_401b3c40	3f425a84	        
FUN_401b3d20	3f425a84	        
FUN_401b3d20	40085750	{R@?6A
FUN_401b3d20	40125868	{R@?6a
FUN_401b3ed4	3f425a84	        
FUN_401b3ed4	3ffc3edc	error: pll_cal exceeds 2ms!!! 
FUN_401b3f4c	3f425a84	        
FUN_401b3f4c	40125868	{R@?6a
FUN_401b3fcc	3f425a84	        
FUN_401b3fcc	40085750	{R@?6A
FUN_401b4078	3f425a84	        
