FUN_08000168	FUN_0800ca10	2
FUN_08000168	FUN_0800fda8	1
FUN_08000168	FUN_0801194c	1
FUN_080003c6	FUN_08001cc8	14
FUN_080003c6	FUN_0800ca10	2
FUN_080003f4	FUN_0800099e	2
FUN_080003f4	FUN_080009bc	1
FUN_0800052a	FUN_0800051c	1
FUN_0800052e	FUN_0800051c	1
FUN_080005e8	FUN_08000a00	1
FUN_080005e8	FUN_08004b70	1
FUN_08000602	FUN_0800099e	1
FUN_08000602	FUN_080009dc	1
FUN_08000602	FUN_08000a8e	1
FUN_08000744	FUN_08000602	1
FUN_0800074a	FUN_08000602	1
FUN_08000750	FUN_08000a8e	1
FUN_08000834	FUN_08000a8e	1
FUN_08000856	FUN_08000a8e	1
FUN_08000870	FUN_080009bc	1
FUN_08000a00	FUN_08000c8c	1
FUN_08000a00	FUN_08000c94	1
FUN_08000a00	FUN_08004b70	2
FUN_08000a8e	FUN_0800099e	2
FUN_08000a8e	FUN_080009bc	1
FUN_08000c36	FUN_0800099e	1
FUN_08000c36	FUN_080009bc	1
FUN_08000c68	FUN_0800e818	1
FUN_08000c94	FUN_08000dd4	1
FUN_08000c94	FUN_08004b70	1
FUN_08000d32	FUN_080009bc	1
FUN_08000e48	FUN_0800a578	3
FUN_08000e48	FUN_0800ca10	2
FUN_08000e48	FUN_0800f5e0	6
FUN_08000e48	FUN_08010cb4	1
FUN_08000e48	FUN_080120a8	2
FUN_08000e48	FUN_080125fc	3
FUN_08000e48	FUN_08013cf8	1
FUN_08000f06	FUN_08010cd0	2
FUN_08000f1e	FUN_0800111c	2
FUN_08000f38	FUN_0800ca10	8
FUN_08000f38	FUN_0800ca14	2
FUN_08000f38	FUN_0800ca22	25
FUN_08000f38	FUN_08010cd0	6
FUN_080012d0	FUN_08000e48	1
FUN_080012d0	FUN_0800111c	2
FUN_080012d0	FUN_08001cc8	6
FUN_08001370	FUN_080004f8	1
FUN_08001370	FUN_08000f1e	1
FUN_08001370	FUN_08001114	1
FUN_08001370	FUN_0800111c	19
FUN_08001370	FUN_08001cc8	39
FUN_08001370	FUN_0800214c	1
FUN_08001370	FUN_080045e6	1
FUN_08001370	FUN_0800770c	1
FUN_08001370	FUN_0800779c	3
FUN_08001370	FUN_08007900	1
FUN_08001370	FUN_08007948	1
FUN_08001370	FUN_08007b90	1
FUN_08001370	FUN_08007c80	1
FUN_08001370	FUN_08007cac	4
FUN_08001370	FUN_08008cd0	7
FUN_08001370	FUN_0800ae40	9
FUN_08001370	FUN_0800c30c	1
FUN_08001370	FUN_0800e8d4	1
FUN_08001370	FUN_080110ac	3
FUN_08001b4c	FUN_0800111c	1
FUN_08001b4c	FUN_08001cc8	3
FUN_08001b4c	FUN_0800c8e0	1
FUN_08001b4c	FUN_0800ca14	1
FUN_08001bb8	FUN_08007e08	1
FUN_08001bb8	FUN_0800fd60	1
FUN_08001bb8	FUN_08010cd0	2
FUN_08001bdc	FUN_08000f1e	1
FUN_08001bdc	FUN_0800ca10	3
FUN_08001bdc	FUN_0800ca22	2
FUN_08001c34	FUN_08001c6c	1
FUN_08001c34	FUN_080047d8	1
FUN_08001c6c	FUN_08004840	2
FUN_08001c6c	FUN_08004a26	1
FUN_08001c6c	FUN_08004a80	1
FUN_08001cc8	FUN_08001cde	1
FUN_08001cde	FUN_08001c34	1
FUN_08001cde	FUN_08004856	1
FUN_08001cde	FUN_0800491c	1
FUN_08001cde	FUN_080049e8	3
FUN_08001e5c	FUN_080004f8	1
FUN_08001e5c	FUN_08010cd0	1
FUN_08001e5c	FUN_080113d8	1
FUN_08001e5c	FUN_080113f6	1
FUN_08001e90	FUN_080020bc	5
FUN_08001e90	FUN_0800ca18	2
FUN_08001ee8	FUN_08001fd0	5
FUN_08001fa0	FUN_080020bc	3
FUN_08001fa0	FUN_08002120	1
FUN_08001fa0	FUN_0800ca18	4
FUN_08001fd0	FUN_080020bc	7
FUN_08001fd0	FUN_08002120	1
FUN_08001fd0	FUN_0800ca18	4
FUN_08002034	FUN_080020bc	5
FUN_08002034	FUN_0800ca18	2
FUN_08002074	FUN_080020bc	6
FUN_08002074	FUN_08002120	1
FUN_08002074	FUN_0800ca18	4
FUN_080020bc	FUN_080113e2	1
FUN_080020bc	FUN_080113e8	1
FUN_080020bc	FUN_080113ec	2
FUN_08002120	FUN_080020bc	1
FUN_08002120	FUN_0800ca18	2
FUN_0800214c	FUN_0800052a	1
FUN_0800214c	FUN_0800111c	5
FUN_0800214c	FUN_08001cc8	13
FUN_0800214c	FUN_08008e38	1
FUN_0800214c	FUN_0800a998	1
FUN_0800214c	FUN_0800aa84	1
FUN_0800214c	FUN_0800ae40	1
FUN_080024dc	FUN_0800111c	1
FUN_080024dc	FUN_08001cc8	3
FUN_080024dc	FUN_0800aa84	1
FUN_080024dc	FUN_0800ae40	1
FUN_080025a8	FUN_08004b50	2
FUN_080025a8	FUN_080108f4	1
FUN_080025a8	FUN_0801168c	1
FUN_080025a8	FUN_08012170	2
FUN_080025a8	FUN_080121bc	1
FUN_080025a8	FUN_080121c4	1
FUN_080025f0	FUN_0800111c	2
FUN_080025f0	FUN_08001cc8	6
FUN_080025f0	FUN_080041cc	2
FUN_080025f0	FUN_080043c8	2
FUN_080025f0	FUN_08007e08	1
FUN_080025f0	FUN_0800ca14	1
FUN_080025f0	FUN_0800cab2	1
FUN_080025f0	FUN_0800cf50	1
FUN_080025f0	FUN_080121bc	1
FUN_080025f0	FUN_080121c4	1
FUN_08002614	FUN_080041cc	1
FUN_08002614	FUN_0800f5f8	1
FUN_08002614	FUN_08010cd0	1
FUN_08002614	FUN_080120a8	1
FUN_08002614	FUN_080121b2	1
FUN_08002614	FUN_080121bc	1
FUN_08002614	FUN_080121d0	1
FUN_08002614	FUN_08012264	1
FUN_080026a0	FUN_0800111c	3
FUN_080026a0	FUN_08001cc8	9
FUN_080026a0	FUN_0800a518	1
FUN_080026a0	FUN_0800a538	1
FUN_080026a0	FUN_0800a636	1
FUN_080026a0	FUN_0800a66c	1
FUN_080026a0	FUN_080125ec	1
FUN_080026a0	FUN_08012696	1
FUN_080026d4	FUN_080004f8	1
FUN_080026d4	FUN_0800052a	1
FUN_080026d4	FUN_08000590	1
FUN_080026d4	FUN_0800111c	3
FUN_080026d4	FUN_08001cc8	9
FUN_080026d4	FUN_0800770c	1
FUN_080026d4	FUN_080078e8	1
FUN_080026d4	FUN_080089b4	2
FUN_080026d4	FUN_080089e4	1
FUN_080026d4	FUN_08008a14	1
FUN_080026d4	FUN_08008a24	1
FUN_080026d4	FUN_08008a40	2
FUN_080026d4	FUN_08008a88	2
FUN_080026d4	FUN_08008ac0	1
FUN_080026d4	FUN_08008b32	1
FUN_080026d4	FUN_08009d60	1
FUN_080026d4	FUN_0800a518	1
FUN_080026d4	FUN_0800a538	1
FUN_080026d4	FUN_0800a636	1
FUN_080026d4	FUN_0800a66c	1
FUN_080026d4	FUN_0800aa84	1
FUN_080026d4	FUN_0800c30c	1
FUN_080026d4	FUN_080125ec	1
FUN_080026d4	FUN_08012696	1
FUN_08002714	FUN_0800111c	3
FUN_08002714	FUN_08001cc8	9
FUN_08002714	FUN_0800a518	1
FUN_08002714	FUN_0800a538	1
FUN_08002714	FUN_0800a636	1
FUN_08002714	FUN_0800a66c	1
FUN_08002714	FUN_080125ec	1
FUN_08002714	FUN_08012696	1
FUN_08002748	FUN_080004f8	1
FUN_08002748	FUN_0800052a	1
FUN_08002748	FUN_08002c94	1
FUN_0800279c	FUN_0800f5f8	1
FUN_0800279c	FUN_0800f68c	1
FUN_0800279c	FUN_08010cd0	1
FUN_0800279c	FUN_08010d5c	1
FUN_0800279c	FUN_0801226c	1
FUN_0800279c	FUN_08013394	1
FUN_080027e0	FUN_080004f8	4
FUN_080027e0	FUN_0800052a	2
FUN_080027e0	FUN_0800111c	7
FUN_080027e0	FUN_08001bdc	1
FUN_080027e0	FUN_08001cc8	12
FUN_080027e0	FUN_0800214c	1
FUN_080027e0	FUN_08002c94	3
FUN_080027e0	FUN_080045e6	1
FUN_080027e0	FUN_0800770c	1
FUN_080027e0	FUN_08009738	1
FUN_080027e0	FUN_0800aa84	15
FUN_080027e0	FUN_0800ae40	1
FUN_080027e0	FUN_080110c0	1
FUN_080027e0	FUN_0801137c	1
FUN_080027e0	FUN_0801311c	1
FUN_08002bc0	FUN_0800052a	1
FUN_08002bc0	FUN_08000f1e	1
FUN_08002bc0	FUN_08001bdc	1
FUN_08002bc0	FUN_08002748	1
FUN_08002bc0	FUN_08002cb4	1
FUN_08002bc0	FUN_08002d0c	1
FUN_08002bc0	FUN_0800770c	2
FUN_08002bc0	FUN_08007c80	2
FUN_08002bc0	FUN_0800aa84	1
FUN_08002bc0	FUN_0800ae40	1
FUN_08002bc0	FUN_0800af14	1
FUN_08002c94	FUN_0801311c	1
FUN_08002cb4	FUN_080004f8	1
FUN_08002cb4	FUN_0800052a	1
FUN_08002cb4	FUN_08002c94	1
FUN_08002d0c	FUN_0800052a	1
FUN_08002d0c	FUN_0800111c	2
FUN_08002d0c	FUN_08001cc8	5
FUN_08002d0c	FUN_08002cb4	1
FUN_08002d0c	FUN_0800abf8	1
FUN_08002d0c	FUN_0800ac48	1
FUN_08002dd4	FUN_0800fd70	1
FUN_08002dd4	FUN_080133f4	1
FUN_08002dd4	FUN_08013474	1
FUN_08002dd4	FUN_0801351c	1
FUN_08002dd4	FUN_080135a0	1
FUN_08002dd4	FUN_080136a8	1
FUN_08002dd4	FUN_08013e70	1
FUN_08002dd4	FUN_08014030	1
FUN_08002dd4	FUN_080141d2	1
FUN_08002dd4	FUN_08014244	1
FUN_08002dd4	FUN_080142ec	1
FUN_08002dd4	FUN_08014364	1
FUN_08002f30	FUN_08000f1e	1
FUN_08002f30	FUN_0800111c	4
FUN_08002f30	FUN_08001cc8	6
FUN_08002f30	FUN_0800279c	1
FUN_08002f30	FUN_0800ca14	2
FUN_08002f30	FUN_0800ca22	1
FUN_08002f30	FUN_0800cab2	3
FUN_08002f30	FUN_0800cac6	1
FUN_08002f30	FUN_0800f5f8	1
FUN_08002f30	FUN_0800f68c	1
FUN_08002f30	FUN_08010cd0	1
FUN_08002f30	FUN_08010d5c	1
FUN_08002f30	FUN_0801226c	1
FUN_08002f30	FUN_08013cf8	1
FUN_08002fd8	FUN_08000f1e	1
FUN_08002fd8	FUN_080041cc	1
FUN_08002fd8	FUN_08007c80	1
FUN_08002fd8	FUN_08008a14	1
FUN_08002fd8	FUN_0800b5aa	1
FUN_08002fd8	FUN_0800b678	1
FUN_08003054	FUN_08001114	1
FUN_08003054	FUN_0800111c	14
FUN_08003054	FUN_08001cc8	34
FUN_08003054	FUN_0800214c	5
FUN_08003054	FUN_08004714	1
FUN_08003054	FUN_0800770c	7
FUN_08003054	FUN_08007c80	1
FUN_08003054	FUN_08007cac	13
FUN_08003054	FUN_0800b5aa	1
FUN_08003054	FUN_0800b630	1
FUN_08003054	FUN_0800b678	1
FUN_08003054	FUN_0800b87c	1
FUN_08003054	FUN_0800bc0c	1
FUN_0800355c	FUN_080004f8	10
FUN_0800355c	FUN_08000590	11
FUN_0800355c	FUN_08000856	5
FUN_0800355c	FUN_08000f1e	1
FUN_0800355c	FUN_0800111c	2
FUN_0800355c	FUN_08001cc8	6
FUN_0800355c	FUN_08001fa0	1
FUN_0800355c	FUN_080041cc	2
FUN_0800355c	FUN_080071c2	18
FUN_0800355c	FUN_0800770c	1
FUN_0800355c	FUN_080078e8	1
FUN_0800355c	FUN_08007b84	3
FUN_0800355c	FUN_08007c80	1
FUN_0800355c	FUN_080089b4	6
FUN_0800355c	FUN_080089e4	6
FUN_0800355c	FUN_08008a14	1
FUN_0800355c	FUN_08008a40	1
FUN_0800355c	FUN_08008b28	1
FUN_0800355c	FUN_0800aa84	2
FUN_0800355c	FUN_0800b5c8	10
FUN_0800355c	FUN_0800b5dc	12
FUN_0800355c	FUN_0800b5fc	9
FUN_0800355c	FUN_0800b630	1
FUN_0800355c	FUN_0800c30c	1
FUN_0800355c	FUN_0800c936	1
FUN_0800355c	FUN_08012454	1
FUN_08003cf4	FUN_080004f8	1
FUN_08003cf4	FUN_0800111c	2
FUN_08003cf4	FUN_08001cc8	5
FUN_08003cf4	FUN_0800770c	2
FUN_08003cf4	FUN_08007c80	1
FUN_08003cf4	FUN_0800b5aa	1
FUN_08003cf4	FUN_0800b678	1
FUN_08003cf4	FUN_0800d170	1
FUN_08003cf4	FUN_08011364	1
FUN_08003cf4	FUN_08011370	1
FUN_08003e24	FUN_0800052a	1
FUN_08003e24	FUN_08000f1e	2
FUN_08003e24	FUN_0800111c	2
FUN_08003e24	FUN_08001cc8	5
FUN_08003e24	FUN_080041cc	1
FUN_08003e24	FUN_08007c80	2
FUN_08003e24	FUN_08009738	1
FUN_08003e24	FUN_0800b5aa	1
FUN_08003e24	FUN_0800b678	1
FUN_08003e24	FUN_0800b87c	1
FUN_08003fc0	FUN_080004f8	6
FUN_08003fc0	FUN_0800a538	3
FUN_08003fc0	FUN_0800a558	3
FUN_08003fc0	FUN_0800a578	3
FUN_08003fc0	FUN_0800a5ae	3
FUN_08003fc0	FUN_0800c4b4	1
FUN_08003fc0	FUN_0800c4bc	1
FUN_08003fc0	FUN_0800c4c4	1
FUN_08003fc0	FUN_0800f5f8	3
FUN_08003fc0	FUN_08010cd0	3
FUN_08003fc0	FUN_08012598	3
FUN_08003fc0	FUN_080125fc	3
FUN_08003fc0	FUN_08012654	3
FUN_08003fc0	FUN_08012660	3
FUN_08003fc0	FUN_08012680	3
FUN_08003fc0	FUN_080126c6	3
FUN_08003fc0	FUN_080126d6	3
FUN_08003fc0	FUN_080126e2	3
FUN_08003fc0	FUN_080126f2	3
FUN_08003fc0	FUN_080126fe	3
FUN_080041cc	FUN_0800094e	1
FUN_080041cc	FUN_080042d0	7
FUN_080041cc	FUN_080043d4	1
FUN_080041cc	FUN_0800f564	1
FUN_080041cc	FUN_0800f590	2
FUN_08004250	FUN_08000934	1
FUN_08004250	FUN_0800111c	1
FUN_08004250	FUN_08001cc8	3
FUN_08004250	FUN_0800ca10	2
FUN_080042d0	FUN_08004364	1
FUN_080042d0	FUN_0800f590	7
FUN_0800434a	FUN_0800f590	2
FUN_08004364	FUN_0800f590	1
FUN_080043d4	FUN_080042d0	2
FUN_080043d4	FUN_0800434a	1
FUN_080043d4	FUN_0800f590	3
FUN_08004404	FUN_0800111c	4
FUN_08004404	FUN_08001cc8	10
FUN_08004404	FUN_0800279c	1
FUN_08004404	FUN_08002bc0	1
FUN_08004404	FUN_08002f30	1
FUN_08004404	FUN_08007c80	1
FUN_08004404	FUN_0800a864	1
FUN_08004404	FUN_0800aa84	3
FUN_08004404	FUN_0800ae40	3
FUN_080045e6	FUN_0800111c	2
FUN_080045e6	FUN_08001cc8	6
FUN_080045e6	FUN_08008e1c	1
FUN_080045e6	FUN_0800ae40	4
FUN_080045e6	FUN_0800bfb0	1
FUN_080045e6	FUN_08015098	1
FUN_08004714	FUN_0800111c	1
FUN_08004714	FUN_08001cc8	3
FUN_08004714	FUN_08008e1c	1
FUN_08004714	FUN_0800ae40	4
FUN_08004714	FUN_0800bfb0	1
FUN_08004714	FUN_08015098	1
FUN_080047d8	FUN_080005b8	2
FUN_08004856	FUN_0800491c	1
FUN_08004856	FUN_080049e8	3
FUN_0800491c	FUN_080049e8	3
FUN_080049e8	FUN_08001c34	1
FUN_08004a26	FUN_080004f8	1
FUN_08004a80	FUN_080004f8	3
FUN_08004ac4	FUN_08005c48	1
FUN_08004af8	FUN_08005c48	1
FUN_08004af8	FUN_08006364	1
FUN_08004b90	FUN_08000602	2
FUN_08004b90	FUN_0800074a	1
FUN_08004b90	FUN_08000904	3
FUN_08004ca8	FUN_08000602	21
FUN_08004ca8	FUN_08000744	21
FUN_08004ca8	FUN_0800074a	12
FUN_08004ca8	FUN_08000750	35
FUN_08004ca8	FUN_08000834	2
FUN_08004ca8	FUN_08000904	2
FUN_08004ca8	FUN_08000b2a	4
FUN_08004ca8	FUN_08000c08	2
FUN_08004ca8	FUN_08004b20	1
FUN_08004ca8	FUN_080058f8	2
FUN_08004ca8	FUN_080059f0	2
FUN_08004ca8	FUN_08005a58	3
FUN_08004ca8	FUN_08005a78	2
FUN_08004ca8	FUN_08005ab8	7
FUN_08004ca8	FUN_0800bbf4	1
FUN_08004ca8	FUN_08011424	1
FUN_080058f8	FUN_08000602	7
FUN_080058f8	FUN_08000750	7
FUN_080059f0	FUN_08000b2a	1
FUN_08005a58	FUN_08000750	1
FUN_08005a78	FUN_08000750	1
FUN_08005ac4	FUN_080003f4	1
FUN_08005ac4	FUN_08000602	1
FUN_08005ac4	FUN_08000750	4
FUN_08005ac4	FUN_08000904	1
FUN_08005ac4	FUN_08000b2a	2
FUN_08005ac4	FUN_08000c36	1
FUN_08005c48	FUN_080003f4	1
FUN_08005c48	FUN_08000972	1
FUN_08005c48	FUN_08005ac4	3
FUN_08005c48	FUN_080062fc	1
FUN_08005c48	FUN_08006320	5
FUN_080063d8	FUN_08010d08	1
FUN_08006560	FUN_080004f8	1
FUN_08006560	FUN_0800052a	1
FUN_08006560	FUN_08008ba8	1
FUN_08006598	FUN_0800051c	1
FUN_08006598	FUN_0800adc4	1
FUN_080065b8	FUN_08011264	3
FUN_08006658	FUN_08000f1e	3
FUN_08006658	FUN_0800111c	3
FUN_08006658	FUN_08001bdc	1
FUN_08006658	FUN_08001cc8	9
FUN_08006658	FUN_080041cc	1
FUN_08006658	FUN_080043c8	1
FUN_08006658	FUN_08007814	1
FUN_08006658	FUN_0800796c	1
FUN_08006658	FUN_08007b9c	2
FUN_08006658	FUN_0800a7b4	1
FUN_08006658	FUN_0800aa14	1
FUN_08006658	FUN_0800aa84	4
FUN_08006658	FUN_0800ae40	2
FUN_08006658	FUN_0800cabc	1
FUN_080068f4	FUN_08000f1e	3
FUN_080068f4	FUN_0800111c	2
FUN_080068f4	FUN_08001bdc	2
FUN_080068f4	FUN_08001cc8	6
FUN_080068f4	FUN_08007814	2
FUN_080068f4	FUN_0800a7b4	1
FUN_080068f4	FUN_0800aa14	1
FUN_080068f4	FUN_0800aa84	4
FUN_080068f4	FUN_0800ae40	1
FUN_08006ac0	FUN_08000f1e	4
FUN_08006ac0	FUN_0800111c	3
FUN_08006ac0	FUN_08001bdc	2
FUN_08006ac0	FUN_08001cc8	9
FUN_08006ac0	FUN_08007814	2
FUN_08006ac0	FUN_080079ec	1
FUN_08006ac0	FUN_08007bea	2
FUN_08006ac0	FUN_0800a7b4	1
FUN_08006ac0	FUN_0800aa14	1
FUN_08006ac0	FUN_0800aa84	4
FUN_08006ac0	FUN_0800ae40	2
FUN_08006ac0	FUN_0800cabc	1
FUN_08006d3c	FUN_08000f1e	3
FUN_08006d3c	FUN_0800111c	3
FUN_08006d3c	FUN_08001bdc	1
FUN_08006d3c	FUN_08001cc8	9
FUN_08006d3c	FUN_080041cc	1
FUN_08006d3c	FUN_080043c8	1
FUN_08006d3c	FUN_08007814	1
FUN_08006d3c	FUN_08007afc	1
FUN_08006d3c	FUN_08007c30	2
FUN_08006d3c	FUN_0800a7b4	1
FUN_08006d3c	FUN_0800aa14	1
FUN_08006d3c	FUN_0800aa84	4
FUN_08006d3c	FUN_0800ae40	2
FUN_08006d3c	FUN_0800cabc	1
FUN_08006fe8	FUN_08000f1e	1
FUN_08006fe8	FUN_0800111c	2
FUN_08006fe8	FUN_08001bdc	1
FUN_08006fe8	FUN_08001cc8	6
FUN_08006fe8	FUN_08007814	1
FUN_08006fe8	FUN_08008e1c	1
FUN_08006fe8	FUN_08008e38	1
FUN_08006fe8	FUN_0800a7b4	1
FUN_08006fe8	FUN_0800aa14	1
FUN_08006fe8	FUN_0800aa84	4
FUN_08006fe8	FUN_0800ae40	3
FUN_080071c2	FUN_080005e8	1
FUN_0800770c	FUN_08000590	1
FUN_0800770c	FUN_08000856	3
FUN_0800770c	FUN_080078e8	1
FUN_0800770c	FUN_080089b4	3
FUN_0800770c	FUN_080089e4	3
FUN_0800770c	FUN_08008a14	1
FUN_0800770c	FUN_08008a40	1
FUN_0800770c	FUN_08008b32	1
FUN_0800770c	FUN_0800c30c	1
FUN_0800779c	FUN_0800111c	1
FUN_0800779c	FUN_08001cc8	3
FUN_0800779c	FUN_08007900	1
FUN_08007814	FUN_08000590	1
FUN_08007814	FUN_08000856	2
FUN_08007814	FUN_0800111c	1
FUN_08007814	FUN_08001cc8	3
FUN_08007814	FUN_080078e8	1
FUN_08007814	FUN_080089b4	3
FUN_08007814	FUN_080089e4	3
FUN_08007814	FUN_08008a14	1
FUN_08007814	FUN_08008a40	1
FUN_08007814	FUN_08008b32	1
FUN_08007814	FUN_0800c30c	1
FUN_080078e8	FUN_08007900	1
FUN_080078e8	FUN_08009d7c	1
FUN_08007900	FUN_0800111c	2
FUN_08007900	FUN_080125f4	1
FUN_08007900	FUN_0801266a	1
FUN_08007948	FUN_08012598	1
FUN_08007948	FUN_0801266a	1
FUN_0800796c	FUN_08000f1e	1
FUN_0800796c	FUN_0800111c	1
FUN_0800796c	FUN_08001cc8	3
FUN_0800796c	FUN_08007b9c	1
FUN_0800796c	FUN_0800ca10	1
FUN_0800796c	FUN_0800ca14	1
FUN_080079ec	FUN_08000f1e	2
FUN_080079ec	FUN_0800111c	1
FUN_080079ec	FUN_08001cc8	3
FUN_080079ec	FUN_08007bea	1
FUN_080079ec	FUN_0800ca10	6
FUN_080079ec	FUN_0800ca14	1
FUN_080079ec	FUN_0800ca22	6
FUN_08007afc	FUN_08000f1e	1
FUN_08007afc	FUN_0800111c	1
FUN_08007afc	FUN_08001cc8	3
FUN_08007afc	FUN_08007c30	1
FUN_08007afc	FUN_0800ca10	1
FUN_08007afc	FUN_0800ca14	1
FUN_08007b9c	FUN_080004f8	1
FUN_08007b9c	FUN_0800052a	1
FUN_08007b9c	FUN_08000f1e	1
FUN_08007b9c	FUN_08007d7c	1
FUN_08007bea	FUN_080004f8	1
FUN_08007bea	FUN_0800052a	1
FUN_08007bea	FUN_08007900	1
FUN_08007c30	FUN_080004f8	1
FUN_08007c30	FUN_0800052a	1
FUN_08007c30	FUN_08000f1e	1
FUN_08007c30	FUN_08007dac	1
FUN_08007c80	FUN_0800770c	1
FUN_08007cac	FUN_08000590	1
FUN_08007cac	FUN_08000856	3
FUN_08007cac	FUN_080078e8	1
FUN_08007cac	FUN_080089b4	4
FUN_08007cac	FUN_080089e4	4
FUN_08007cac	FUN_08008a14	1
FUN_08007cac	FUN_08008a40	1
FUN_08007cac	FUN_08008b32	1
FUN_08007cac	FUN_0800c30c	1
FUN_08007d7c	FUN_080125f4	1
FUN_08007d7c	FUN_0801266a	1
FUN_08007dac	FUN_080125f4	1
FUN_08007dac	FUN_0801266a	1
FUN_08007e30	FUN_08000f1e	3
FUN_08007e30	FUN_0800111c	17
FUN_08007e30	FUN_080012d0	1
FUN_08007e30	FUN_08001bdc	1
FUN_08007e30	FUN_08001cc8	34
FUN_08007e30	FUN_080041cc	1
FUN_08007e30	FUN_080043c8	1
FUN_08007e30	FUN_08006658	1
FUN_08007e30	FUN_080068f4	1
FUN_08007e30	FUN_08006ac0	1
FUN_08007e30	FUN_08006d3c	1
FUN_08007e30	FUN_08006fe8	1
FUN_08007e30	FUN_080071c0	1
FUN_08007e30	FUN_0800770c	3
FUN_08007e30	FUN_08007814	3
FUN_08007e30	FUN_08007b90	1
FUN_08007e30	FUN_08007c80	2
FUN_08007e30	FUN_0800aa84	32
FUN_08007e30	FUN_0800ae40	19
FUN_08007e30	FUN_0800ca14	1
FUN_08007e30	FUN_0800cabc	1
FUN_08007e30	FUN_0800cf44	1
FUN_08008960	FUN_08000f06	1
FUN_08008960	FUN_08000f38	1
FUN_08008960	FUN_08001b4c	1
FUN_08008960	FUN_08001bb8	1
FUN_08008960	FUN_08001e5c	1
FUN_08008960	FUN_080025a8	1
FUN_08008960	FUN_08002614	1
FUN_08008960	FUN_08003fc0	1
FUN_08008960	FUN_0800f68c	1
FUN_08008960	FUN_08010cd0	1
FUN_080089b4	FUN_08008b80	1
FUN_080089e4	FUN_08000870	1
FUN_080089e4	FUN_08008aa4	1
FUN_08008a14	FUN_08008aa4	1
FUN_08008a24	FUN_08008aa4	1
FUN_08008a24	FUN_08008b80	1
FUN_08008a88	FUN_08008b3c	1
FUN_08008aa4	FUN_0800052a	1
FUN_08008ac0	FUN_08008a40	1
FUN_08008ac0	FUN_08008aa4	1
FUN_08008ac0	FUN_0800fba8	1
FUN_08008ac0	FUN_080113c8	1
FUN_08008b28	FUN_080106c8	1
FUN_08008b32	FUN_080106c8	1
FUN_08008b3c	FUN_08000456	4
FUN_08008b80	FUN_080004f8	1
FUN_08008b80	FUN_08000590	1
FUN_08008bd4	FUN_0800ac28	1
FUN_08008bd4	FUN_0800ebd4	1
FUN_08008bd4	FUN_080151b8	1
FUN_08008c38	FUN_0800d130	1
FUN_08008c38	FUN_0800e940	2
FUN_08008c38	FUN_0800ecc4	1
FUN_08008cd0	FUN_0800111c	1
FUN_08008cd0	FUN_08001cc8	3
FUN_08008cd0	FUN_08008d74	2
FUN_08008d98	FUN_0800bc84	2
FUN_08008d98	FUN_0800d130	2
FUN_08008e48	FUN_0800c5a0	3
FUN_08008e48	FUN_08010784	2
FUN_08008f24	FUN_0800051c	1
FUN_08008f24	FUN_08000590	2
FUN_08008f24	FUN_08006598	2
FUN_08008f24	FUN_0800a790	5
FUN_08008f24	FUN_0800ac28	2
FUN_08008f24	FUN_0800adc4	1
FUN_08008f24	FUN_0800f5ac	1
FUN_08008f24	FUN_08012300	1
FUN_08008f24	FUN_08012398	1
FUN_08008f24	FUN_080123f4	1
FUN_08008f24	FUN_080151b8	2
FUN_080090d8	FUN_08008d74	2
FUN_080090d8	FUN_08009730	1
FUN_080090d8	FUN_0800bc18	1
FUN_080090d8	FUN_0800bc48	1
FUN_080090d8	FUN_0800e96a	1
FUN_0800931c	FUN_0800cb20	2
FUN_0800931c	FUN_08011168	1
FUN_0800931c	FUN_08014fe4	1
FUN_080094ac	FUN_08011138	1
FUN_080094ac	FUN_080111f4	1
FUN_080094ac	FUN_0801121e	1
FUN_0800951c	FUN_0800cb20	2
FUN_0800951c	FUN_08011168	1
FUN_0800951c	FUN_08014fe4	1
FUN_08009638	FUN_08012fcc	2
FUN_08009638	FUN_0801305c	1
FUN_08009674	FUN_08012e00	1
FUN_08009674	FUN_08012e54	1
FUN_08009674	FUN_08012ef8	1
FUN_08009738	FUN_08000590	1
FUN_08009738	FUN_0800111c	8
FUN_08009738	FUN_08001cc8	23
FUN_08009738	FUN_08008a40	1
FUN_08009738	FUN_08008a88	25
FUN_08009738	FUN_08008ac0	1
FUN_08009738	FUN_0800ae40	27
FUN_08009d60	FUN_080004f8	1
FUN_08009d60	FUN_0800052a	1
FUN_08009d60	FUN_08008ba8	1
FUN_08009d60	FUN_080122a8	1
FUN_08009d7c	FUN_080004f8	1
FUN_08009d7c	FUN_0800052a	1
FUN_08009d7c	FUN_08006560	1
FUN_08009d90	FUN_08000590	1
FUN_08009d90	FUN_0800adb0	1
FUN_08009d90	FUN_0800bd0c	1
FUN_08009d90	FUN_0800c9d8	1
FUN_08009d90	FUN_08012300	1
FUN_08009d90	FUN_080151b8	3
FUN_08009e3c	FUN_08009e60	1
FUN_08009e60	FUN_08010cd0	1
FUN_08009e60	FUN_080120a8	1
FUN_08009e60	FUN_080121b2	1
FUN_08009e60	FUN_080121bc	1
FUN_08009e60	FUN_080121d0	1
FUN_08009e60	FUN_08012264	1
FUN_08009e60	FUN_08012284	1
FUN_08009e60	FUN_0801228e	1
FUN_08009efc	FUN_08008d98	1
FUN_08009efc	FUN_08009fbe	1
FUN_08009efc	FUN_0800a348	1
FUN_08009efc	FUN_0800e940	1
FUN_08009efc	FUN_0800ecc4	1
FUN_08009efc	FUN_080114d2	1
FUN_08009fbe	FUN_08008d80	2
FUN_08009fbe	FUN_08008e48	1
FUN_08009fbe	FUN_0800a4a4	1
FUN_08009fbe	FUN_0800c5a0	1
FUN_08009fbe	FUN_0800e96a	1
FUN_08009fbe	FUN_08011574	1
FUN_0800a0bc	FUN_08009fbe	1
FUN_0800a0bc	FUN_0800ecc4	1
FUN_0800a0bc	FUN_0800fcec	1
FUN_0800a0bc	FUN_080114d2	1
FUN_0800a170	FUN_08009efc	1
FUN_0800a170	FUN_08009fbe	2
FUN_0800a170	FUN_0800a348	2
FUN_0800a170	FUN_0800c424	1
FUN_0800a170	FUN_0800e958	2
FUN_0800a170	FUN_0800e96a	1
FUN_0800a170	FUN_0800ecc4	3
FUN_0800a170	FUN_080114ca	2
FUN_0800a170	FUN_080114d2	1
FUN_0800a348	FUN_08008d80	1
FUN_0800a348	FUN_0800c5a0	1
FUN_0800a3cc	FUN_0800cb08	1
FUN_0800a42c	FUN_0800cb08	2
FUN_0800a42c	FUN_080145fc	1
FUN_0800a42c	FUN_080149dc	1
FUN_0800a4a4	FUN_0800cb08	2
FUN_0800a4a4	FUN_080145fc	1
FUN_0800a4a4	FUN_08014c74	1
FUN_0800a518	FUN_0800a654	1
FUN_0800a538	FUN_0800a654	1
FUN_0800a558	FUN_0800a654	1
FUN_0800a578	FUN_0800a654	1
FUN_0800a5ae	FUN_0800a654	1
FUN_0800a636	FUN_0800a654	1
FUN_0800a66c	FUN_0800a654	1
FUN_0800a68a	FUN_0800c2a8	1
FUN_0800a68a	FUN_0800c83e	1
FUN_0800a68a	FUN_0800ebd4	1
FUN_0800a68a	FUN_08010d70	1
FUN_0800a68a	FUN_080151b8	1
FUN_0800a6f0	FUN_0800a8b8	1
FUN_0800a6f0	FUN_0800aadc	1
FUN_0800a6f0	FUN_0800ac28	2
FUN_0800a6f0	FUN_0800ac2c	1
FUN_0800a6f0	FUN_0800ad90	1
FUN_0800a7b4	FUN_0800aa78	1
FUN_0800a7b4	FUN_0800ac28	1
FUN_0800a7b4	FUN_0800adb0	1
FUN_0800a864	FUN_08009d90	1
FUN_0800a864	FUN_0800ac28	1
FUN_0800a864	FUN_0800ad14	1
FUN_0800a864	FUN_0800ad16	1
FUN_0800a8b8	FUN_0800aaec	1
FUN_0800a8b8	FUN_0800b4a4	1
FUN_0800a910	FUN_08000590	1
FUN_0800a910	FUN_08008f24	1
FUN_0800a910	FUN_0800ad14	1
FUN_0800a910	FUN_0800ad16	1
FUN_0800a910	FUN_0800c2a8	1
FUN_0800a998	FUN_0800aa78	1
FUN_0800a998	FUN_0800ac28	1
FUN_0800a998	FUN_0800ad18	1
FUN_0800aa14	FUN_0800ac28	1
FUN_0800aa84	FUN_0800ac28	1
FUN_0800aa84	FUN_0800ad14	1
FUN_0800aa84	FUN_0800ad16	1
FUN_0800aa84	FUN_0800c4f0	1
FUN_0800aaec	FUN_0800a910	1
FUN_0800aaec	FUN_0800ac28	1
FUN_0800aaec	FUN_0800ad14	1
FUN_0800aaec	FUN_0800ad16	1
FUN_0800aaec	FUN_0800b548	1
FUN_0800aaec	FUN_0800c3dc	1
FUN_0800aaec	FUN_08011264	2
FUN_0800ac2c	FUN_0800bea4	1
FUN_0800ac48	FUN_0800abf8	1
FUN_0800ac48	FUN_0800d13c	7
FUN_0800ac48	FUN_0800e7d4	3
FUN_0800ad18	FUN_08001cc8	1
FUN_0800ad18	FUN_08001e90	1
FUN_0800ad18	FUN_08002074	1
FUN_0800ad90	FUN_08002034	1
FUN_0800adb0	FUN_08001e90	1
FUN_0800adc4	FUN_0800059e	1
FUN_0800adc4	FUN_08001cc8	1
FUN_0800adc4	FUN_08001e90	1
FUN_0800adc4	FUN_08001ee8	1
FUN_0800adc4	FUN_0800c30c	2
FUN_0800adc4	FUN_0800e8d4	1
FUN_0800ae40	FUN_0800ac28	1
FUN_0800ae40	FUN_0800ad14	1
FUN_0800ae40	FUN_0800ad16	1
FUN_0800ae40	FUN_080112dc	1
FUN_0800ae90	FUN_08001cde	1
FUN_0800aea8	FUN_0800aa78	1
FUN_0800aea8	FUN_0800ac28	1
FUN_0800aea8	FUN_0800adc4	1
FUN_0800af14	FUN_0800ac28	1
FUN_0800af14	FUN_0800ad14	1
FUN_0800af14	FUN_0800ad16	1
FUN_0800af14	FUN_0800ae90	1
FUN_0800af14	FUN_0800b548	1
FUN_0800af8c	FUN_080004f8	1
FUN_0800b010	FUN_080094ac	1
FUN_0800b010	FUN_08011168	1
FUN_0800b010	FUN_08013adc	1
FUN_0800b010	FUN_08013e1a	1
FUN_0800b08c	FUN_080094ac	1
FUN_0800b08c	FUN_08011168	1
FUN_0800b08c	FUN_08013adc	1
FUN_0800b08c	FUN_08013e1a	1
FUN_0800b184	FUN_080094ac	1
FUN_0800b184	FUN_08011168	1
FUN_0800b184	FUN_080111f4	1
FUN_0800b184	FUN_08013e1a	1
FUN_0800b184	FUN_08014d20	1
FUN_0800b38c	FUN_080094ac	1
FUN_0800b38c	FUN_08011168	1
FUN_0800b38c	FUN_08013c2c	2
FUN_0800b38c	FUN_08013de6	1
FUN_0800b406	FUN_080094ac	1
FUN_0800b406	FUN_08011168	1
FUN_0800b406	FUN_08013e00	1
FUN_0800b440	FUN_08011138	1
FUN_0800b440	FUN_080111f4	1
FUN_0800b440	FUN_0801121e	1
FUN_0800b4a4	FUN_08000590	1
FUN_0800b4a4	FUN_08001bdc	1
FUN_0800b4a4	FUN_08001fa0	1
FUN_0800b4a4	FUN_08008f24	1
FUN_0800b4a4	FUN_0800bd0c	1
FUN_0800b4a4	FUN_0800c4f0	1
FUN_0800b4a4	FUN_080112dc	2
FUN_0800b548	FUN_0800c83e	1
FUN_0800b548	FUN_0800c8ac	1
FUN_0800b548	FUN_08010d70	1
FUN_0800b548	FUN_08010e4c	1
FUN_0800b5aa	FUN_0800b9f6	1
FUN_0800b5aa	FUN_08015064	1
FUN_0800b5c8	FUN_08015064	1
FUN_0800b5dc	FUN_0800b5fc	1
FUN_0800b5dc	FUN_0800b81a	1
FUN_0800b5fc	FUN_0800b9b6	1
FUN_0800b5fc	FUN_0800fc5c	1
FUN_0800b630	FUN_0800c808	1
FUN_0800b630	FUN_0800e978	1
FUN_0800b678	FUN_08008d80	1
FUN_0800b678	FUN_0800a170	1
FUN_0800b678	FUN_0800a42c	1
FUN_0800b678	FUN_0800c230	1
FUN_0800b678	FUN_0800c5a0	1
FUN_0800b678	FUN_0800d0f4	2
FUN_0800b678	FUN_0800d11a	1
FUN_0800b678	FUN_0800e96a	1
FUN_0800b678	FUN_0800e978	1
FUN_0800b678	FUN_0800ecc4	1
FUN_0800b678	FUN_08011018	1
FUN_0800b678	FUN_08011492	1
FUN_0800b678	FUN_080114ba	2
FUN_0800b678	FUN_08012454	1
FUN_0800b81a	FUN_0800a348	1
FUN_0800b81a	FUN_0800c230	1
FUN_0800b81a	FUN_0800d0f4	1
FUN_0800b81a	FUN_0800e978	1
FUN_0800b87c	FUN_08008d80	1
FUN_0800b87c	FUN_0800a42c	2
FUN_0800b87c	FUN_0800a4a4	1
FUN_0800b87c	FUN_0800c5a0	1
FUN_0800b87c	FUN_0800e958	2
FUN_0800b87c	FUN_08015064	1
FUN_0800b9b6	FUN_08009fbe	1
FUN_0800b9b6	FUN_0800a0bc	1
FUN_0800b9b6	FUN_0800a348	1
FUN_0800b9b6	FUN_0800c662	1
FUN_0800b9b6	FUN_08015064	1
FUN_0800b9f6	FUN_0800a4a4	1
FUN_0800b9f6	FUN_0800ecc4	1
FUN_0800b9f6	FUN_08011492	1
FUN_0800b9f6	FUN_080114ba	2
FUN_0800b9f6	FUN_080114ca	1
FUN_0800b9f6	FUN_080114ec	1
FUN_0800b9f6	FUN_08012454	1
FUN_0800b9f6	FUN_08015064	1
FUN_0800ba84	FUN_08008d80	1
FUN_0800ba84	FUN_08008e48	1
FUN_0800ba84	FUN_0800a42c	1
FUN_0800ba84	FUN_0800a4a4	2
FUN_0800ba84	FUN_0800e958	2
FUN_0800ba84	FUN_08015064	1
FUN_0800bd0c	FUN_08000590	1
FUN_0800bd0c	FUN_0800bd84	1
FUN_0800bd0c	FUN_0800c528	1
FUN_0800bd0c	FUN_08010d70	1
FUN_0800bd0c	FUN_08012300	1
FUN_0800bd4e	FUN_08000590	1
FUN_0800bd4e	FUN_080005ca	1
FUN_0800bd84	FUN_0800b548	1
FUN_0800bda4	FUN_0800adb0	1
FUN_0800bda4	FUN_0800c95c	1
FUN_0800be24	FUN_0800adb0	1
FUN_0800bea4	FUN_0800ad18	1
FUN_0800bea4	FUN_0800be24	1
FUN_0800bea4	FUN_0800c88c	1
FUN_0800bea4	FUN_0800c988	2
FUN_0800bea4	FUN_08015174	3
FUN_0800bfb0	FUN_0800111c	2
FUN_0800bfb0	FUN_08001cc8	5
FUN_0800bfb0	FUN_0800aea8	1
FUN_0800c058	FUN_0800c070	1
FUN_0800c098	FUN_0800c0b0	1
FUN_0800c100	FUN_0800c058	2
FUN_0800c100	FUN_0800c098	2
FUN_0800c1c0	FUN_0800c058	2
FUN_0800c1c0	FUN_0800c098	2
FUN_0800c230	FUN_080090d8	1
FUN_0800c230	FUN_08009efc	1
FUN_0800c230	FUN_0800a348	1
FUN_0800c230	FUN_0800d0f4	1
FUN_0800c2a8	FUN_0800051c	1
FUN_0800c2a8	FUN_0800ad18	1
FUN_0800c2a8	FUN_0800adc4	1
FUN_0800c2a8	FUN_08011398	2
FUN_0800c2a8	FUN_080123f4	1
FUN_0800c3dc	FUN_08011264	2
FUN_0800c424	FUN_08009730	1
FUN_0800c424	FUN_0800e958	1
FUN_0800c4f0	FUN_0800adb0	1
FUN_0800c4f0	FUN_0800bd0c	1
FUN_0800c528	FUN_080005ca	1
FUN_0800c528	FUN_0800a790	1
FUN_0800c528	FUN_0800adb0	1
FUN_0800c5a0	FUN_08000464	1
FUN_0800c5a0	FUN_0800d11a	1
FUN_0800c5a0	FUN_0800d130	1
FUN_0800c5a0	FUN_0800ecc4	4
FUN_0800c5a0	FUN_080110ac	1
FUN_0800c5a0	FUN_08012454	2
FUN_0800c662	FUN_0800bc48	1
FUN_0800c662	FUN_0800d11a	1
FUN_0800c662	FUN_0800d130	2
FUN_0800c7b0	FUN_08000464	1
FUN_0800c7b0	FUN_08004ac4	1
FUN_0800c83e	FUN_0800bda4	1
FUN_0800c8e0	FUN_08010a54	6
FUN_0800c936	FUN_08007ddc	1
FUN_0800c988	FUN_0800adb0	1
FUN_0800c9d8	FUN_080110ac	2
FUN_0800ca04	FUN_080111f8	1
FUN_0800cac6	FUN_08012724	1
FUN_0800cac6	FUN_08012784	1
FUN_0800cac6	FUN_08012b60	1
FUN_0800cac6	FUN_08012c3c	1
FUN_0800cb0e	FUN_08012924	1
FUN_0800cb6c	FUN_08011168	1
FUN_0800cb6c	FUN_08012c78	1
FUN_0800cb6c	FUN_08013be0	2
FUN_0800cb6c	FUN_08013c58	2
FUN_0800cd1a	FUN_08011168	1
FUN_0800cd4c	FUN_080004f8	1
FUN_0800cd4c	FUN_0800052a	2
FUN_0800cd4c	FUN_08000540	4
FUN_0800cd4c	FUN_0800057c	1
FUN_0800cd4c	FUN_08000590	1
FUN_0800cd4c	FUN_08001cc8	1
FUN_0800cd4c	FUN_08004ac4	1
FUN_0800cf1c	FUN_08007ddc	2
FUN_0800cf1c	FUN_08011114	1
FUN_0800cf50	FUN_0800111c	1
FUN_0800cf50	FUN_08001cc8	3
FUN_0800cf50	FUN_080041cc	2
FUN_0800cf50	FUN_080043c8	2
FUN_0800cf50	FUN_0800ca14	1
FUN_0800cf50	FUN_0800d034	1
FUN_0800d034	FUN_0800cab2	2
FUN_0800d098	FUN_0800abf8	1
FUN_0800d098	FUN_0800ac48	1
FUN_0800d0f4	FUN_0800d130	2
FUN_0800d170	FUN_080004f8	1
FUN_0800d170	FUN_0800052a	47
FUN_0800d170	FUN_08000564	1
FUN_0800d170	FUN_08000590	39
FUN_0800d170	FUN_080005b8	2
FUN_0800d170	FUN_080008ae	6
FUN_0800d170	FUN_0800111c	1
FUN_0800d170	FUN_08001cc8	3
FUN_0800d170	FUN_08004ac4	102
FUN_0800d170	FUN_0800aa84	24
FUN_0800d170	FUN_0800c7b0	2
FUN_0800d170	FUN_0800cd4c	1
FUN_0800d170	FUN_0800e624	1
FUN_0800d170	FUN_080110ac	1
FUN_0800e624	FUN_080004f8	5
FUN_0800e624	FUN_0800052a	2
FUN_0800e624	FUN_0800111c	2
FUN_0800e624	FUN_08001cc8	6
FUN_0800e7d4	FUN_0800adb0	1
FUN_0800e818	FUN_08001370	1
FUN_0800e818	FUN_080024dc	1
FUN_0800e818	FUN_08002fd8	1
FUN_0800e818	FUN_08003054	1
FUN_0800e818	FUN_08003cf4	1
FUN_0800e818	FUN_08003e24	1
FUN_0800e818	FUN_080041cc	1
FUN_0800e818	FUN_08004250	1
FUN_0800e818	FUN_08004404	1
FUN_0800e818	FUN_08007b90	2
FUN_0800e818	FUN_08007c80	1
FUN_0800e818	FUN_08007e30	1
FUN_0800e818	FUN_08008960	1
FUN_0800e818	FUN_0800a6f0	1
FUN_0800e818	FUN_0800bc0c	1
FUN_0800e818	FUN_0800cf1c	1
FUN_0800e818	FUN_0800f564	1
FUN_0800e818	FUN_08012948	1
FUN_0800e978	FUN_08008c38	2
FUN_0800e978	FUN_0800a3cc	1
FUN_0800e978	FUN_0800a494	1
FUN_0800e978	FUN_0800c808	1
FUN_0800e978	FUN_0800d11a	8
FUN_0800e978	FUN_0800d130	8
FUN_0800e978	FUN_0800ecc4	1
FUN_0800ebd4	FUN_0800052a	1
FUN_0800ebd4	FUN_08000564	1
FUN_0800ebd4	FUN_080065b8	1
FUN_0800ebd4	FUN_08009d90	2
FUN_0800ebd4	FUN_0800adb0	1
FUN_0800ebd4	FUN_0800adc4	1
FUN_0800ebd4	FUN_0800bd84	1
FUN_0800ebd4	FUN_08012300	1
FUN_0800ebd4	FUN_08012398	1
FUN_0800ebd4	FUN_080123f4	1
FUN_0800ebd4	FUN_080151b8	2
FUN_0800ecc4	FUN_0800a42c	1
FUN_0800ecc4	FUN_08011574	1
FUN_0800f46c	FUN_080041cc	1
FUN_0800f46c	FUN_08007c30	2
FUN_0800f564	FUN_0800052a	1
FUN_0800f564	FUN_08001cc8	1
FUN_0800f5ac	FUN_080065b8	1
FUN_0800f5ac	FUN_0800c3dc	1
FUN_0800f5f8	FUN_0800f68c	1
FUN_0800fa4c	FUN_0800f764	2
FUN_0800fba8	FUN_080005ca	3
FUN_0800fba8	FUN_08000602	3
FUN_0800fba8	FUN_08000744	1
FUN_0800fba8	FUN_08000750	4
FUN_0800fba8	FUN_08000834	3
FUN_0800fba8	FUN_08000870	1
FUN_0800fba8	FUN_08004ca8	1
FUN_0800fba8	FUN_08008aa4	4
FUN_0800fba8	FUN_0800fa4c	3
FUN_0800fba8	FUN_080113c8	12
FUN_0800fc5c	FUN_0800c4cc	4
FUN_0800fcec	FUN_0800d130	2
FUN_0800fdf0	FUN_080004f8	1
FUN_0800fdf0	FUN_0800052a	1
FUN_0800fdf0	FUN_08000590	2
FUN_0800fdf0	FUN_080005b8	1
FUN_0800fdf0	FUN_0800af8c	4
FUN_0800fdf0	FUN_080106c8	2
FUN_0800fdf0	FUN_080122e4	1
FUN_0800ffdc	FUN_08000744	2
FUN_0800ffdc	FUN_08000834	1
FUN_0800ffdc	FUN_080008d4	6
FUN_0800ffdc	FUN_08000904	2
FUN_0800ffdc	FUN_08004af8	3
FUN_0800ffdc	FUN_08004b20	1
FUN_0800ffdc	FUN_08004b78	4
FUN_0800ffdc	FUN_08004b90	1
FUN_0800ffdc	FUN_0800af8c	3
FUN_080101d8	FUN_080004f8	1
FUN_080101d8	FUN_0800052a	2
FUN_080101d8	FUN_08000590	4
FUN_080101d8	FUN_080005b8	1
FUN_080101d8	FUN_0800af8c	6
FUN_080101d8	FUN_08010558	2
FUN_080101d8	FUN_080106c8	2
FUN_080101d8	FUN_080122e4	2
FUN_08010550	FUN_08010558	1
FUN_08010558	FUN_0800057c	1
FUN_08010558	FUN_080005b8	2
FUN_08010558	FUN_08004af8	1
FUN_08010558	FUN_0800af8c	3
FUN_080106c8	FUN_080005b8	1
FUN_080106c8	FUN_08008b80	1
FUN_080106c8	FUN_0800af8c	3
FUN_080106c8	FUN_0800fdf0	1
FUN_080106c8	FUN_0800ffdc	1
FUN_080106c8	FUN_080101d8	1
FUN_080106c8	FUN_08010550	1
FUN_08010784	FUN_0800d11a	1
FUN_08010784	FUN_0800ecc4	4
FUN_08010784	FUN_080114ba	1
FUN_08010784	FUN_080114ca	1
FUN_08010a28	FUN_08010b90	1
FUN_08010a28	FUN_08010d38	1
FUN_08010a28	FUN_08010d4c	1
FUN_08010bc8	FUN_08010a54	9
FUN_08010d70	FUN_0800a790	1
FUN_08010d70	FUN_0800adb0	3
FUN_08010d70	FUN_0800c9d8	1
FUN_08010d70	FUN_080151b8	1
FUN_08010e4c	FUN_0800ac28	1
FUN_08010e4c	FUN_0800adb0	2
FUN_08010e4c	FUN_0800c83e	1
FUN_08010e4c	FUN_0800c95c	1
FUN_08010e4c	FUN_0800c9d8	2
FUN_08010e4c	FUN_08010d70	1
FUN_08010e4c	FUN_080123f4	1
FUN_08011018	FUN_0800c5a0	1
FUN_08011018	FUN_08010784	2
FUN_080110c0	FUN_0801108c	1
FUN_080110f0	FUN_0801108c	1
FUN_08011264	FUN_0800c8ac	1
FUN_08011264	FUN_08010e4c	2
FUN_080112dc	FUN_08000590	1
FUN_080112dc	FUN_08008f24	1
FUN_080112dc	FUN_08009d90	3
FUN_080112dc	FUN_0800bd0c	1
FUN_080112dc	FUN_0800c3dc	1
FUN_080112dc	FUN_0800f5ac	1
FUN_0801137c	FUN_08007ddc	1
FUN_0801137c	FUN_08007e08	1
FUN_08011398	FUN_0800051c	1
FUN_08011398	FUN_080113c8	2
FUN_08011424	FUN_08000d32	1
FUN_08011424	FUN_08005ab8	1
FUN_08011492	FUN_080114ca	2
FUN_080114ec	FUN_0800a3ec	1
FUN_080114ec	FUN_0800a4a4	1
FUN_080114ec	FUN_0800e96a	1
FUN_080114ec	FUN_080114ba	4
FUN_080114ec	FUN_080114ca	1
FUN_080114ec	FUN_08011574	1
FUN_08011574	FUN_0800a4a4	2
FUN_080116a4	FUN_080063d8	1
FUN_080116a4	FUN_08010cb4	1
FUN_080116bc	FUN_0800636e	1
FUN_080116bc	FUN_0800638c	1
FUN_080116bc	FUN_080063c2	1
FUN_080116bc	FUN_08006408	1
FUN_080116bc	FUN_08006418	1
FUN_080116bc	FUN_0800644e	1
FUN_080116bc	FUN_0800647c	1
FUN_080116bc	FUN_080064cc	1
FUN_080116bc	FUN_080064fe	2
FUN_080116bc	FUN_08006550	1
FUN_080116bc	FUN_08010870	1
FUN_080116bc	FUN_08010cd0	1
FUN_08011730	FUN_0800646e	2
FUN_08011730	FUN_080064e4	1
FUN_0801178c	FUN_080003f4	2
FUN_0801178c	FUN_08007ddc	1
FUN_0801178c	FUN_08007e08	1
FUN_0801178c	FUN_080108d4	1
FUN_0801178c	FUN_080108e4	1
FUN_0801178c	FUN_08010b90	1
FUN_0801178c	FUN_08010bac	1
FUN_0801178c	FUN_08010bc8	1
FUN_0801178c	FUN_08010cb4	1
FUN_0801178c	FUN_08010cd0	2
FUN_0801178c	FUN_08010d24	2
FUN_0801178c	FUN_08010d38	1
FUN_0801178c	FUN_080110ac	1
FUN_0801178c	FUN_080110c0	1
FUN_0801178c	FUN_080110e0	4
FUN_0801178c	FUN_080110f0	2
FUN_0801178c	FUN_08011114	2
FUN_0801178c	FUN_08011910	1
FUN_0801178c	FUN_0801196c	1
FUN_0801178c	FUN_080119a0	1
FUN_0801178c	FUN_080119ca	1
FUN_0801178c	FUN_08011a18	1
FUN_080118e8	FUN_0801168c	1
FUN_080118e8	FUN_08011de8	1
FUN_08011910	FUN_08010d38	1
FUN_08011910	FUN_08010d4c	1
FUN_08011936	FUN_08008e38	1
FUN_08011936	FUN_08010cd0	1
FUN_08011946	FUN_0800ca10	2
FUN_08011946	FUN_0800fda8	1
FUN_08011946	FUN_0801194c	1
FUN_0801194c	FUN_0800ca10	2
FUN_0801194c	FUN_0800fda8	1
FUN_0801196c	FUN_08011dd4	1
FUN_0801196c	FUN_08011de8	1
FUN_080119a0	FUN_08010a54	1
FUN_080119a0	FUN_08010a74	1
FUN_080119a0	FUN_08010bac	1
FUN_080119ca	FUN_0800fd60	1
FUN_080119ca	FUN_080108d4	1
FUN_080119ca	FUN_080108e4	1
FUN_080119ca	FUN_08010a54	1
FUN_080119ca	FUN_08010b90	1
FUN_080119ca	FUN_08010bac	1
FUN_080119ca	FUN_08010cd0	2
FUN_08011a18	FUN_080118e8	1
FUN_08011a18	FUN_08011dd4	1
FUN_08011a3c	FUN_08000168	1
FUN_08011a3c	FUN_080003bc	1
FUN_08011a3c	FUN_08008e1c	1
FUN_08011a3c	FUN_0800ca14	3
FUN_08011a3c	FUN_0800ca22	3
FUN_08011a3c	FUN_08010a28	1
FUN_08011a3c	FUN_08010a84	1
FUN_08011a3c	FUN_08010cd0	2
FUN_08011a3c	FUN_08010d38	1
FUN_08011a3c	FUN_080116a4	1
FUN_08011a3c	FUN_080116bc	1
FUN_08011a3c	FUN_08011730	1
FUN_08011a3c	FUN_0801178c	1
FUN_08011a3c	FUN_08011936	1
FUN_08011a3c	FUN_08011946	11
FUN_08011a3c	FUN_08011b90	1
FUN_08011a3c	FUN_08011bbc	1
FUN_08011a3c	FUN_08011be0	1
FUN_08011a3c	FUN_08011dfc	1
FUN_08011b90	FUN_08011bc8	1
FUN_08011b90	FUN_08011bd4	1
FUN_08011dd4	FUN_080110ac	1
FUN_08011de8	FUN_080110c0	1
FUN_08011dfc	FUN_08007ddc	1
FUN_08011dfc	FUN_08007e08	3
FUN_08011dfc	FUN_0800c35c	1
FUN_08011dfc	FUN_0800c3ac	1
FUN_08011dfc	FUN_0800c3bc	1
FUN_08011dfc	FUN_0800fd60	1
FUN_08011dfc	FUN_080108c4	2
FUN_08011dfc	FUN_08010a54	6
FUN_08011dfc	FUN_08010cd0	2
FUN_08011dfc	FUN_0801194c	1
FUN_080120a8	FUN_08010d08	1
FUN_08012170	FUN_080121bc	1
FUN_08012170	FUN_080121c4	1
FUN_0801226c	FUN_0800f5f8	1
FUN_0801226c	FUN_0800f68c	1
FUN_080122a8	FUN_080004f8	1
FUN_080122a8	FUN_0800052a	1
FUN_080122e4	FUN_08000590	1
FUN_08012300	FUN_0800a790	1
FUN_08012398	FUN_080123f4	1
FUN_08012398	FUN_080151b8	2
FUN_08012454	FUN_08000464	1
FUN_08012454	FUN_080110ac	1
FUN_08012598	FUN_080108f4	1
FUN_080125fc	FUN_08010d08	1
FUN_080127a8	FUN_08012710	1
FUN_080127a8	FUN_08012cb0	1
FUN_080127a8	FUN_08012cdc	1
FUN_08012948	FUN_08011138	1
FUN_08012b60	FUN_08012bfc	1
FUN_08012b60	FUN_08012cb0	1
FUN_08012b60	FUN_08012cdc	1
FUN_08012b60	FUN_08012d14	1
FUN_08012bfc	FUN_08012710	1
FUN_08012d60	FUN_08012e36	1
FUN_08012d60	FUN_08012ef8	1
FUN_08012d60	FUN_08012f14	1
FUN_08012d60	FUN_080130dc	1
FUN_08012e00	FUN_0801305c	1
FUN_08012e18	FUN_080128f0	1
FUN_08012e18	FUN_0801305c	1
FUN_08012e36	FUN_080128f0	1
FUN_08012e36	FUN_0801311c	1
FUN_08012e54	FUN_0801311c	1
FUN_08012e7c	FUN_08012924	1
FUN_08012ef8	FUN_080128f0	1
FUN_08012ef8	FUN_080130dc	2
FUN_0801311c	FUN_08012924	1
FUN_08013304	FUN_08012e18	1
FUN_08013304	FUN_0801305c	1
FUN_08013304	FUN_0801311c	2
FUN_08013394	FUN_08012724	1
FUN_08013394	FUN_08012784	1
FUN_08013394	FUN_080127a8	1
FUN_08013394	FUN_08012c3c	1
FUN_08013474	FUN_08012e7c	1
FUN_08013474	FUN_08013304	1
FUN_0801351c	FUN_08013880	1
FUN_0801351c	FUN_08013a18	1
FUN_080135a0	FUN_080128f0	1
FUN_080135a0	FUN_08012cdc	1
FUN_080136a8	FUN_08012904	2
FUN_08013880	FUN_08012e36	1
FUN_08013880	FUN_0801305c	1
FUN_080138e4	FUN_08012e36	1
FUN_080138e4	FUN_08012ef8	1
FUN_08013928	FUN_08012e36	1
FUN_08013928	FUN_08012ef8	1
FUN_08013994	FUN_08012e36	1
FUN_08013994	FUN_08012ef8	1
FUN_08013a18	FUN_08012e36	1
FUN_08013a18	FUN_08012ef8	1
FUN_08013a18	FUN_080130dc	1
FUN_08013adc	FUN_08013dc6	1
FUN_08013adc	FUN_08013e4a	2
FUN_08013adc	FUN_08014d10	2
FUN_08013c2c	FUN_080129a0	1
FUN_08013c58	FUN_080129a0	1
FUN_08013cd6	FUN_0800cb0e	1
FUN_08013cf8	FUN_08011138	1
FUN_08013cf8	FUN_080111c0	1
FUN_08013cf8	FUN_08011244	3
FUN_08013cf8	FUN_08013c14	2
FUN_08013e70	FUN_0801295c	6
FUN_08014030	FUN_0801295c	7
FUN_080141d2	FUN_08012924	1
FUN_080142ec	FUN_08012924	1
FUN_08014364	FUN_08012904	1
FUN_08014518	FUN_080094ac	1
FUN_08014518	FUN_08013c9c	1
FUN_0801456c	FUN_0800cb08	1
FUN_0801456c	FUN_0800cb2a	1
FUN_080145fc	FUN_0800cb08	1
FUN_080145fc	FUN_0800cb20	4
FUN_080145fc	FUN_08014518	2
FUN_080145fc	FUN_0801456c	1
FUN_080145fc	FUN_08014fe4	7
FUN_080149dc	FUN_0800cb08	3
FUN_08014c74	FUN_0800cb08	1
FUN_08014fe4	FUN_0800cb0e	1
FUN_08015064	FUN_0800a494	1
FUN_08015098	FUN_080004f8	1
FUN_08015098	FUN_0800bfb0	1
FUN_080150d8	FUN_080004f8	1
FUN_080150d8	FUN_0800adb0	1
FUN_080150d8	FUN_0800ae90	1
FUN_080150d8	FUN_0800c30c	1
FUN_080150d8	FUN_0800e8d4	1
FUN_08015174	FUN_0800adc4	1
FUN_080151b8	FUN_0800adc4	1
FUN_080151b8	FUN_08011398	1
FUN_080151b8	FUN_08061714	2
FUN_08018464	FUN_080184c6	2
FUN_08018464	FUN_080190a8	1
FUN_08018538	FUN_080190d4	1
FUN_080186d2	FUN_080186c4	1
FUN_080186d6	FUN_080186c4	1
FUN_08018798	FUN_0801916c	1
FUN_080187d0	FUN_08018c7e	4
FUN_080187d0	FUN_08018d62	2
FUN_080187d0	FUN_08018ec4	1
FUN_080188f8	FUN_080187d0	1
FUN_080188f8	FUN_08019044	1
FUN_080188f8	FUN_0801eb94	2
FUN_08018b30	FUN_080184c6	1
FUN_08018b30	FUN_080184e4	1
FUN_08018b30	FUN_080192f0	1
FUN_08018c7e	FUN_080192f0	1
FUN_08018e88	FUN_080192f0	1
FUN_08018eaa	FUN_080192f0	1
FUN_08018ec4	FUN_080192f0	1
FUN_08018edc	FUN_080184c6	1
FUN_08018f1e	FUN_080190a8	1
FUN_08018f5c	FUN_080190a8	1
FUN_08018f8e	FUN_080184c6	1
FUN_08018f8e	FUN_080190a8	1
FUN_080190c8	FUN_080190d4	1
FUN_0801916c	FUN_080188f8	1
FUN_080191c8	FUN_080188f8	1
FUN_080191fe	FUN_080191c8	2
FUN_080192f0	FUN_080184c6	2
FUN_080192f0	FUN_080190a8	1
FUN_0801938c	FUN_080190a8	1
FUN_08019430	FUN_080188f8	1
FUN_08019430	FUN_08061714	1
FUN_0801980c	FUN_080186d2	1
FUN_0801980c	FUN_080199c8	1
FUN_080198f0	FUN_0801c538	2
FUN_08019990	FUN_080198f0	1
FUN_080199c8	FUN_080186d2	1
FUN_080199d4	FUN_080186d2	1
FUN_08019a04	FUN_0801980c	1
FUN_08019a04	FUN_08019f94	1
FUN_08019a04	FUN_0801a090	2
FUN_08019a04	FUN_0801a100	2
FUN_08019a04	FUN_0801aeb4	1
FUN_08019a04	FUN_0801b07c	1
FUN_08019b1c	FUN_08019858	1
FUN_08019b1c	FUN_08019990	1
FUN_08019b1c	FUN_0801ae6c	2
FUN_08019b1c	FUN_0801af84	1
FUN_08019b1c	FUN_0801afd4	1
FUN_08019b1c	FUN_0801b1f8	1
FUN_08019b1c	FUN_0801b3ec	1
FUN_08019b1c	FUN_0801bc58	1
FUN_08019b1c	FUN_0801d050	1
FUN_08019b1c	FUN_0801d40c	1
FUN_08019f94	FUN_08019860	1
FUN_08019f94	FUN_08019880	1
FUN_08019f94	FUN_0801a18c	1
FUN_08019f94	FUN_0801a220	1
FUN_08019f94	FUN_0801af84	1
FUN_08019f94	FUN_0801afd4	1
FUN_08019f94	FUN_0801b014	1
FUN_0801a090	FUN_080186d2	1
FUN_0801a2c4	FUN_0801c16c	1
FUN_0801a2c4	FUN_0801cf0c	15
FUN_0801a2c4	FUN_0801cf24	18
FUN_0801a2c4	FUN_0801d050	6
FUN_0801a2c4	FUN_0801d100	3
FUN_0801a2c4	FUN_0801d45c	4
FUN_0801ae6c	FUN_0801a2c4	1
FUN_0801aeb4	FUN_080186d2	1
FUN_0801aeb4	FUN_080199d4	1
FUN_0801b080	FUN_0801bc80	1
FUN_0801b080	FUN_0801bf9c	2
FUN_0801b080	FUN_0801cf48	1
FUN_0801b080	FUN_0801d000	1
FUN_0801b080	FUN_0801d380	1
FUN_0801b1f8	FUN_0801b080	1
FUN_0801b21c	FUN_0801bf9c	1
FUN_0801b21c	FUN_0801c200	1
FUN_0801b21c	FUN_0801c8b4	1
FUN_0801b21c	FUN_0801cf48	2
FUN_0801b3ec	FUN_0801b21c	1
FUN_0801b438	FUN_0801bc80	1
FUN_0801b438	FUN_0801bf9c	2
FUN_0801b438	FUN_0801c200	3
FUN_0801b438	FUN_0801c724	2
FUN_0801b438	FUN_0801c78c	2
FUN_0801b438	FUN_0801c850	1
FUN_0801b438	FUN_0801c8b4	2
FUN_0801b438	FUN_0801cf30	1
FUN_0801b438	FUN_0801cf48	2
FUN_0801b438	FUN_0801d000	4
FUN_0801b438	FUN_0801d050	3
FUN_0801bc58	FUN_0801b438	1
FUN_0801bc80	FUN_0801cbd0	1
FUN_0801bc80	FUN_0801cf24	1
FUN_0801c16c	FUN_0801cf24	9
FUN_0801c538	FUN_0801c3f8	3
FUN_0801c700	FUN_08019a04	1
FUN_0801c714	FUN_08019b1c	1
FUN_0801c724	FUN_0801c850	1
FUN_0801c724	FUN_0801cf18	6
FUN_0801c724	FUN_0801d2ec	1
FUN_0801c78c	FUN_0801c850	2
FUN_0801c78c	FUN_0801cf18	12
FUN_0801c78c	FUN_0801d2ec	1
FUN_0801c8b4	FUN_08011a3c	1
FUN_0801c8b4	FUN_0801cb54	1
FUN_0801c8b4	FUN_0801ccd8	1
FUN_0801c8b4	FUN_0801cf48	1
FUN_0801c8b4	FUN_0801d0a0	1
FUN_0801c8b4	FUN_0801d23c	1
FUN_0801cb54	FUN_0801cf18	4
FUN_0801cbd0	FUN_0801cdd0	1
FUN_0801cf48	FUN_0801cf24	16
FUN_0801d000	FUN_0801cf48	2
FUN_0801d050	FUN_0801cf48	2
FUN_0801d0a0	FUN_0801cf18	4
FUN_0801d23c	FUN_0801ccd8	1
FUN_0801d2ec	FUN_0801ccd8	1
FUN_0801d380	FUN_0801c850	1
FUN_0801d380	FUN_0801c8b4	1
FUN_0801d380	FUN_0801cf18	6
FUN_0801d380	FUN_0801d2ec	1
FUN_0801d40c	FUN_0801cf18	6
FUN_0801d45c	FUN_0801cdd0	2
FUN_0801d45c	FUN_0801cf0c	26
FUN_0801d7c0	FUN_0803ca28	1
FUN_0801d7c0	FUN_0803ca34	1
FUN_0801d7f0	FUN_0803ca28	1
FUN_0801d7f0	FUN_0803ca34	1
FUN_0801d818	FUN_0803ca28	1
FUN_0801d818	FUN_0803ca34	1
FUN_0801d9d8	FUN_0801da10	1
FUN_0801d9d8	FUN_0801de94	1
FUN_0801da10	FUN_0801defc	2
FUN_0801da10	FUN_0801df12	1
FUN_0801da10	FUN_0801df6c	1
FUN_0801da6c	FUN_08018724	1
FUN_0801da6c	FUN_0801d9d8	1
FUN_0801da86	FUN_080186d2	1
FUN_0801da86	FUN_0801da6c	1
FUN_0801da86	FUN_0801e034	1
FUN_0801dacc	FUN_0806c518	1
FUN_0801dacc	FUN_0806c650	1
FUN_0801dacc	FUN_0807ed8c	1
FUN_0801dc14	FUN_0803cad6	1
FUN_0801dc14	FUN_0805ef54	2
FUN_0801dc14	FUN_08082e34	2
FUN_0801dc14	FUN_08083162	1
FUN_0801dc14	FUN_08083178	1
FUN_0801dc14	FUN_080831c6	2
FUN_0801dc14	FUN_080831da	3
FUN_0801dccc	FUN_08082e34	1
FUN_0801dccc	FUN_08083162	1
FUN_0801dccc	FUN_08083178	1
FUN_0801dccc	FUN_080831c6	1
FUN_0801dccc	FUN_080831da	1
FUN_0801ddc4	FUN_08021f9c	2
FUN_0801ddc4	FUN_0803cad6	1
FUN_0801ddc4	FUN_08082e34	2
FUN_0801ddc4	FUN_08083162	1
FUN_0801ddc4	FUN_08083178	1
FUN_0801ddc4	FUN_080831c6	2
FUN_0801ddc4	FUN_080831da	3
FUN_0801de94	FUN_08018768	2
FUN_0801df12	FUN_0801869c	1
FUN_0801df6c	FUN_0801869c	3
FUN_0801dfb0	FUN_0801eba4	1
FUN_0801dfe0	FUN_0801eba4	1
FUN_0801dfe0	FUN_0801f2e8	1
FUN_0801e008	FUN_0801eba4	1
FUN_0801e034	FUN_0801eba4	1
FUN_0801e034	FUN_0801f2e8	1
FUN_0801e0dc	FUN_0801e058	1
FUN_0801e0dc	FUN_0801e880	1
FUN_0801e0dc	FUN_0801ea04	1
FUN_0801e0dc	FUN_0807de34	1
FUN_0801e208	FUN_0801e058	1
FUN_0801e208	FUN_0801e880	1
FUN_0801e458	FUN_0801e058	1
FUN_0801e458	FUN_0801e880	1
FUN_0801e5b8	FUN_0801938c	1
FUN_0801e5b8	FUN_0801ea04	1
FUN_0801e632	FUN_0801ea04	1
FUN_0801e670	FUN_080191fe	1
FUN_0801e698	FUN_0801e058	1
FUN_0801e698	FUN_0801e880	1
FUN_0801e698	FUN_0801e890	1
FUN_0801e698	FUN_0801ea04	1
FUN_0801e814	FUN_0805c214	1
FUN_0801ea10	FUN_08018464	1
FUN_0801ea10	FUN_08018b30	1
FUN_0801ea10	FUN_08018c7e	4
FUN_0801ea10	FUN_08018d62	2
FUN_0801ea10	FUN_08018f8e	1
FUN_0801ea10	FUN_08019014	1
FUN_0801eba4	FUN_08018464	1
FUN_0801eba4	FUN_0801907c	1
FUN_0801eba4	FUN_0801ea10	3
FUN_0801eba4	FUN_0801f280	1
FUN_0801eba4	FUN_0801f2a4	5
FUN_0801f2f4	FUN_08048adc	1
FUN_0801f2f4	FUN_080534f8	1
FUN_0801f2f4	FUN_08053558	4
FUN_0801f2f4	FUN_08053608	1
FUN_0801f2f4	FUN_08062cb4	1
FUN_0801f2f4	FUN_0806c77c	8
FUN_0801f2f4	FUN_0807dd88	1
FUN_0801f2f4	FUN_0807dd9c	1
FUN_0801f2f4	FUN_0807dde2	1
FUN_0801f2f4	FUN_0807f3f8	1
FUN_0801f2f4	FUN_0807f7cc	1
FUN_0801f2f4	FUN_0807f7d8	1
FUN_0801f2f4	FUN_08084348	1
FUN_0801f4a8	FUN_080534fc	1
FUN_0801f4b8	FUN_0808408c	1
FUN_0801f4c6	FUN_0808408c	1
FUN_0801f4dc	FUN_0808408c	1
FUN_0801f70a	FUN_08018b30	3
FUN_0801f70a	FUN_08018c7e	5
FUN_0801f70a	FUN_08018eaa	2
FUN_0801f70a	FUN_0807152c	2
FUN_0801f70a	FUN_080715a2	2
FUN_0801f70a	FUN_0807164c	2
FUN_0801f818	FUN_0801869c	1
FUN_0801f818	FUN_0801fa86	1
FUN_0801f818	FUN_08034ff4	2
FUN_0801f818	FUN_0803c962	2
FUN_0801f87c	FUN_0801869c	1
FUN_0801f87c	FUN_0801fa86	1
FUN_0801f87c	FUN_08034ff4	2
FUN_0801f87c	FUN_0803c962	2
FUN_0801fb80	FUN_0801869c	1
FUN_0801fb80	FUN_080241d0	1
FUN_0801fb80	FUN_08048adc	3
FUN_0801feee	FUN_080240ec	1
FUN_0801ffdc	FUN_080186c4	1
FUN_0801ffdc	FUN_080483d6	1
FUN_08020000	FUN_0807dd98	1
FUN_08020000	FUN_0807ddd8	1
FUN_08020164	FUN_08048adc	1
FUN_08020258	FUN_08071fb4	3
FUN_080202f8	FUN_08048adc	1
FUN_080202f8	FUN_0807162c	1
FUN_080203ac	FUN_08048adc	1
FUN_080203ac	FUN_080494f8	1
FUN_080203ac	FUN_0804c320	1
FUN_08020520	FUN_08048adc	1
FUN_08020678	FUN_08048adc	3
FUN_08020878	FUN_08020666	5
FUN_08020878	FUN_08048adc	4
FUN_08020cf4	FUN_08020520	1
FUN_08020cf4	FUN_0803c868	1
FUN_08020cf4	FUN_0808340c	1
FUN_08020cf4	FUN_08083478	1
FUN_08020d5c	FUN_08020520	1
FUN_08020d5c	FUN_0803c868	1
FUN_08020d5c	FUN_0808340c	1
FUN_08020d5c	FUN_08083478	1
FUN_08020e54	FUN_0801f8e0	1
FUN_08020e54	FUN_0801fa86	1
FUN_08020e54	FUN_0802440c	1
FUN_08020e54	FUN_08048adc	3
FUN_08020e54	FUN_08074da0	1
FUN_08020e54	FUN_0807e00c	1
FUN_08020e54	FUN_08083610	2
FUN_08021020	FUN_0801f8e0	1
FUN_08021020	FUN_0801fa86	1
FUN_08021020	FUN_08024788	1
FUN_08021020	FUN_08048adc	3
FUN_08021020	FUN_08074de4	1
FUN_08021020	FUN_0807e050	1
FUN_08021020	FUN_08083610	2
FUN_080211f0	FUN_080534f8	1
FUN_080211f0	FUN_080534fc	1
FUN_080211f0	FUN_08053558	4
FUN_080211f0	FUN_0808319a	4
FUN_080211f0	FUN_080831b0	2
FUN_080211f0	FUN_080831c6	6
FUN_080212d8	FUN_080534f8	1
FUN_080212d8	FUN_080534fc	1
FUN_080212d8	FUN_08053558	4
FUN_080212d8	FUN_0808319a	4
FUN_080212d8	FUN_080831b0	2
FUN_080212d8	FUN_080831c6	6
FUN_080213c0	FUN_080534f8	1
FUN_080213c0	FUN_08053558	2
FUN_080213c0	FUN_08053608	1
FUN_080213c0	FUN_0806c77c	3
FUN_080213c0	FUN_08082bf4	1
FUN_080213c0	FUN_08082e44	1
FUN_080213c0	FUN_0808318e	1
FUN_080213c0	FUN_08083208	1
FUN_080213c0	FUN_08083218	1
FUN_080213c0	FUN_08083224	1
FUN_080213c0	FUN_08083234	1
FUN_080213c0	FUN_08083240	1
FUN_080213c0	FUN_08083610	1
FUN_08021468	FUN_080534f8	1
FUN_08021468	FUN_08053558	2
FUN_08021468	FUN_08053608	1
FUN_08021468	FUN_0806c77c	3
FUN_08021468	FUN_08082bf4	1
FUN_08021468	FUN_08082e44	1
FUN_08021468	FUN_0808318e	1
FUN_08021468	FUN_08083208	1
FUN_08021468	FUN_08083218	1
FUN_08021468	FUN_08083224	1
FUN_08021468	FUN_08083234	1
FUN_08021468	FUN_08083240	1
FUN_08021468	FUN_08083610	1
FUN_08021510	FUN_080211f0	1
FUN_08021510	FUN_08082e34	4
FUN_08021510	FUN_08082e3c	1
FUN_08021510	FUN_08083162	1
FUN_08021510	FUN_08083178	1
FUN_08021510	FUN_0808319a	3
FUN_08021510	FUN_080831c6	2
FUN_08021510	FUN_080831da	3
FUN_0802167c	FUN_080212d8	1
FUN_0802167c	FUN_08082e34	4
FUN_0802167c	FUN_08082e3c	1
FUN_0802167c	FUN_08083162	1
FUN_0802167c	FUN_08083178	1
FUN_0802167c	FUN_0808319a	3
FUN_0802167c	FUN_080831c6	2
FUN_0802167c	FUN_080831da	3
FUN_080217e8	FUN_0801f8fe	1
FUN_080217e8	FUN_0801f934	1
FUN_080217e8	FUN_0801f948	1
FUN_080217e8	FUN_0801f980	1
FUN_080217e8	FUN_0801f98a	1
FUN_080217e8	FUN_0801f99a	1
FUN_080217e8	FUN_0801f9d0	1
FUN_080217e8	FUN_0801f9f0	1
FUN_080217e8	FUN_0801fa08	5
FUN_080217e8	FUN_0801faa0	2
FUN_080217e8	FUN_0801faf4	1
FUN_080217e8	FUN_0803c8cc	1
FUN_080217e8	FUN_0803c90c	1
FUN_080217e8	FUN_0803c92c	1
FUN_080217e8	FUN_0803c970	1
FUN_080217e8	FUN_0803ca7e	1
FUN_080217e8	FUN_0806c494	1
FUN_080217e8	FUN_0806c77c	2
FUN_08021914	FUN_0801f8fe	1
FUN_08021914	FUN_0801f934	1
FUN_08021914	FUN_0801f948	1
FUN_08021914	FUN_0801f980	1
FUN_08021914	FUN_0801f98a	1
FUN_08021914	FUN_0801f99a	1
FUN_08021914	FUN_0801f9d0	1
FUN_08021914	FUN_0801f9f0	1
FUN_08021914	FUN_0801fa08	8
FUN_08021914	FUN_0801faa0	2
FUN_08021914	FUN_0801faf4	1
FUN_08021914	FUN_0803c8cc	1
FUN_08021914	FUN_0803c90c	1
FUN_08021914	FUN_0803c92c	1
FUN_08021914	FUN_0803c970	1
FUN_08021914	FUN_0803ca7e	1
FUN_08021914	FUN_0806c494	1
FUN_08021914	FUN_0806c77c	2
FUN_08021af4	FUN_08053558	6
FUN_08021af4	FUN_0806c77c	6
FUN_08021bb4	FUN_08023f80	6
FUN_08021bb4	FUN_08048adc	3
FUN_08021bb4	FUN_080764fc	1
FUN_08021bb4	FUN_080765f8	1
FUN_08021f9c	FUN_080186d2	1
FUN_08021f9c	FUN_0803c8ac	1
FUN_08021f9c	FUN_0803c8cc	1
FUN_08021f9c	FUN_0803cab8	1
FUN_08021f9c	FUN_080831c6	1
FUN_08022000	FUN_08020000	1
FUN_08022000	FUN_08034fe8	1
FUN_08022000	FUN_080493f8	1
FUN_08022000	FUN_0804bca0	1
FUN_08022000	FUN_0806cc24	1
FUN_08022064	FUN_08048adc	1
FUN_08022064	FUN_0804d0f0	1
FUN_08022064	FUN_08083610	3
FUN_08022064	FUN_08083744	1
FUN_0802244c	FUN_08018eaa	1
FUN_0802244c	FUN_08023dd4	2
FUN_0802244c	FUN_08023e60	2
FUN_0802244c	FUN_08023ed8	1
FUN_0802244c	FUN_08023f38	1
FUN_0802244c	FUN_080240d4	1
FUN_0802244c	FUN_080240e0	1
FUN_0802244c	FUN_08048adc	1
FUN_0802244c	FUN_0804f560	1
FUN_08022828	FUN_0806c508	1
FUN_08022938	FUN_08048adc	1
FUN_08022938	FUN_0804cd64	1
FUN_08022a80	FUN_0801f4c6	2
FUN_08022a80	FUN_08048adc	2
FUN_08022bc0	FUN_080534fc	1
FUN_08022bc0	FUN_08053558	4
FUN_08022bc0	FUN_08053608	1
FUN_08022bc0	FUN_0806c77c	5
FUN_08022c3c	FUN_080534fc	2
FUN_08022c3c	FUN_08053558	5
FUN_08022c3c	FUN_08053608	1
FUN_08022c3c	FUN_0806c77c	6
FUN_08022dc8	FUN_0801f4b8	1
FUN_08022dc8	FUN_08022a80	2
FUN_08022dc8	FUN_08048adc	1
FUN_08022dc8	FUN_0807f696	2
FUN_08022e44	FUN_0804ec20	2
FUN_08022e44	FUN_0807f402	2
FUN_08022ed0	FUN_0804ec20	2
FUN_08022ed0	FUN_0807f402	2
FUN_08022f5c	FUN_0804ec20	1
FUN_08022f94	FUN_0804ec20	1
FUN_08022fe4	FUN_08048adc	2
FUN_080231e0	FUN_08048adc	1
FUN_080231e0	FUN_0804d708	1
FUN_0802349c	FUN_08053558	5
FUN_0802349c	FUN_0806c77c	7
FUN_08023520	FUN_08053d4c	1
FUN_08023520	FUN_08053d60	1
FUN_08023520	FUN_08053e68	1
FUN_08023520	FUN_08053e98	1
FUN_08023520	FUN_0805407c	1
FUN_0802355c	FUN_08053d4c	2
FUN_0802355c	FUN_08053e5c	1
FUN_0802355c	FUN_08053e62	1
FUN_0802355c	FUN_08053ea2	3
FUN_0802355c	FUN_08053ec6	7
FUN_0802355c	FUN_08053edc	2
FUN_0802355c	FUN_0805409e	2
FUN_0802355c	FUN_080540a8	1
FUN_0802355c	FUN_080545dc	1
FUN_080236cc	FUN_08053e62	2
FUN_080236cc	FUN_08053ea2	1
FUN_080236cc	FUN_08053ec6	6
FUN_080236cc	FUN_08053edc	1
FUN_080236cc	FUN_0805409e	1
FUN_080236cc	FUN_080540a8	1
FUN_080236cc	FUN_080545dc	1
FUN_08023ab0	FUN_080534fc	1
FUN_08023ab0	FUN_0807f696	1
FUN_08023d58	FUN_08018eaa	1
FUN_08023d58	FUN_08023dd4	2
FUN_08023d58	FUN_08023e60	2
FUN_08023d58	FUN_08023ed8	1
FUN_08023d58	FUN_08023f38	1
FUN_08023d58	FUN_080240d4	1
FUN_08023d58	FUN_080240e0	1
FUN_08023d58	FUN_0804da88	1
FUN_08023dd4	FUN_0801feee	1
FUN_08023de8	FUN_0801feee	1
FUN_08023de8	FUN_08023e60	1
FUN_08023de8	FUN_08023f38	1
FUN_08023e18	FUN_0801feee	1
FUN_08023e18	FUN_08023ef0	1
FUN_08023e18	FUN_08023f38	1
FUN_08023e48	FUN_08023fd0	1
FUN_08023e60	FUN_08018f1e	1
FUN_08023e60	FUN_08018fe4	1
FUN_08023e60	FUN_08019014	1
FUN_08023e60	FUN_08023fd0	1
FUN_08023ed8	FUN_08023fd0	1
FUN_08023ef0	FUN_08023f38	1
FUN_08023ef0	FUN_08023fd0	1
FUN_08023ef0	FUN_080240ec	1
FUN_08023f20	FUN_08023fd0	1
FUN_08023f80	FUN_08018508	4
FUN_08023fd0	FUN_080186d2	1
FUN_08023fe6	FUN_080186d2	1
FUN_08023fe6	FUN_08018724	1
FUN_08023fe6	FUN_0801877a	1
FUN_08023fe6	FUN_08023c9c	1
FUN_08023fe6	FUN_08023f38	1
FUN_08023fe6	FUN_08023fd0	1
FUN_08023fe6	FUN_08063b64	1
FUN_080240d4	FUN_0801869c	1
FUN_080240d4	FUN_080186d2	1
FUN_080240d4	FUN_08065370	1
FUN_080240d4	FUN_080810c4	1
FUN_080240ec	FUN_0801869c	1
FUN_080240ec	FUN_08018724	1
FUN_08024114	FUN_08048adc	1
FUN_08024114	FUN_0804c7c0	1
FUN_08024200	FUN_08048adc	2
FUN_08024200	FUN_0804eb08	3
FUN_08024200	FUN_0805fef4	1
FUN_08024200	FUN_08062aa0	1
FUN_08024200	FUN_08062b10	1
FUN_08024200	FUN_0806d0d4	1
FUN_08024328	FUN_08048adc	2
FUN_08024328	FUN_08050578	3
FUN_08024328	FUN_080529f0	1
FUN_08024328	FUN_08052d34	1
FUN_08024328	FUN_08065440	1
FUN_0802440c	FUN_0802ab98	1
FUN_0802440c	FUN_08048adc	3
FUN_0802440c	FUN_08074da0	2
FUN_0802440c	FUN_0808340c	1
FUN_0802440c	FUN_08083478	1
FUN_0802440c	FUN_08083610	1
FUN_08024788	FUN_0802ab98	1
FUN_08024788	FUN_08048adc	3
FUN_08024788	FUN_08074de4	2
FUN_08024788	FUN_0808340c	1
FUN_08024788	FUN_08083478	1
FUN_08024788	FUN_08083610	1
FUN_08024b04	FUN_08048adc	1
FUN_08024e14	FUN_08018fbe	2
FUN_08024e14	FUN_08048adc	2
FUN_0802525c	FUN_08018c7e	5
FUN_0802525c	FUN_08018fbe	5
FUN_0802525c	FUN_08019044	2
FUN_0802525c	FUN_08048adc	1
FUN_0802525c	FUN_0807164c	3
FUN_080253e0	FUN_08018c7e	1
FUN_080253e0	FUN_08018d62	1
FUN_080253e0	FUN_08018fbe	1
FUN_080253e0	FUN_08018fe4	1
FUN_080253e0	FUN_08019044	1
FUN_080253e0	FUN_0807152c	2
FUN_080253e0	FUN_0807164c	1
FUN_08025564	FUN_08024e14	1
FUN_08025598	FUN_08048adc	1
FUN_080256e4	FUN_08018fbe	1
FUN_080256e4	FUN_08048adc	2
FUN_080256e4	FUN_0804bd94	1
FUN_080256e4	FUN_0804cc04	1
FUN_08025908	FUN_08048adc	1
FUN_08025be0	FUN_08025c70	1
FUN_08025be0	FUN_0805034c	1
FUN_08025be0	FUN_08051c04	1
FUN_08025be0	FUN_080784bc	1
FUN_08025be0	FUN_0807976c	2
FUN_08025c16	FUN_08025c70	1
FUN_08025c16	FUN_0805034c	1
FUN_08025c16	FUN_08051c04	1
FUN_08025c16	FUN_0807976c	2
FUN_08025c48	FUN_08025c70	1
FUN_08025c48	FUN_0805034c	1
FUN_08025c90	FUN_08025c70	3
FUN_08025c90	FUN_08048adc	3
FUN_08025fd4	FUN_08025be0	4
FUN_08025fd4	FUN_08025c16	6
FUN_08025fd4	FUN_08025c90	1
FUN_08025fd4	FUN_08048adc	4
FUN_08025fd4	FUN_0804dbb0	2
FUN_08025fd4	FUN_0804e2b4	1
FUN_08025fd4	FUN_0804e3d4	2
FUN_08025fd4	FUN_08050578	3
FUN_08025fd4	FUN_080529f0	1
FUN_08025fd4	FUN_08076a38	1
FUN_080265dc	FUN_08025be0	1
FUN_080265dc	FUN_08025c16	1
FUN_080265dc	FUN_080267f8	1
FUN_080265dc	FUN_08048adc	1
FUN_080266b4	FUN_0808340c	1
FUN_080266b4	FUN_08083478	1
FUN_080267f8	FUN_08025c70	2
FUN_080267f8	FUN_08025c80	1
FUN_080267f8	FUN_08048adc	1
FUN_080267f8	FUN_08051f2c	2
FUN_08026b00	FUN_0803b6a8	1
FUN_08026b44	FUN_08018fbe	8
FUN_08026b44	FUN_08024e14	1
FUN_08026b44	FUN_08048adc	3
FUN_08026b44	FUN_08079064	1
FUN_08026b44	FUN_08079118	1
FUN_08026d7c	FUN_080534f8	2
FUN_08026d7c	FUN_08053558	2
FUN_08026d7c	FUN_0806c77c	2
FUN_08026ea8	FUN_08048adc	2
FUN_08026ea8	FUN_08050578	5
FUN_08026ea8	FUN_08052ed8	1
FUN_080270a8	FUN_08028910	3
FUN_080270a8	FUN_08048adc	5
FUN_080270a8	FUN_0804d6d4	1
FUN_080270a8	FUN_0804f758	3
FUN_080270a8	FUN_0805034c	3
FUN_080270a8	FUN_08050c6c	1
FUN_080270a8	FUN_08050d7c	1
FUN_080270a8	FUN_08052d34	1
FUN_080270a8	FUN_0805deec	2
FUN_080270a8	FUN_0805df08	1
FUN_080270a8	FUN_0807976c	4
FUN_080270a8	FUN_08083d9c	6
FUN_0802775c	FUN_08048adc	3
FUN_0802775c	FUN_08050578	2
FUN_080279ac	FUN_08048adc	2
FUN_08027c48	FUN_08048adc	3
FUN_08027c48	FUN_0804fe38	1
FUN_08027c48	FUN_08050f28	1
FUN_08027c48	FUN_080513d8	1
FUN_08027e1c	FUN_08048adc	1
FUN_08027e1c	FUN_08051c04	2
FUN_08027e1c	FUN_0805de10	1
FUN_08027e1c	FUN_0805deb8	1
FUN_08027e1c	FUN_0805deec	1
FUN_08027e1c	FUN_0805df08	1
FUN_08027e1c	FUN_0805e140	1
FUN_08027ff8	FUN_08048adc	3
FUN_080281f0	FUN_08051f2c	2
FUN_0802829c	FUN_08023f38	1
FUN_0802829c	FUN_08023fe6	1
FUN_0802829c	FUN_08047f54	1
FUN_0802829c	FUN_080480b4	3
FUN_0802829c	FUN_080484e4	1
FUN_0802829c	FUN_08048adc	5
FUN_0802829c	FUN_08071614	1
FUN_0802829c	FUN_08071620	1
FUN_0802829c	FUN_08076b2c	1
FUN_080286ec	FUN_08048adc	1
FUN_080286ec	FUN_08084c50	1
FUN_080287a4	FUN_08048adc	1
FUN_080287a4	FUN_0804d6d4	1
FUN_080287a4	FUN_08076a38	1
FUN_08028944	FUN_0802fffe	1
FUN_08028944	FUN_0804b9fc	1
FUN_08028970	FUN_0802b6fc	2
FUN_08028970	FUN_08034fcc	4
FUN_08028970	FUN_08048adc	3
FUN_08028970	FUN_080494f8	1
FUN_08028970	FUN_0804be36	1
FUN_08028970	FUN_0804c8a2	1
FUN_08028c4c	FUN_08051c04	2
FUN_08028c4c	FUN_08051f2c	1
FUN_08028c70	FUN_08048adc	6
FUN_08028f04	FUN_0804d20c	1
FUN_08028f04	FUN_0804e4b8	1
FUN_08028f04	FUN_0804f4c4	1
FUN_08028f64	FUN_08029218	2
FUN_08028f64	FUN_080494f8	2
FUN_08028f64	FUN_0805e182	2
FUN_08029174	FUN_080292e8	2
FUN_08029174	FUN_08084a18	1
FUN_080291bc	FUN_08029218	1
FUN_08029218	FUN_08071614	2
FUN_0802924c	FUN_08048adc	1
FUN_0802924c	FUN_08079118	1
FUN_080292e8	FUN_080291bc	1
FUN_080292e8	FUN_08029218	2
FUN_080292e8	FUN_0806e918	1
FUN_08029340	FUN_08029450	1
FUN_08029340	FUN_0802a0ac	2
FUN_08029340	FUN_0805c75e	1
FUN_08029340	FUN_0805c7e8	1
FUN_08029340	FUN_0805c8b6	1
FUN_08029340	FUN_0805c8f6	1
FUN_08029340	FUN_0805ca30	1
FUN_08029340	FUN_0805cba8	1
FUN_08029340	FUN_0805d66c	2
FUN_08029340	FUN_0805da80	4
FUN_08029340	FUN_0805da8e	2
FUN_08029340	FUN_0805daa8	4
FUN_08029450	FUN_080294a4	2
FUN_08029450	FUN_0805c5d4	2
FUN_080294c0	FUN_08029518	1
FUN_080294c0	FUN_0804ded4	1
FUN_08029518	FUN_08018e6c	1
FUN_08029518	FUN_0804d860	3
FUN_08029518	FUN_0804df48	3
FUN_08029648	FUN_08048adc	1
FUN_080297c0	FUN_0801816a	1
FUN_080297c0	FUN_08018170	1
FUN_080297c0	FUN_0804d77c	1
FUN_08029890	FUN_0801816a	1
FUN_08029890	FUN_0801869c	1
FUN_08029890	FUN_08029b38	1
FUN_08029890	FUN_08048604	1
FUN_08029890	FUN_08048adc	7
FUN_08029890	FUN_080498e8	1
FUN_08029890	FUN_0804da88	1
FUN_08029890	FUN_0806479c	1
FUN_08029890	FUN_0807dd60	1
FUN_08029890	FUN_08083830	2
FUN_08029b38	FUN_08048adc	1
FUN_08029bb4	FUN_0801870c	3
FUN_08029bb4	FUN_08048adc	1
FUN_08029d48	FUN_08018fbe	2
FUN_08029d48	FUN_08048adc	1
FUN_08029d48	FUN_08071620	1
FUN_08029f04	FUN_08018fbe	2
FUN_08029f04	FUN_08048adc	3
FUN_0802a0ac	FUN_08018e6c	1
FUN_0802a0ac	FUN_0804f334	3
FUN_0802a0ac	FUN_0805cd06	2
FUN_0802a0ac	FUN_0805d1e4	2
FUN_0802a0ac	FUN_0805da8e	1
FUN_0802a2fc	FUN_08020678	1
FUN_0802a2fc	FUN_08020878	1
FUN_0802a2fc	FUN_08048adc	1
FUN_0802a2fc	FUN_0807d330	1
FUN_0802a3d0	FUN_08048adc	1
FUN_0802a3d0	FUN_08062980	1
FUN_0802a3d0	FUN_0806299a	10
FUN_0802a3d0	FUN_08083610	12
FUN_0802a708	FUN_080483f4	1
FUN_0802a708	FUN_08048adc	1
FUN_0802a708	FUN_08050578	1
FUN_0802a80c	FUN_08048adc	1
FUN_0802a80c	FUN_08050578	1
FUN_0802aa48	FUN_08029340	1
FUN_0802aa48	FUN_0805c8f6	1
FUN_0802aa48	FUN_0805ca30	1
FUN_0802aa48	FUN_0805d74e	1
FUN_0802aa48	FUN_0805d7a6	1
FUN_0802aa48	FUN_0805da20	1
FUN_0802aa48	FUN_0805da50	1
FUN_0802aaa4	FUN_080630e4	1
FUN_0802aab0	FUN_08049830	1
FUN_0802aab0	FUN_080498b8	1
FUN_0802aab0	FUN_08053500	1
FUN_0802aab0	FUN_08053558	1
FUN_0802aab0	FUN_0806c77c	1
FUN_0802aaf0	FUN_080534fc	1
FUN_0802aaf0	FUN_08053558	1
FUN_0802aaf0	FUN_0806c77c	1
FUN_0802ab34	FUN_0803b6a8	1
FUN_0802ab34	FUN_08048adc	1
FUN_0802ab34	FUN_080494f8	1
FUN_0802ab34	FUN_0805e176	1
FUN_0802abf4	FUN_08048adc	1
FUN_0802abf4	FUN_08071620	2
FUN_0802ad88	FUN_08071620	2
FUN_0802ae18	FUN_08071620	2
FUN_0802af38	FUN_08071620	2
FUN_0802afb4	FUN_08071620	2
FUN_0802b038	FUN_08071620	2
FUN_0802b094	FUN_08071620	2
FUN_0802b12c	FUN_08071620	2
FUN_0802b1dc	FUN_08071620	2
FUN_0802b240	FUN_08071620	2
FUN_0802b310	FUN_08071620	2
FUN_0802b3e0	FUN_080186c4	1
FUN_0802b3e0	FUN_08018724	2
FUN_0802b3e0	FUN_0801ffdc	2
FUN_0802b3e0	FUN_0802fffe	2
FUN_0802b3e0	FUN_08047e80	3
FUN_0802b3e0	FUN_080483d6	1
FUN_0802b3e0	FUN_080630b0	1
FUN_0802b3e0	FUN_08080974	1
FUN_0802b3e0	FUN_0808232c	1
FUN_0802b3e0	FUN_08082388	1
FUN_0802b3e0	FUN_080841b0	2
FUN_0802b564	FUN_08048adc	1
FUN_0802b564	FUN_08071620	2
FUN_0802b6fc	FUN_0807162c	1
FUN_0802b71c	FUN_08071620	2
FUN_0802b7a0	FUN_08071620	2
FUN_0802b868	FUN_08048adc	4
FUN_0802bce4	FUN_080784bc	1
FUN_0802bce4	FUN_0807976c	1
FUN_0802bd10	FUN_08078b18	1
FUN_0802bd10	FUN_0807976c	1
FUN_0802bd4c	FUN_0802bce4	1
FUN_0802bd4c	FUN_08048adc	1
FUN_0802bd4c	FUN_0805034c	2
FUN_0802bd4c	FUN_080530c4	8
FUN_0802c05c	FUN_0802bce4	1
FUN_0802c05c	FUN_08048adc	1
FUN_0802c05c	FUN_0805034c	2
FUN_0802c05c	FUN_080530c4	4
FUN_0802c1c8	FUN_0802c8e4	1
FUN_0802c1c8	FUN_0804e3e0	1
FUN_0802c1c8	FUN_0804f2c8	1
FUN_0802c1c8	FUN_0805e140	2
FUN_0802c1c8	FUN_080718a0	1
FUN_0802c424	FUN_08048adc	2
FUN_0802c424	FUN_0804f2ee	5
FUN_0802c424	FUN_0805db98	2
FUN_0802c69c	FUN_08048adc	1
FUN_0802c69c	FUN_0804f2c8	2
FUN_0802c69c	FUN_0804f2ee	6
FUN_0802c69c	FUN_0805104c	4
FUN_0802c69c	FUN_0805db98	5
FUN_0802f97c	FUN_08048adc	1
FUN_0802fa0c	FUN_08048adc	1
FUN_0802fa90	FUN_0802bce4	3
FUN_0802fa90	FUN_08048adc	3
FUN_0802fa90	FUN_08050c6c	1
FUN_0802fa90	FUN_08051f2c	2
FUN_0802fa90	FUN_0805deb8	1
FUN_0802fa90	FUN_08077e10	8
FUN_08030000	FUN_080534f8	2
FUN_08030000	FUN_080534fc	2
FUN_08030000	FUN_08053558	4
FUN_08030000	FUN_08053e62	2
FUN_08030000	FUN_08053e68	1
FUN_08030000	FUN_08053ea2	1
FUN_08030000	FUN_08053ec6	6
FUN_08030000	FUN_08053edc	1
FUN_08030000	FUN_08054092	2
FUN_08030000	FUN_0805409e	1
FUN_08030000	FUN_080540a8	1
FUN_08030000	FUN_08054154	1
FUN_08030000	FUN_0806c77c	1
FUN_08030000	FUN_0808340c	1
FUN_08030000	FUN_08083478	5
FUN_08030128	FUN_08027bf4	2
FUN_08030128	FUN_08028c24	1
FUN_08030128	FUN_0802920c	1
FUN_08030128	FUN_0802bce4	1
FUN_08030128	FUN_0802bd10	1
FUN_08030128	FUN_0802bd4c	1
FUN_08030128	FUN_0802c05c	1
FUN_08030128	FUN_0802c18c	2
FUN_08030128	FUN_0802c1c8	6
FUN_08030128	FUN_0802c424	2
FUN_08030128	FUN_0802c69c	7
FUN_08030128	FUN_0802c8c4	1
FUN_08030128	FUN_0802c8e4	3
FUN_08030128	FUN_0802f97c	16
FUN_08030128	FUN_08048adc	9
FUN_08030128	FUN_0804e3e0	15
FUN_08030128	FUN_0804ec5c	1
FUN_08030128	FUN_0804f154	1
FUN_08030128	FUN_0804f2c8	10
FUN_08030128	FUN_0804f2ee	2
FUN_08030128	FUN_0805034c	1
FUN_08030128	FUN_08050d7c	1
FUN_08030128	FUN_0805db4a	2
FUN_08030128	FUN_0805de10	4
FUN_08030128	FUN_0805deb8	1
FUN_08030128	FUN_0805ded4	1
FUN_08030128	FUN_0805deec	3
FUN_08030128	FUN_0805df08	3
FUN_08030128	FUN_0805e140	2
FUN_08030128	FUN_08065654	1
FUN_08030128	FUN_08065660	1
FUN_08030128	FUN_080718a0	9
FUN_08030128	FUN_08078ed8	1
FUN_08032d30	FUN_08020520	1
FUN_08032d30	FUN_0803c868	1
FUN_08032d30	FUN_0808340c	1
FUN_08032d30	FUN_08083478	1
FUN_08032d98	FUN_08026b30	1
FUN_08032d98	FUN_08052ed8	1
FUN_08032dd8	FUN_08078b18	1
FUN_08032dd8	FUN_0807976c	1
FUN_08032e20	FUN_08032d98	1
FUN_08032e20	FUN_08048adc	2
FUN_08032e20	FUN_0805034c	2
FUN_08032e20	FUN_080530c4	4
FUN_0803482c	FUN_08034a40	1
FUN_0803482c	FUN_080373b0	1
FUN_0803482c	FUN_08048adc	2
FUN_0803482c	FUN_0804e3e0	1
FUN_0803482c	FUN_0804f2c8	1
FUN_0803482c	FUN_08050578	3
FUN_0803482c	FUN_08050d7c	1
FUN_0803482c	FUN_08063000	2
FUN_08034f7c	FUN_08018d62	1
FUN_08034f7c	FUN_08018e88	2
FUN_08034fcc	FUN_08029218	1
FUN_08034fcc	FUN_08071614	1
FUN_08034fe8	FUN_080534fc	1
FUN_08035010	FUN_08018d62	2
FUN_08035010	FUN_08018e88	4
FUN_08035010	FUN_08018fe4	27
FUN_08035010	FUN_08019014	17
FUN_08035010	FUN_08032dd8	2
FUN_08035010	FUN_0803482c	2
FUN_08035010	FUN_08036fe8	1
FUN_08035010	FUN_080373b0	2
FUN_08035010	FUN_08048adc	4
FUN_08035010	FUN_0804e3e0	2
FUN_08035010	FUN_0804ec78	7
FUN_08035010	FUN_08050578	1
FUN_08035010	FUN_0805dca0	1
FUN_08035010	FUN_0805de10	1
FUN_08035010	FUN_0805deb8	1
FUN_08035010	FUN_0805deec	2
FUN_08035010	FUN_0805df08	2
FUN_08035010	FUN_0805e140	2
FUN_08035010	FUN_08063000	19
FUN_08036fe8	FUN_08018b30	1
FUN_08036fe8	FUN_08018c7e	2
FUN_08036fe8	FUN_08019044	4
FUN_08036fe8	FUN_0801e5b8	1
FUN_08036fe8	FUN_0801f68c	1
FUN_08036fe8	FUN_0801f6bc	1
FUN_08036fe8	FUN_0801f70a	3
FUN_08036fe8	FUN_08048adc	2
FUN_08036fe8	FUN_08051f2c	2
FUN_08036fe8	FUN_08052ed8	2
FUN_08036fe8	FUN_08083c0c	1
FUN_08036fe8	FUN_08084f70	1
FUN_080372b8	FUN_08019044	2
FUN_080372b8	FUN_0801f70a	1
FUN_080372b8	FUN_08048adc	1
FUN_080372b8	FUN_08051f2c	2
FUN_080372b8	FUN_08052ed8	1
FUN_080372b8	FUN_08083c0c	1
FUN_080372b8	FUN_08084f70	1
FUN_080373b0	FUN_08019044	2
FUN_080373b0	FUN_0801f70a	1
FUN_080373b0	FUN_0802920c	1
FUN_080373b0	FUN_08048adc	7
FUN_080373b0	FUN_0804e3e0	3
FUN_080373b0	FUN_08050578	4
FUN_080373b0	FUN_08051f2c	4
FUN_080373b0	FUN_08052ed8	2
FUN_080373b0	FUN_0805dda8	1
FUN_080373b0	FUN_08063000	1
FUN_08038c48	FUN_080278cc	1
FUN_08038c48	FUN_080279ac	1
FUN_08038c48	FUN_08048adc	1
FUN_08038c48	FUN_0806d800	1
FUN_08038c48	FUN_0808340c	2
FUN_08038c48	FUN_08083478	2
FUN_080391e4	FUN_08048adc	2
FUN_080391e4	FUN_0804dcd0	2
FUN_080391e4	FUN_0804f6a4	1
FUN_080391e4	FUN_0805deec	1
FUN_080391e4	FUN_08076a38	1
FUN_080391e4	FUN_08078b18	3
FUN_080391e4	FUN_0807976c	4
FUN_080391e4	FUN_08083d9c	3
FUN_0803953c	FUN_08048adc	3
FUN_0803953c	FUN_0806e938	1
FUN_08039824	FUN_08048adc	18
FUN_08039824	FUN_0804dc9c	4
FUN_08039824	FUN_0804fe38	1
FUN_08039824	FUN_080500dc	5
FUN_08039824	FUN_08050f28	1
FUN_08039824	FUN_080513d8	1
FUN_08039824	FUN_08051f2c	2
FUN_08039e8c	FUN_0801fb80	1
FUN_08039e8c	FUN_08048adc	2
FUN_0803a688	FUN_08018724	1
FUN_0803a688	FUN_080483b8	1
FUN_0803a688	FUN_0804b330	1
FUN_0803a688	FUN_080530f0	1
FUN_0803a688	FUN_08080974	1
FUN_0803a688	FUN_080841b0	3
FUN_0803a734	FUN_08071614	2
FUN_0803a7a0	FUN_08018d62	2
FUN_0803a7a0	FUN_08018e88	4
FUN_0803a7a0	FUN_08018fe4	29
FUN_0803a7a0	FUN_08019014	19
FUN_0803a7a0	FUN_08032d98	4
FUN_0803a7a0	FUN_08032dd8	2
FUN_0803a7a0	FUN_08032e20	1
FUN_0803a7a0	FUN_0803482c	3
FUN_0803a7a0	FUN_08034a40	5
FUN_0803a7a0	FUN_08036fe8	1
FUN_0803a7a0	FUN_080372b8	1
FUN_0803a7a0	FUN_080373b0	21
FUN_0803a7a0	FUN_08048adc	28
FUN_0803a7a0	FUN_0804b84c	4
FUN_0803a7a0	FUN_0804e3e0	6
FUN_0803a7a0	FUN_0804ec78	25
FUN_0803a7a0	FUN_0804f2c8	8
FUN_0803a7a0	FUN_0804f560	1
FUN_0803a7a0	FUN_08050578	9
FUN_0803a7a0	FUN_08050d7c	2
FUN_0803a7a0	FUN_08052d34	1
FUN_0803a7a0	FUN_08052ed8	1
FUN_0803a7a0	FUN_080530c4	2
FUN_0803a7a0	FUN_0805dc00	1
FUN_0803a7a0	FUN_0805dca0	2
FUN_0803a7a0	FUN_0805dda8	1
FUN_0803a7a0	FUN_0805de10	6
FUN_0803a7a0	FUN_0805deb8	5
FUN_0803a7a0	FUN_0805deec	5
FUN_0803a7a0	FUN_0805df08	5
FUN_0803a7a0	FUN_0805e140	5
FUN_0803a7a0	FUN_0805e194	2
FUN_0803a7a0	FUN_08063000	61
FUN_0803a7a0	FUN_0808084c	3
FUN_0803b21c	FUN_08032d98	1
FUN_0803b21c	FUN_08032dd8	3
FUN_0803b21c	FUN_08048adc	14
FUN_0803b21c	FUN_0804ec78	42
FUN_0803b21c	FUN_0804f2c8	11
FUN_0803b21c	FUN_0805dc00	1
FUN_0803b21c	FUN_0805de10	14
FUN_0803b21c	FUN_0805deb8	7
FUN_0803b21c	FUN_0805deec	9
FUN_0803b21c	FUN_0805df08	9
FUN_0803b21c	FUN_0805e140	8
FUN_0803b21c	FUN_08063000	18
FUN_0803b384	FUN_08032d98	3
FUN_0803b384	FUN_080373b0	2
FUN_0803b384	FUN_08048adc	3
FUN_0803b384	FUN_0804f2c8	1
FUN_0803b384	FUN_0805de10	1
FUN_0803b384	FUN_08063000	2
FUN_0803b64c	FUN_08019044	2
FUN_0803b64c	FUN_0801f70a	1
FUN_0803b64c	FUN_08032d98	9
FUN_0803b64c	FUN_08032dd8	3
FUN_0803b64c	FUN_08036fe8	1
FUN_0803b64c	FUN_080373b0	19
FUN_0803b64c	FUN_08048adc	11
FUN_0803b64c	FUN_0804b84c	3
FUN_0803b64c	FUN_0804e3e0	5
FUN_0803b64c	FUN_0804ec78	12
FUN_0803b64c	FUN_0804f2c8	1
FUN_0803b64c	FUN_0805034c	2
FUN_0803b64c	FUN_08050578	1
FUN_0803b64c	FUN_08050c6c	1
FUN_0803b64c	FUN_0805104c	1
FUN_0803b64c	FUN_08051f2c	4
FUN_0803b64c	FUN_08052ed8	1
FUN_0803b64c	FUN_0805dc00	1
FUN_0803b64c	FUN_0805de10	3
FUN_0803b64c	FUN_0805deb8	1
FUN_0803b64c	FUN_0805df08	1
FUN_0803b64c	FUN_0805e140	3
FUN_0803b64c	FUN_08063000	15
FUN_0803b64c	FUN_0806f354	1
FUN_0803b6a8	FUN_0801869c	1
FUN_0803b6a8	FUN_08071614	2
FUN_0803b6f4	FUN_0808340c	1
FUN_0803b6f4	FUN_08083478	1
FUN_0803b85c	FUN_08018e88	1
FUN_0803b85c	FUN_08023dd4	2
FUN_0803b85c	FUN_08023e60	2
FUN_0803b85c	FUN_08023ed8	1
FUN_0803b85c	FUN_0803c5c0	1
FUN_0803b85c	FUN_08048adc	1
FUN_0803ba30	FUN_0803c5ec	1
FUN_0803ba4c	FUN_0803c5ec	1
FUN_0803ba68	FUN_0803c5ec	1
FUN_0803ba84	FUN_0803c5ec	1
FUN_0803baa0	FUN_08018eaa	1
FUN_0803baa0	FUN_08023dd4	2
FUN_0803baa0	FUN_08023e60	2
FUN_0803baa0	FUN_08023ed8	1
FUN_0803baa0	FUN_0803c5c0	1
FUN_0803baa0	FUN_08048adc	1
FUN_0803bc44	FUN_08018eaa	3
FUN_0803bc44	FUN_08023de8	4
FUN_0803bc44	FUN_08023ed8	1
FUN_0803bc44	FUN_0803c5c0	1
FUN_0803bc44	FUN_08048adc	1
FUN_0803bd50	FUN_08018eaa	3
FUN_0803bd50	FUN_08023de8	4
FUN_0803bd50	FUN_08023ed8	1
FUN_0803bd50	FUN_0803c5c0	1
FUN_0803bd50	FUN_08048adc	1
FUN_0803c2ec	FUN_08023dd4	2
FUN_0803c2ec	FUN_08023e60	2
FUN_0803c2ec	FUN_08023ed8	1
FUN_0803c2ec	FUN_0803c5c0	1
FUN_0803c2ec	FUN_08048adc	1
FUN_0803c3c0	FUN_0803c5ec	1
FUN_0803c3dc	FUN_08018eaa	1
FUN_0803c3dc	FUN_08023dd4	2
FUN_0803c3dc	FUN_08023e60	2
FUN_0803c3dc	FUN_08023ed8	1
FUN_0803c3dc	FUN_0803c5c0	1
FUN_0803c3dc	FUN_08048adc	1
FUN_0803c4b0	FUN_0803c5ec	1
FUN_0803c4cc	FUN_0803c5ec	1
FUN_0803c4e8	FUN_08018e88	1
FUN_0803c4e8	FUN_08023dd4	2
FUN_0803c4e8	FUN_08023e60	2
FUN_0803c4e8	FUN_08023ed8	1
FUN_0803c4e8	FUN_0803c5c0	1
FUN_0803c4e8	FUN_08048adc	1
FUN_0803c5c0	FUN_08023f38	1
FUN_0803c5c0	FUN_080240d4	1
FUN_0803c5c0	FUN_080240e0	1
FUN_0803c5c0	FUN_0804da88	1
FUN_0803c5ec	FUN_08018e88	1
FUN_0803c5ec	FUN_08023dd4	1
FUN_0803c5ec	FUN_08023e60	1
FUN_0803c5ec	FUN_08023ed8	1
FUN_0803c5ec	FUN_0803c5c0	1
FUN_0803c5ec	FUN_08048adc	1
FUN_0803c764	FUN_0803c5ec	1
FUN_0803c84c	FUN_0803c5ec	1
FUN_0803c8ac	FUN_0803caa0	1
FUN_0803c8cc	FUN_0803caa0	1
FUN_0803c8ec	FUN_0803caa0	1
FUN_0803c90c	FUN_0803caa0	1
FUN_0803c92c	FUN_0803caa0	1
FUN_0803c970	FUN_0803caa0	1
FUN_0803c9e8	FUN_0803caa0	1
FUN_0803ca08	FUN_0803caa0	1
FUN_0803ca7e	FUN_0803caa0	1
FUN_0803cab8	FUN_0803caa0	1
FUN_0803cad6	FUN_0803caa0	1
FUN_0803cb54	FUN_080784bc	1
FUN_0803cb54	FUN_0807976c	1
FUN_0803cb78	FUN_0807976c	1
FUN_0803cb94	FUN_08018b30	1
FUN_0803cb94	FUN_08018c7e	2
FUN_0803cb94	FUN_08018eaa	1
FUN_0803cb94	FUN_08018f5c	1
FUN_0803cb94	FUN_08018fbe	1
FUN_0803cb94	FUN_08018fe4	1
FUN_0803cb94	FUN_08019014	2
FUN_0803cb94	FUN_08019044	1
FUN_0803cb94	FUN_0801e5b8	1
FUN_0803cb94	FUN_08048adc	4
FUN_0803cb94	FUN_0804e3e0	1
FUN_0803cb94	FUN_08051f2c	2
FUN_0803cb94	FUN_0806d9ec	2
FUN_08041a14	FUN_08041d7c	3
FUN_08041a14	FUN_080436f8	4
FUN_08041a14	FUN_08043790	1
FUN_08041a14	FUN_08043890	2
FUN_08041a14	FUN_08048adc	3
FUN_08041a14	FUN_0804e3e0	1
FUN_08041a14	FUN_08050578	6
FUN_08041a14	FUN_08050d7c	1
FUN_08041a14	FUN_0805e140	1
FUN_08041d7c	FUN_0803cb54	1
FUN_08041d7c	FUN_08048adc	3
FUN_08041d7c	FUN_0805034c	2
FUN_08041d7c	FUN_080530c4	4
FUN_080436f8	FUN_08048adc	1
FUN_08043790	FUN_08048adc	2
FUN_08043890	FUN_0802920c	2
FUN_08043890	FUN_08043790	1
FUN_08043890	FUN_08048adc	2
FUN_08043890	FUN_08051f2c	2
FUN_08043ac0	FUN_08018d62	1
FUN_08043ac0	FUN_08018e88	2
FUN_08043ac0	FUN_08048adc	1
FUN_08043bfc	FUN_0803cb54	3
FUN_08043bfc	FUN_0803cb78	5
FUN_08043bfc	FUN_08043890	1
FUN_08043bfc	FUN_08048adc	4
FUN_08043bfc	FUN_0804dbb0	1
FUN_08043bfc	FUN_08050578	2
FUN_08043bfc	FUN_08050c6c	1
FUN_08043bfc	FUN_08050d7c	3
FUN_08043bfc	FUN_0806ed94	1
FUN_08043bfc	FUN_0806f354	1
FUN_08044188	FUN_08018d62	4
FUN_08044188	FUN_08018e88	8
FUN_08044188	FUN_08018fe4	87
FUN_08044188	FUN_08019014	87
FUN_08044188	FUN_0801f70a	1
FUN_08044188	FUN_0803cb54	5
FUN_08044188	FUN_0803cb78	1
FUN_08044188	FUN_0803cb94	1
FUN_08044188	FUN_08041a14	2
FUN_08044188	FUN_08041d58	1
FUN_08044188	FUN_08041d7c	14
FUN_08044188	FUN_080436f8	60
FUN_08044188	FUN_08043790	10
FUN_08044188	FUN_08043890	10
FUN_08044188	FUN_08048adc	34
FUN_08044188	FUN_0804b84c	3
FUN_08044188	FUN_0804b8d8	1
FUN_08044188	FUN_0804e3e0	7
FUN_08044188	FUN_0804f2c8	3
FUN_08044188	FUN_0805034c	3
FUN_08044188	FUN_08050578	3
FUN_08044188	FUN_08051f2c	4
FUN_08044188	FUN_080530c4	26
FUN_08044188	FUN_0805dc44	1
FUN_08044188	FUN_0805de10	2
FUN_08044188	FUN_0805deec	2
FUN_08044188	FUN_0805e02c	1
FUN_08044188	FUN_0805e140	2
FUN_08044188	FUN_08083c0c	1
FUN_08044188	FUN_08084f70	1
FUN_0804434c	FUN_0803cb54	5
FUN_0804434c	FUN_0803cb78	2
FUN_0804434c	FUN_08041d58	1
FUN_0804434c	FUN_080436f8	13
FUN_0804434c	FUN_08048adc	10
FUN_0804434c	FUN_0804e3e0	5
FUN_0804434c	FUN_0804f2c8	12
FUN_0804434c	FUN_0804f496	3
FUN_08044488	FUN_0803cb54	3
FUN_08044488	FUN_0803cb78	11
FUN_08044488	FUN_080436f8	15
FUN_08044488	FUN_08043890	3
FUN_08044488	FUN_08048adc	10
FUN_08044488	FUN_0804f2c8	5
FUN_08044488	FUN_08050578	6
FUN_08044488	FUN_0805deb8	1
FUN_08044488	FUN_0805deec	1
FUN_08044488	FUN_0805df08	1
FUN_08044488	FUN_0805e140	1
FUN_08044c80	FUN_0801869c	2
FUN_08044c80	FUN_08018724	2
FUN_08044c80	FUN_08018e88	1
FUN_08044c80	FUN_08018eaa	10
FUN_08044c80	FUN_08023de8	16
FUN_08044c80	FUN_08023ed8	1
FUN_08044c80	FUN_08023f38	1
FUN_08044c80	FUN_08023f80	92
FUN_08044c80	FUN_080240d4	3
FUN_08044c80	FUN_080240e0	2
FUN_08044c80	FUN_08048adc	18
FUN_08044c80	FUN_0804fe38	2
FUN_08044c80	FUN_080500dc	1
FUN_08044c80	FUN_08050448	4
FUN_08044c80	FUN_08050578	20
FUN_08044c80	FUN_08050c6c	1
FUN_08044c80	FUN_08050f28	2
FUN_08044c80	FUN_080512dc	1
FUN_08044c80	FUN_080513d8	2
FUN_08044c80	FUN_08051ac0	3
FUN_08044c80	FUN_080529f0	1
FUN_08044c80	FUN_08052c08	1
FUN_08044c80	FUN_08052ed8	2
FUN_08044c80	FUN_0806f5e8	2
FUN_08044c80	FUN_08072e08	62
FUN_08044c80	FUN_08073a28	2
FUN_08044c80	FUN_08073f10	1
FUN_08044c80	FUN_08080ae4	2
FUN_08044c80	FUN_08080d44	2
FUN_08044c80	FUN_080810e0	2
FUN_08044c80	FUN_080819a4	5
FUN_08044c80	FUN_080827b8	2
FUN_080470f0	FUN_08023f38	1
FUN_080470f0	FUN_08023f80	1
FUN_080470f0	FUN_08023fe6	1
FUN_080470f0	FUN_08048adc	2
FUN_08047470	FUN_080186d2	1
FUN_08047470	FUN_0803c8ac	1
FUN_08047470	FUN_0803c8cc	1
FUN_08047470	FUN_0803cab8	1
FUN_08047470	FUN_080831c6	1
FUN_080477c4	FUN_08048adc	10
FUN_080477c4	FUN_0804e0ac	9
FUN_080477c4	FUN_08050578	4
FUN_080477c4	FUN_0806ddd4	2
FUN_080477c4	FUN_0806de74	1
FUN_080477c4	FUN_0806df14	1
FUN_080477c4	FUN_0806df6c	1
FUN_080477c4	FUN_0806dff8	1
FUN_080477c4	FUN_0806e0b4	1
FUN_080477c4	FUN_0806e1b8	1
FUN_080477c4	FUN_0806e1f0	1
FUN_080477c4	FUN_0806e2dc	2
FUN_080477c4	FUN_0806e328	1
FUN_080477c4	FUN_0806e374	1
FUN_080477c4	FUN_0806e3c0	1
FUN_080477c4	FUN_0806e418	1
FUN_080477c4	FUN_0806e4e4	1
FUN_080477c4	FUN_0806e5a4	1
FUN_080477c4	FUN_0806e608	1
FUN_080477c4	FUN_0806e66c	1
FUN_080477c4	FUN_0806e6d0	1
FUN_080477c4	FUN_0806e79c	1
FUN_080477c4	FUN_0806e880	1
FUN_080477c4	FUN_0806e8cc	1
FUN_08047c54	FUN_08063178	1
FUN_08047c54	FUN_0806c670	1
FUN_08047c54	FUN_0806c68c	1
FUN_08047c8c	FUN_0802fffe	2
FUN_08047c8c	FUN_08047fbc	1
FUN_08047c8c	FUN_0804810c	1
FUN_08047c8c	FUN_08048228	1
FUN_08047c8c	FUN_0804838c	1
FUN_08047d2c	FUN_08048020	1
FUN_08047d2c	FUN_08048244	1
FUN_08047d2c	FUN_0804838c	1
FUN_08047d50	FUN_08048adc	1
FUN_08047d50	FUN_0804dea4	2
FUN_08047d50	FUN_08071614	1
FUN_08047d50	FUN_08071620	1
FUN_08047d50	FUN_08083c0c	1
FUN_08047d50	FUN_08084f70	2
FUN_08047e40	FUN_0802abbc	1
FUN_08047e40	FUN_080483b8	1
FUN_08047e40	FUN_0804b664	1
FUN_08047ea4	FUN_0802fffe	1
FUN_08047ea4	FUN_080483b8	1
FUN_08047f54	FUN_0802fffe	1
FUN_08047f54	FUN_0803a688	1
FUN_08047f54	FUN_0804834c	1
FUN_08047f54	FUN_08083c0c	1
FUN_08047fbc	FUN_0804811c	1
FUN_08047fbc	FUN_080495e8	1
FUN_08048020	FUN_08047fbc	1
FUN_08048030	FUN_08018724	1
FUN_08048030	FUN_0802b3e0	1
FUN_08048030	FUN_0804834c	1
FUN_08048030	FUN_0804b9fc	1
FUN_08048030	FUN_08083c0c	1
FUN_080480b4	FUN_0802fffe	1
FUN_080480b4	FUN_0804834c	1
FUN_080480b4	FUN_0804dbec	1
FUN_080480b4	FUN_08083c0c	1
FUN_0804811c	FUN_0802fffe	1
FUN_0804811c	FUN_08048030	1
FUN_0804811c	FUN_0804834c	1
FUN_0804811c	FUN_080496c4	1
FUN_0804811c	FUN_0804bcd0	1
FUN_0804811c	FUN_08071fb4	2
FUN_0804811c	FUN_08083c0c	1
FUN_080481d8	FUN_0804836c	1
FUN_080481d8	FUN_0808416c	3
FUN_08048228	FUN_0804b4cc	1
FUN_08048244	FUN_08048228	1
FUN_08048254	FUN_0804836c	1
FUN_08048254	FUN_080483d6	4
FUN_08048254	FUN_0804ed80	2
FUN_08048254	FUN_0804fde0	1
FUN_08048254	FUN_08083c0c	2
FUN_08048254	FUN_0808416c	4
FUN_0804834c	FUN_08084f70	1
FUN_0804836c	FUN_0804dea4	1
FUN_0804838c	FUN_0804dea4	2
FUN_080483b8	FUN_0804dea4	1
FUN_080483d6	FUN_0804dea4	1
FUN_080483f4	FUN_08048adc	1
FUN_080483f4	FUN_0804dea4	2
FUN_080483f4	FUN_08071614	1
FUN_080483f4	FUN_08071620	1
FUN_080483f4	FUN_08083c0c	1
FUN_080483f4	FUN_08084f70	2
FUN_080484e4	FUN_0802fffe	1
FUN_080484e4	FUN_0804834c	1
FUN_080484e4	FUN_08078424	1
FUN_080484e4	FUN_08083c0c	1
FUN_0804853c	FUN_0802abbc	1
FUN_0804853c	FUN_0802abe4	1
FUN_0804853c	FUN_0802fffe	1
FUN_0804853c	FUN_08047ea4	1
FUN_0804853c	FUN_0804b664	1
FUN_0804853c	FUN_08063068	1
FUN_08048604	FUN_080186c4	1
FUN_08048604	FUN_08048254	1
FUN_08048604	FUN_08048adc	1
FUN_08048604	FUN_08060dc4	1
FUN_08048604	FUN_08060de0	1
FUN_080486ec	FUN_08048728	1
FUN_08048704	FUN_08048744	1
FUN_08048704	FUN_08048758	1
FUN_08048728	FUN_08084348	1
FUN_08048744	FUN_080843f4	1
FUN_08048758	FUN_08084644	1
FUN_0804876c	FUN_08048604	1
FUN_0804876c	FUN_080489e0	2
FUN_0804876c	FUN_08048adc	1
FUN_0804876c	FUN_08060dc4	2
FUN_0804876c	FUN_08060de0	2
FUN_08048880	FUN_0801877a	1
FUN_08048880	FUN_08048adc	1
FUN_08048880	FUN_08048e60	1
FUN_08048880	FUN_08048f14	1
FUN_08048984	FUN_08048e34	1
FUN_08048984	FUN_08048ea8	1
FUN_08048984	FUN_08048f3c	1
FUN_080489e0	FUN_08048adc	2
FUN_08048adc	FUN_080186c4	1
FUN_08048adc	FUN_080186e8	2
FUN_08048adc	FUN_08018724	1
FUN_08048adc	FUN_0801dfb0	1
FUN_08048adc	FUN_0801e008	1
FUN_08048adc	FUN_08048880	1
FUN_08048adc	FUN_08048e14	1
FUN_08048adc	FUN_08048e60	1
FUN_08048adc	FUN_08048e80	1
FUN_08048adc	FUN_08048e88	1
FUN_08048adc	FUN_08048e90	1
FUN_08048adc	FUN_08048edc	1
FUN_08048adc	FUN_080490e0	19
FUN_08048adc	FUN_0804df64	15
FUN_08048e14	FUN_08048f14	1
FUN_08048e34	FUN_08048f14	1
FUN_08048e34	FUN_08048f28	1
FUN_08048e60	FUN_08048f28	1
FUN_08048e90	FUN_0804f560	1
FUN_08048ea8	FUN_080485e0	1
FUN_08048ea8	FUN_0804f560	1
FUN_08048ea8	FUN_08084348	1
FUN_08048edc	FUN_0801869c	1
FUN_08048edc	FUN_0801d9d8	1
FUN_08048edc	FUN_08023de8	1
FUN_08048edc	FUN_08023e18	1
FUN_08048edc	FUN_08023ed8	1
FUN_08048edc	FUN_08023f38	1
FUN_08048edc	FUN_080240d4	1
FUN_08048edc	FUN_080240e0	1
FUN_08048edc	FUN_0804876c	1
FUN_08048edc	FUN_08048adc	3
FUN_08048edc	FUN_0804da88	2
FUN_08048edc	FUN_08071614	2
FUN_08048edc	FUN_08071620	1
FUN_08048f14	FUN_080843f4	1
FUN_08048f28	FUN_08084644	1
FUN_08048f3c	FUN_08048adc	1
FUN_08048ffc	FUN_08048adc	1
FUN_080490e0	FUN_08048adc	2
FUN_080493f8	FUN_080534f8	1
FUN_08049404	FUN_0804bca0	1
FUN_080494f8	FUN_0801869c	1
FUN_080494f8	FUN_0803b6a8	1
FUN_080494f8	FUN_08071614	1
FUN_080494f8	FUN_08071620	1
FUN_080494f8	FUN_0807162c	1
FUN_0804955c	FUN_0801869c	1
FUN_080495e8	FUN_08018724	2
FUN_080495e8	FUN_0802b3e0	2
FUN_080495e8	FUN_0804b330	2
FUN_080495e8	FUN_0804dbec	1
FUN_080495e8	FUN_08078424	2
FUN_080496c4	FUN_0804ed30	1
FUN_080496c4	FUN_0804eda0	1
FUN_080496c4	FUN_0806cb48	1
FUN_080496c4	FUN_0806cdcc	1
FUN_08049748	FUN_0807da74	1
FUN_080498e8	FUN_08048adc	25
FUN_08049cac	FUN_0801869c	1
FUN_08049cac	FUN_080186d2	1
FUN_08049cac	FUN_08082e3c	1
FUN_08049cac	FUN_08083162	1
FUN_08049cac	FUN_08083178	1
FUN_08049cfc	FUN_0804b190	1
FUN_08049cfc	FUN_080784bc	1
FUN_08049cfc	FUN_0807976c	1
FUN_08049d14	FUN_0804b190	1
FUN_08049d14	FUN_0807976c	1
FUN_08049d50	FUN_0804b1a0	1
FUN_0804b0b8	FUN_08048adc	1
FUN_0804b0b8	FUN_08049cfc	1
FUN_0804b0b8	FUN_0805034c	3
FUN_0804b0b8	FUN_080530c4	4
FUN_0804b1b0	FUN_0803a734	1
FUN_0804b1b0	FUN_0804c164	2
FUN_0804b1b0	FUN_0804c320	1
FUN_0804b1b0	FUN_0804cc04	2
FUN_0804b1b0	FUN_0804e634	1
FUN_0804b1b0	FUN_08062a08	2
FUN_0804b330	FUN_08018724	1
FUN_0804b330	FUN_0804b3a8	1
FUN_0804b330	FUN_0804dc24	1
FUN_0804b330	FUN_0806cb48	1
FUN_0804b330	FUN_08080974	1
FUN_0804b372	FUN_08018724	1
FUN_0804b372	FUN_0801877a	1
FUN_0804b3a8	FUN_080496c4	1
FUN_0804b3c8	FUN_080483b8	1
FUN_0804b3c8	FUN_0804fdb4	1
FUN_0804b44c	FUN_080483b8	1
FUN_0804b4cc	FUN_080481d8	1
FUN_0804b4cc	FUN_0804b44c	1
FUN_0804b4cc	FUN_0804ed80	1
FUN_0804b4cc	FUN_0804fde0	2
FUN_0804b5c8	FUN_080494f8	1
FUN_0804b5c8	FUN_0804b1b0	1
FUN_0804b5c8	FUN_0806e918	1
FUN_0804b664	FUN_0802abe4	1
FUN_0804b664	FUN_0806c77c	1
FUN_0804b676	FUN_0804b68c	1
FUN_0804b6b4	FUN_0804b6cc	1
FUN_0804b71c	FUN_0804b676	2
FUN_0804b71c	FUN_0804b6b4	2
FUN_0804b7dc	FUN_0804b676	2
FUN_0804b7dc	FUN_0804b6b4	2
FUN_0804b84c	FUN_08018fe4	1
FUN_0804b84c	FUN_08019014	2
FUN_0804b8d8	FUN_08018fe4	1
FUN_0804b8d8	FUN_08019014	1
FUN_0804b9fc	FUN_080186c4	1
FUN_0804b9fc	FUN_0804836c	1
FUN_0804b9fc	FUN_080483d6	1
FUN_0804b9fc	FUN_0807cdc0	2
FUN_0804b9fc	FUN_08082388	1
FUN_0804badc	FUN_0808340c	1
FUN_0804badc	FUN_08083478	1
FUN_0804bb0c	FUN_08020520	1
FUN_0804bb0c	FUN_0803c868	1
FUN_0804bb0c	FUN_0808340c	1
FUN_0804bb0c	FUN_08083478	1
FUN_0804bbbc	FUN_08035000	9
FUN_0804bbbc	FUN_08048adc	4
FUN_0804bbbc	FUN_0805d1e4	2
FUN_0804bbbc	FUN_0805d66c	4
FUN_0804bbbc	FUN_0805d6d2	3
FUN_0804bbbc	FUN_0805daa8	1
FUN_0804bcd0	FUN_08071fb4	2
FUN_0804bd94	FUN_0804cc04	2
FUN_0804bdf4	FUN_0804bf04	1
FUN_0804bdf4	FUN_0804c750	1
FUN_0804be36	FUN_080494f8	1
FUN_0804be36	FUN_0804c0a8	1
FUN_0804be36	FUN_0804c4c0	1
FUN_0804bec4	FUN_0801e208	1
FUN_0804bf54	FUN_08018fbe	1
FUN_0804bf54	FUN_08019044	1
FUN_0804bf54	FUN_0801e5b8	1
FUN_0804bf98	FUN_0801e458	1
FUN_0804bf98	FUN_0801e632	1
FUN_0804bf98	FUN_0804c6d4	1
FUN_0804c0a8	FUN_0804c4c0	1
FUN_0804c0a8	FUN_0804c734	2
FUN_0804c164	FUN_08018514	4
FUN_0804c164	FUN_0804bec4	1
FUN_0804c164	FUN_0804bf54	2
FUN_0804c2a4	FUN_0804bf54	1
FUN_0804c2a4	FUN_0804cc04	1
FUN_0804c320	FUN_0804c8a4	2
FUN_0804c320	FUN_0804cd0e	1
FUN_0804c404	FUN_0804bf54	1
FUN_0804c404	FUN_0804c734	1
FUN_0804c404	FUN_0804e634	2
FUN_0804c404	FUN_0804eb7c	2
FUN_0804c4c0	FUN_0804be2c	4
FUN_0804c4c0	FUN_0804c404	4
FUN_0804c4c0	FUN_0804c8a4	6
FUN_0804c6d4	FUN_0801e698	1
FUN_0804c7c0	FUN_0804c830	1
FUN_0804c7c0	FUN_0804c8b0	1
FUN_0804c7c0	FUN_08062380	1
FUN_0804c830	FUN_08071614	2
FUN_0804c830	FUN_0807162c	2
FUN_0804c830	FUN_0807eab4	1
FUN_0804c8b0	FUN_08018fbe	8
FUN_0804c8b0	FUN_0801da86	4
FUN_0804c8b0	FUN_080625a8	6
FUN_0804c8b0	FUN_08083cc0	2
FUN_0804cc04	FUN_08018fbe	1
FUN_0804cc04	FUN_08019044	1
FUN_0804cc04	FUN_0801e5b8	1
FUN_0804cc34	FUN_0804be2c	1
FUN_0804cc34	FUN_0804c8a4	2
FUN_0804cd0e	FUN_0801e208	1
FUN_0804cd38	FUN_0801869c	2
FUN_0804d0f0	FUN_08023dd4	1
FUN_0804d0f0	FUN_08023e60	1
FUN_0804d0f0	FUN_08023ed8	1
FUN_0804d0f0	FUN_08023f38	1
FUN_0804d0f0	FUN_080240d4	1
FUN_0804d0f0	FUN_080240e0	1
FUN_0804d0f0	FUN_08048adc	1
FUN_0804d4c8	FUN_08048adc	2
FUN_0804d77c	FUN_08048adc	2
FUN_0804d77c	FUN_08083b58	1
FUN_0804d77c	FUN_08083b64	1
FUN_0804d860	FUN_0805d66c	2
FUN_0804d8c4	FUN_08062d14	2
FUN_0804dbec	FUN_080483b8	1
FUN_0804dbec	FUN_0804b330	1
FUN_0804dc24	FUN_0801877a	1
FUN_0804dc24	FUN_08047e80	1
FUN_0804dc24	FUN_080483b8	1
FUN_0804dcd0	FUN_0804dce4	1
FUN_0804dce4	FUN_08048adc	1
FUN_0804ded4	FUN_0805c5d4	2
FUN_0804ded4	FUN_0805d66c	3
FUN_0804df48	FUN_0805d164	1
FUN_0804df64	FUN_08048adc	1
FUN_0804e08a	FUN_0804cd38	1
FUN_0804e0ac	FUN_080535fe	2
FUN_0804e158	FUN_080535fe	2
FUN_0804e1b0	FUN_080535fe	2
FUN_0804e6b8	FUN_0801d890	1
FUN_0804e6b8	FUN_0804b628	1
FUN_0804e6b8	FUN_0804cd38	1
FUN_0804e78a	FUN_0804cd38	1
FUN_0804e80c	FUN_0802a3d0	1
FUN_0804e80c	FUN_08048adc	4
FUN_0804e80c	FUN_08062980	6
FUN_0804ed30	FUN_0804b3c8	1
FUN_0804ef44	FUN_08048adc	1
FUN_0804ef44	FUN_08050578	1
FUN_0804ef44	FUN_08050c6c	1
FUN_0804ef44	FUN_08071620	2
FUN_0804f2c8	FUN_08018514	1
FUN_0804f2c8	FUN_08018528	1
FUN_0804f2c8	FUN_0804f560	1
FUN_0804f2ee	FUN_0804f560	1
FUN_0804f304	FUN_08018514	1
FUN_0804f304	FUN_08018528	1
FUN_0804f304	FUN_080705ec	1
FUN_0804f334	FUN_0805d1bc	1
FUN_0804f438	FUN_0806c4e8	1
FUN_0804f438	FUN_0806c650	6
FUN_0804f53c	FUN_08022838	1
FUN_0804f6a4	FUN_08048adc	2
FUN_0804f6a4	FUN_0804f758	1
FUN_0804f758	FUN_08048adc	14
FUN_0804f758	FUN_0804fe38	1
FUN_0804f758	FUN_080500dc	5
FUN_0804f758	FUN_08050f28	1
FUN_0804f758	FUN_08051f2c	2
FUN_0804fce0	FUN_08048adc	1
FUN_0804fde0	FUN_080483b8	1
FUN_0804fe38	FUN_08048adc	1
FUN_0804fe38	FUN_08071620	2
FUN_0804ff60	FUN_08048adc	1
FUN_0804ff60	FUN_08071620	2
FUN_080500dc	FUN_08048adc	1
FUN_080500dc	FUN_0804cebc	1
FUN_080500dc	FUN_08071620	2
FUN_0805034c	FUN_08048adc	1
FUN_0805034c	FUN_08071620	2
FUN_08050448	FUN_08048adc	1
FUN_08050448	FUN_08071620	2
FUN_08050578	FUN_08048adc	1
FUN_08050578	FUN_08071620	2
FUN_08050c6c	FUN_08048adc	1
FUN_08050c6c	FUN_08071620	2
FUN_08050d7c	FUN_08048adc	1
FUN_08050d7c	FUN_08071620	1
FUN_08050f28	FUN_08048adc	1
FUN_08050f28	FUN_08071620	2
FUN_0805104c	FUN_08048adc	1
FUN_0805104c	FUN_08071620	2
FUN_0805115c	FUN_08048adc	1
FUN_0805115c	FUN_08071620	2
FUN_080512dc	FUN_08048adc	1
FUN_080512dc	FUN_08071620	2
FUN_080513d8	FUN_08048adc	1
FUN_080513d8	FUN_08071620	2
FUN_08051508	FUN_08048adc	1
FUN_08051508	FUN_08071620	2
FUN_080515ec	FUN_08048adc	1
FUN_080515ec	FUN_08071620	2
FUN_080517e8	FUN_08048adc	1
FUN_080517e8	FUN_0804e4b8	1
FUN_080517e8	FUN_0804f4c4	1
FUN_080517e8	FUN_080515ec	1
FUN_080517e8	FUN_08071620	2
FUN_080517e8	FUN_08084348	1
FUN_08051ac0	FUN_08048adc	1
FUN_08051ac0	FUN_08071620	2
FUN_08051c04	FUN_08048adc	1
FUN_08051c04	FUN_08071620	2
FUN_08051d24	FUN_08048adc	1
FUN_08051d24	FUN_08071620	2
FUN_08051e44	FUN_08048adc	1
FUN_08051e44	FUN_08071620	2
FUN_08051f2c	FUN_08048adc	1
FUN_08051f2c	FUN_08071620	2
FUN_08052118	FUN_08048adc	1
FUN_08052368	FUN_08048adc	1
FUN_080525a4	FUN_08048adc	1
FUN_08052664	FUN_08048adc	1
FUN_08052740	FUN_08048adc	1
FUN_080528fc	FUN_08048adc	1
FUN_080528fc	FUN_08071620	2
FUN_080529f0	FUN_08048adc	1
FUN_080529f0	FUN_0804f560	1
FUN_080529f0	FUN_08050578	1
FUN_080529f0	FUN_08071620	2
FUN_08052c08	FUN_08048adc	1
FUN_08052c08	FUN_08071620	2
FUN_08052d34	FUN_08048adc	1
FUN_08052d34	FUN_08071620	2
FUN_08052ed8	FUN_080292e8	1
FUN_08052ed8	FUN_08048adc	1
FUN_08052ed8	FUN_0807162c	2
FUN_08053130	FUN_080535fe	2
FUN_08053174	FUN_080535fe	2
FUN_080531d4	FUN_0804f2c8	1
FUN_080531d4	FUN_0805dbc4	2
FUN_08053224	FUN_08048adc	1
FUN_08053224	FUN_0804f2c8	1
FUN_08053224	FUN_0804f2ee	4
FUN_08053224	FUN_0805dbc4	4
FUN_08053754	FUN_080202f8	1
FUN_08053754	FUN_08024200	1
FUN_08053754	FUN_08048adc	2
FUN_08053754	FUN_0804b5c8	1
FUN_08053840	FUN_08053558	2
FUN_08053840	FUN_0806c77c	2
FUN_08053874	FUN_0806eb98	1
FUN_08053874	FUN_0807d58c	1
FUN_08053874	FUN_0807dabc	6
FUN_08053874	FUN_0807db58	1
FUN_08053874	FUN_0807dbdc	1
FUN_08053874	FUN_0807dc44	1
FUN_08053af0	FUN_0808368c	1
FUN_08053af0	FUN_08084c50	1
FUN_08053c44	FUN_08053558	2
FUN_08053c44	FUN_080535fe	2
FUN_08053c44	FUN_0806c77c	2
FUN_08053cd8	FUN_08053558	2
FUN_08053cd8	FUN_080535fe	2
FUN_08053cd8	FUN_0806c77c	2
FUN_08053d60	FUN_0806c518	1
FUN_08053e68	FUN_0806c7b4	1
FUN_08053ef0	FUN_080534f8	2
FUN_08053ef0	FUN_080534fc	2
FUN_08053ef0	FUN_08053558	4
FUN_08053ef0	FUN_08053d4c	2
FUN_08053ef0	FUN_08053e5c	1
FUN_08053ef0	FUN_08053e62	1
FUN_08053ef0	FUN_08053e68	1
FUN_08053ef0	FUN_08053ea2	3
FUN_08053ef0	FUN_08053ec6	7
FUN_08053ef0	FUN_08053edc	2
FUN_08053ef0	FUN_08054092	2
FUN_08053ef0	FUN_0805409e	2
FUN_08053ef0	FUN_080540a8	1
FUN_08053ef0	FUN_08054154	1
FUN_08053ef0	FUN_0806c77c	1
FUN_08053ef0	FUN_0808340c	1
FUN_08053ef0	FUN_08083478	7
FUN_080540b4	FUN_080498b8	1
FUN_080540b4	FUN_08053500	1
FUN_080540b4	FUN_08053558	3
FUN_080540b4	FUN_08054154	1
FUN_080540b4	FUN_080630e4	1
FUN_080540b4	FUN_0806c77c	5
FUN_08054138	FUN_08049830	1
FUN_08054138	FUN_080498b8	1
FUN_08054154	FUN_08053d4c	1
FUN_08054154	FUN_08053d60	1
FUN_08054154	FUN_08053e98	1
FUN_08054154	FUN_0805407c	1
FUN_080541c2	FUN_0801874e	2
FUN_080541c2	FUN_08030000	2
FUN_080541c2	FUN_08053ef0	2
FUN_080541c2	FUN_08071614	3
FUN_080541c2	FUN_08071620	1
FUN_08054274	FUN_0807976c	1
FUN_080542bc	FUN_08048adc	2
FUN_080542bc	FUN_08050c6c	1
FUN_080542bc	FUN_08051c04	4
FUN_080542bc	FUN_08051f2c	3
FUN_08054438	FUN_08048adc	1
FUN_080545dc	FUN_08023520	1
FUN_080545dc	FUN_080534f8	2
FUN_080545dc	FUN_080534fc	2
FUN_080545dc	FUN_08053558	4
FUN_080545dc	FUN_08053e68	1
FUN_080545dc	FUN_08054092	2
FUN_080545dc	FUN_0806c77c	1
FUN_080549ac	FUN_0806566c	1
FUN_08054cc0	FUN_0801869c	1
FUN_08054cc0	FUN_08018fbe	1
FUN_08054cc0	FUN_0802829c	1
FUN_08054cc0	FUN_08047d2c	1
FUN_08054cc0	FUN_080480b4	6
FUN_08054cc0	FUN_080483f4	1
FUN_08054cc0	FUN_080484e4	5
FUN_08054cc0	FUN_080485ec	1
FUN_08054cc0	FUN_080485f8	1
FUN_08054cc0	FUN_08048adc	20
FUN_08054cc0	FUN_0804dea4	1
FUN_08054cc0	FUN_0804e0ac	3
FUN_08054cc0	FUN_0804f560	1
FUN_08054cc0	FUN_08060228	1
FUN_08054cc0	FUN_0806031c	1
FUN_08054cc0	FUN_0806038c	1
FUN_08054cc0	FUN_0806061c	1
FUN_08054cc0	FUN_080607d0	1
FUN_08054cc0	FUN_080608b4	1
FUN_08054cc0	FUN_08060924	1
FUN_08054cc0	FUN_08060ae8	1
FUN_08054cc0	FUN_08060b58	1
FUN_08054cc0	FUN_08060bc8	1
FUN_08054cc0	FUN_08060c2c	1
FUN_08054cc0	FUN_08060c98	1
FUN_08054cc0	FUN_08060d00	1
FUN_08054cc0	FUN_08060d60	1
FUN_08054cc0	FUN_08078be8	1
FUN_08054cc0	FUN_0807a068	2
FUN_08054cc0	FUN_0807a0f8	1
FUN_08054cc0	FUN_0807ab54	1
FUN_08054cc0	FUN_0807b0a4	1
FUN_08054cc0	FUN_0808051c	1
FUN_0805594c	FUN_080480b4	1
FUN_0805594c	FUN_08048adc	5
FUN_0805594c	FUN_08064d80	1
FUN_0805594c	FUN_0806f79c	2
FUN_0805594c	FUN_080849c0	1
FUN_08055ce4	FUN_08048adc	2
FUN_08055ce4	FUN_0804d20c	1
FUN_08055ce4	FUN_0804d610	1
FUN_08055ce4	FUN_0804d708	1
FUN_08055ce4	FUN_0804e4b8	1
FUN_08055ce4	FUN_0804f4c4	1
FUN_08055f98	FUN_08018fbe	1
FUN_08055f98	FUN_08048adc	5
FUN_08055f98	FUN_08051f2c	1
FUN_08055f98	FUN_08078ee8	1
FUN_08055f98	FUN_08079020	5
FUN_08056980	FUN_08048adc	6
FUN_08056980	FUN_0805a050	1
FUN_08056980	FUN_080849c0	1
FUN_08056cbc	FUN_08048adc	2
FUN_08056cbc	FUN_0804d1bc	1
FUN_08056cbc	FUN_0805034c	1
FUN_08056cbc	FUN_08060404	1
FUN_08056cbc	FUN_0806048c	1
FUN_08056cbc	FUN_080849c0	1
FUN_0805825c	FUN_0802b6fc	3
FUN_0805825c	FUN_08034fcc	3
FUN_0805825c	FUN_08048adc	4
FUN_0805825c	FUN_080619c8	1
FUN_0805825c	FUN_0806e918	1
FUN_0805825c	FUN_080849c0	1
FUN_08058504	FUN_08048adc	3
FUN_08058504	FUN_080849c0	1
FUN_08058808	FUN_08048adc	1
FUN_08058808	FUN_08084348	1
FUN_08058808	FUN_0808436c	3
FUN_08058808	FUN_080849c0	3
FUN_08058b5c	FUN_080534f8	1
FUN_08058b5c	FUN_08053558	1
FUN_08058b5c	FUN_0806c77c	1
FUN_08058c90	FUN_0801869c	2
FUN_08058c90	FUN_080186d2	3
FUN_08058c90	FUN_0801c700	1
FUN_08058c90	FUN_0806324c	2
FUN_08058d38	FUN_0801869c	2
FUN_08058d38	FUN_080186d2	3
FUN_08058d38	FUN_0801c700	1
FUN_08058d38	FUN_0806324c	2
FUN_08058de0	FUN_080211f0	2
FUN_08058de0	FUN_0802ab98	2
FUN_08058de0	FUN_08048adc	4
FUN_08058de0	FUN_08074da0	2
FUN_08058de0	FUN_08082e3c	2
FUN_08058de0	FUN_08083178	2
FUN_08058de0	FUN_08083610	4
FUN_0805929c	FUN_080212d8	2
FUN_0805929c	FUN_0802ab98	2
FUN_0805929c	FUN_08048adc	4
FUN_0805929c	FUN_08074de4	2
FUN_0805929c	FUN_08082e3c	2
FUN_0805929c	FUN_08083178	2
FUN_0805929c	FUN_08083610	4
FUN_08059758	FUN_08048adc	2
FUN_08059ae0	FUN_08020e54	1
FUN_08059ae0	FUN_080213c0	1
FUN_08059ae0	FUN_080217e8	1
FUN_08059ae0	FUN_0803ca08	1
FUN_08059ae0	FUN_0803ca28	1
FUN_08059ae0	FUN_08048adc	2
FUN_08059ae0	FUN_08053558	3
FUN_08059ae0	FUN_08058de0	1
FUN_08059ae0	FUN_080630e4	2
FUN_08059ae0	FUN_0806c77c	3
FUN_08059ae0	FUN_08071620	1
FUN_08059ae0	FUN_08074da0	1
FUN_08059ae0	FUN_0808319a	3
FUN_08059ae0	FUN_080831c6	3
FUN_08059ae0	FUN_08083610	1
FUN_0805a050	FUN_080186d2	1
FUN_0805a050	FUN_08018768	2
FUN_0805a050	FUN_08022fe4	1
FUN_0805a050	FUN_0803b9f4	1
FUN_0805a050	FUN_08048adc	5
FUN_0805a050	FUN_08050578	4
FUN_0805a050	FUN_08059758	1
FUN_0805abe8	FUN_0807d888	1
FUN_0805abe8	FUN_0807da9c	2
FUN_0805abe8	FUN_0807dab8	1
FUN_0805acec	FUN_080534fc	1
FUN_0805acec	FUN_08053558	4
FUN_0805acec	FUN_0806c77c	6
FUN_0805acec	FUN_0807dd88	1
FUN_0805acec	FUN_0807dd9c	1
FUN_0805acec	FUN_0807dde2	1
FUN_0805aee0	FUN_0801f2f4	1
FUN_0805aee0	FUN_0801f4a8	1
FUN_0805aee0	FUN_08048adc	3
FUN_0805aee0	FUN_08050578	1
FUN_0805aee0	FUN_0805f4ac	1
FUN_0805aee0	FUN_08062c64	1
FUN_0805aee0	FUN_08062c8c	1
FUN_0805aee0	FUN_0806c77c	1
FUN_0805aee0	FUN_08071620	1
FUN_0805aee0	FUN_0807f3f8	1
FUN_0805aee0	FUN_0807f474	1
FUN_0805aee0	FUN_0807f648	1
FUN_0805aee0	FUN_0807f696	1
FUN_0805aee0	FUN_0807f6b4	1
FUN_0805aee0	FUN_0807f7cc	1
FUN_0805aee0	FUN_0807f86c	1
FUN_0805aee0	FUN_0807f998	1
FUN_0805aee0	FUN_0807f9a0	1
FUN_0805aee0	FUN_0808408c	7
FUN_0805b16c	FUN_0802aa48	1
FUN_0805b16c	FUN_08048adc	2
FUN_0805b16c	FUN_08054138	1
FUN_0805b16c	FUN_08058c90	1
FUN_0805b16c	FUN_08071620	1
FUN_0805b16c	FUN_0807d65c	1
FUN_0805b16c	FUN_08083610	1
FUN_0805b16c	FUN_080849c0	1
FUN_0805b5f8	FUN_08048adc	1
FUN_0805b5f8	FUN_080512dc	1
FUN_0805b5f8	FUN_08052c08	1
FUN_0805b5f8	FUN_08071620	1
FUN_0805ba98	FUN_08022828	1
FUN_0805ba98	FUN_08022838	3
FUN_0805ba98	FUN_08022888	1
FUN_0805ba98	FUN_080630e4	1
FUN_0805ba98	FUN_08063d18	1
FUN_0805ba98	FUN_0806c670	1
FUN_0805ba98	FUN_0806c68c	1
FUN_0805ba98	FUN_0806c77c	3
FUN_0805ba98	FUN_0806c7d0	1
FUN_0805ba98	FUN_08070644	2
FUN_0805ba98	FUN_08070654	4
FUN_0805ba98	FUN_08070664	1
FUN_0805ba98	FUN_08070688	2
FUN_0805ba98	FUN_08082770	1
FUN_0805bb4c	FUN_080484e4	1
FUN_0805bb4c	FUN_08048adc	1
FUN_0805bb4c	FUN_0807977c	1
FUN_0805bfd0	FUN_08048adc	1
FUN_0805bfd0	FUN_080500dc	1
FUN_0805bfd0	FUN_0805034c	1
FUN_0805bfd0	FUN_0805104c	1
FUN_0805bfd0	FUN_08051508	1
FUN_0805bfd0	FUN_08051d24	1
FUN_0805bfd0	FUN_08051f2c	1
FUN_0805c214	FUN_0801869c	2
FUN_0805c264	FUN_08018e40	1
FUN_0805c264	FUN_08018edc	2
FUN_0805c264	FUN_080294c0	1
FUN_0805c264	FUN_0804d860	1
FUN_0805c264	FUN_0804df48	1
FUN_0805c264	FUN_0805c5d4	2
FUN_0805c264	FUN_0805cc28	1
FUN_0805c264	FUN_0805d66c	2
FUN_0805c3d4	FUN_080186d2	1
FUN_0805c3d4	FUN_0805cc44	2
FUN_0805c3d4	FUN_0805d66c	4
FUN_0805c3d4	FUN_0805d8e0	1
FUN_0805c3d4	FUN_0805daa8	7
FUN_0805c504	FUN_0805d66c	2
FUN_0805c504	FUN_0805da80	2
FUN_0805c504	FUN_0805daa8	3
FUN_0805c5a4	FUN_0805d66c	1
FUN_0805c5a4	FUN_0805daa8	1
FUN_0805c648	FUN_0805d5b8	1
FUN_0805c648	FUN_0805d66c	5
FUN_0805c648	FUN_0805da80	6
FUN_0805c648	FUN_0805da8e	1
FUN_0805c648	FUN_0805daa8	4
FUN_0805c75e	FUN_0805cbf2	1
FUN_0805c75e	FUN_0805d66c	2
FUN_0805c75e	FUN_0805d6d2	1
FUN_0805c75e	FUN_0805daa8	2
FUN_0805c7e8	FUN_0805c5d4	1
FUN_0805c7e8	FUN_0805cbf2	2
FUN_0805c7e8	FUN_0805d1e4	1
FUN_0805c7e8	FUN_0805d66c	3
FUN_0805c7e8	FUN_0805d6d2	1
FUN_0805c7e8	FUN_0805da8e	1
FUN_0805c7e8	FUN_0805daa8	2
FUN_0805c8b6	FUN_0805d66c	1
FUN_0805c8b6	FUN_0805daa8	1
FUN_0805c8f6	FUN_0805c5d4	1
FUN_0805c8f6	FUN_0805cbf2	1
FUN_0805c8f6	FUN_0805d1e4	1
FUN_0805c8f6	FUN_0805d66c	6
FUN_0805c8f6	FUN_0805da8e	2
FUN_0805c8f6	FUN_0805daa8	3
FUN_0805ca30	FUN_0805c5d4	1
FUN_0805ca30	FUN_0805cbf2	1
FUN_0805ca30	FUN_0805d1e4	2
FUN_0805ca30	FUN_0805d66c	6
FUN_0805ca30	FUN_0805da8e	2
FUN_0805ca30	FUN_0805daa8	3
FUN_0805cba8	FUN_0805d66c	1
FUN_0805cba8	FUN_0805da8e	1
FUN_0805cba8	FUN_0805daa8	1
FUN_0805cbf2	FUN_0805d66c	1
FUN_0805cbf2	FUN_0805daa8	1
FUN_0805cc28	FUN_0805d66c	1
FUN_0805cc44	FUN_0805d66c	2
FUN_0805cc44	FUN_0805da80	2
FUN_0805cd06	FUN_0805d66c	1
FUN_0805cd06	FUN_0805da80	2
FUN_0805cd06	FUN_0805daa8	1
FUN_0805d164	FUN_0805cc28	2
FUN_0805d164	FUN_0805d62a	1
FUN_0805d164	FUN_0805d66c	1
FUN_0805d1bc	FUN_0805cc28	1
FUN_0805d1bc	FUN_0805d62a	1
FUN_0805d1e4	FUN_08018b30	1
FUN_0805d1e4	FUN_08018c7e	3
FUN_0805d1e4	FUN_08018d62	1
FUN_0805d1e4	FUN_08018eaa	3
FUN_0805d1e4	FUN_08018ec4	2
FUN_0805d1e4	FUN_08018f5c	1
FUN_0805d1e4	FUN_08018f8e	1
FUN_0805d28c	FUN_0805d66c	1
FUN_0805d296	FUN_0801869c	1
FUN_0805d296	FUN_080186d2	1
FUN_0805d296	FUN_0805c504	1
FUN_0805d296	FUN_0805d2e4	1
FUN_0805d296	FUN_0805da8e	1
FUN_0805d2e4	FUN_0801869c	1
FUN_0805d2e4	FUN_0805c3d4	1
FUN_0805d2e4	FUN_0805c5a4	1
FUN_0805d2e4	FUN_0805c648	1
FUN_0805d2e4	FUN_0805d66c	12
FUN_0805d2e4	FUN_0805d7d6	1
FUN_0805d2e4	FUN_0805d8e0	1
FUN_0805d2e4	FUN_0805da80	4
FUN_0805d2e4	FUN_0805daa8	15
FUN_0805d5b8	FUN_0805db34	1
FUN_0805d62a	FUN_0805d66c	2
FUN_0805d66c	FUN_0804f350	1
FUN_0805d66c	FUN_0805db34	1
FUN_0805d6d2	FUN_0805d66c	3
FUN_0805d6d2	FUN_0805daa8	3
FUN_0805d74e	FUN_0805d66c	2
FUN_0805d74e	FUN_0805daa8	1
FUN_0805d7a6	FUN_0805d66c	1
FUN_0805d7a6	FUN_0805daa8	1
FUN_0805d7d6	FUN_0805d66c	1
FUN_0805d7d6	FUN_0805da80	2
FUN_0805d7d6	FUN_0805daa8	1
FUN_0805d8e0	FUN_0805d66c	2
FUN_0805d8e0	FUN_0805da80	2
FUN_0805d8e0	FUN_0805daa8	2
FUN_0805da20	FUN_0805d66c	1
FUN_0805da20	FUN_0805daa8	1
FUN_0805da50	FUN_0805d66c	1
FUN_0805da50	FUN_0805daa8	1
FUN_0805da80	FUN_0805daa8	1
FUN_0805da8e	FUN_08083610	1
FUN_0805daa8	FUN_0804f350	1
FUN_0805daa8	FUN_0805db34	1
FUN_0805db4a	FUN_08050c6c	1
FUN_0805dca0	FUN_08032d98	1
FUN_0805dca0	FUN_08048adc	1
FUN_0805dca0	FUN_0805034c	1
FUN_0805dca0	FUN_080530c4	4
FUN_0805ddfe	FUN_0804cd38	1
FUN_0805e02c	FUN_08048adc	1
FUN_0805e02c	FUN_0805034c	1
FUN_0805e02c	FUN_08050578	1
FUN_0805e02c	FUN_080530c4	4
FUN_0805e15c	FUN_08022838	1
FUN_0805e194	FUN_08032d98	1
FUN_0805e194	FUN_08048adc	1
FUN_0805e194	FUN_0805034c	1
FUN_0805e194	FUN_080530c4	4
FUN_0805e28c	FUN_08063218	1
FUN_0805e2d0	FUN_0804bca0	2
FUN_0805e356	FUN_0804bc50	1
FUN_0805e356	FUN_0804bca0	1
FUN_0805e36a	FUN_0804bc50	1
FUN_0805e36a	FUN_0804bca0	1
FUN_0805e3d0	FUN_0805e380	1
FUN_0805e3d0	FUN_08072fd4	1
FUN_0805e400	FUN_0804e480	1
FUN_0805e400	FUN_08050578	1
FUN_0805e438	FUN_08023f80	8
FUN_0805e438	FUN_08048adc	5
FUN_0805e438	FUN_08078884	1
FUN_0805ef54	FUN_080186d2	1
FUN_0805ef54	FUN_0803c8ac	1
FUN_0805ef54	FUN_0803c8cc	1
FUN_0805ef54	FUN_0803cab8	1
FUN_0805ef54	FUN_080831c6	1
FUN_0805f300	FUN_0801f4c6	2
FUN_0805f300	FUN_08048adc	2
FUN_0805f3d8	FUN_080534f8	2
FUN_0805f3d8	FUN_080534fc	2
FUN_0805f4ac	FUN_080534fc	1
FUN_0805f4ac	FUN_08053558	4
FUN_0805f4ac	FUN_08053608	1
FUN_0805f4ac	FUN_0806c77c	5
FUN_0805f52c	FUN_080534fc	2
FUN_0805f52c	FUN_08053558	5
FUN_0805f52c	FUN_08053608	1
FUN_0805f52c	FUN_0806c77c	6
FUN_0805fbc0	FUN_0804ec20	2
FUN_0805fbc0	FUN_0807f402	2
FUN_0805fc7c	FUN_0804ec20	2
FUN_0805fc7c	FUN_0807f402	2
FUN_0805fd44	FUN_0804ec20	1
FUN_0805fd80	FUN_0804ec20	1
FUN_0805fdd4	FUN_08051f2c	2
FUN_0805fef4	FUN_0801869c	4
FUN_0805fef4	FUN_0803b6a8	2
FUN_0805fef4	FUN_08048adc	5
FUN_0805fef4	FUN_080494f8	5
FUN_0805fef4	FUN_0804bdf4	2
FUN_0805fef4	FUN_0804c8a4	2
FUN_0805fef4	FUN_0804cc04	2
FUN_0805fef4	FUN_0804cd0e	1
FUN_08060228	FUN_080480b4	2
FUN_08060228	FUN_08048adc	1
FUN_0806031c	FUN_080480b4	1
FUN_0806031c	FUN_08048adc	1
FUN_0806038c	FUN_080480b4	1
FUN_0806038c	FUN_08048adc	1
FUN_0806038c	FUN_08060a28	1
FUN_0806038c	FUN_08060a8c	1
FUN_08060404	FUN_080480b4	1
FUN_08060404	FUN_080484e4	1
FUN_08060404	FUN_08048adc	1
FUN_0806048c	FUN_080480b4	1
FUN_0806048c	FUN_080484e4	1
FUN_0806048c	FUN_08048adc	1
FUN_08060510	FUN_080480b4	1
FUN_08060510	FUN_080484e4	1
FUN_08060510	FUN_08048adc	1
FUN_08060598	FUN_080480b4	1
FUN_08060598	FUN_080484e4	1
FUN_08060598	FUN_08048adc	1
FUN_0806061c	FUN_080480b4	1
FUN_0806061c	FUN_08048adc	1
FUN_0806068c	FUN_080480b4	1
FUN_0806068c	FUN_080484e4	1
FUN_0806068c	FUN_08048adc	1
FUN_08060714	FUN_080480b4	1
FUN_08060714	FUN_080484e4	1
FUN_08060714	FUN_08048adc	1
FUN_080607d0	FUN_080480b4	1
FUN_080607d0	FUN_080484e4	1
FUN_080607d0	FUN_08048adc	1
FUN_080608b4	FUN_080480b4	1
FUN_080608b4	FUN_08048adc	1
FUN_08060924	FUN_080480b4	1
FUN_08060924	FUN_08048adc	2
FUN_08060a28	FUN_080480b4	1
FUN_08060a28	FUN_08048adc	1
FUN_08060a8c	FUN_080480b4	1
FUN_08060a8c	FUN_08048adc	1
FUN_08060ae8	FUN_080480b4	1
FUN_08060ae8	FUN_08048adc	1
FUN_08060b58	FUN_080480b4	1
FUN_08060b58	FUN_08048adc	1
FUN_08060bc8	FUN_080480b4	1
FUN_08060bc8	FUN_08048adc	1
FUN_08060c2c	FUN_080480b4	1
FUN_08060c2c	FUN_08048adc	1
FUN_08060c98	FUN_080480b4	1
FUN_08060c98	FUN_08048adc	1
FUN_08060d00	FUN_080480b4	1
FUN_08060d00	FUN_08048adc	1
FUN_08060d60	FUN_080480b4	1
FUN_08060d60	FUN_08048adc	1
FUN_08060dc4	FUN_08048744	1
FUN_08060de0	FUN_08048758	1
FUN_08060dfc	FUN_08047c8c	1
FUN_08060dfc	FUN_080486ec	1
FUN_08060dfc	FUN_08048984	1
FUN_08060dfc	FUN_08048adc	3
FUN_08060dfc	FUN_08048ffc	6
FUN_08060dfc	FUN_0806e2c0	1
FUN_08060dfc	FUN_0806e85c	1
FUN_08060f24	FUN_08048adc	32
FUN_080615a0	FUN_08048adc	1
FUN_080615a0	FUN_0804f438	1
FUN_08061714	FUN_0806bbd8	1
FUN_08061714	FUN_0807f010	1
FUN_08061878	FUN_08048adc	1
FUN_08061878	FUN_0804dea4	1
FUN_08061878	FUN_08050578	2
FUN_080619c8	FUN_08048adc	3
FUN_080619c8	FUN_0804dea4	1
FUN_080619c8	FUN_08050578	1
FUN_080619c8	FUN_08061878	2
FUN_08061ba8	FUN_08018fbe	1
FUN_08061ba8	FUN_08048adc	4
FUN_08061ba8	FUN_0804dea4	1
FUN_08061ba8	FUN_0804f560	1
FUN_08061ba8	FUN_08050578	1
FUN_08061ba8	FUN_08083c0c	1
FUN_08061ba8	FUN_08084f70	2
FUN_08062380	FUN_0801869c	1
FUN_08062380	FUN_080186d2	2
FUN_08062380	FUN_08062530	1
FUN_08062380	FUN_08062564	1
FUN_08062380	FUN_080625a8	3
FUN_08062380	FUN_080626dc	2
FUN_08062380	FUN_0806273c	1
FUN_08062380	FUN_08062834	1
FUN_08062380	FUN_08071614	2
FUN_08062380	FUN_0807162c	2
FUN_08062530	FUN_0801e632	1
FUN_08062564	FUN_080186d2	1
FUN_080625a8	FUN_0801869c	2
FUN_080625a8	FUN_08071614	2
FUN_080625a8	FUN_0807162c	2
FUN_080626dc	FUN_0801e632	1
FUN_0806273c	FUN_0801e632	3
FUN_0806273c	FUN_08062564	1
FUN_08062980	FUN_0802355c	1
FUN_0806299a	FUN_0801874e	2
FUN_0806299a	FUN_0801e080	2
FUN_0806299a	FUN_0801e814	1
FUN_0806299a	FUN_0802355c	2
FUN_0806299a	FUN_080236cc	1
FUN_08062a08	FUN_0803a734	1
FUN_08062a08	FUN_0804bdf4	2
FUN_08062a08	FUN_0804bf98	1
FUN_08062aa0	FUN_08062b10	1
FUN_08062b10	FUN_0803a734	1
FUN_08062b10	FUN_0804cc04	1
FUN_08062b10	FUN_08053ae0	2
FUN_08062bb4	FUN_080534fc	1
FUN_08062bc4	FUN_080534f8	1
FUN_08062bc4	FUN_08053558	1
FUN_08062bc4	FUN_08053608	1
FUN_08062bc4	FUN_08062cb4	1
FUN_08062bc4	FUN_0806c77c	4
FUN_08062bc4	FUN_0807f3f8	1
FUN_08062bc4	FUN_0807f7cc	1
FUN_08062bc4	FUN_0807f7d8	1
FUN_08062cb4	FUN_08053608	1
FUN_08062cb4	FUN_080630e4	1
FUN_08062cb4	FUN_0806c77c	2
FUN_08062cb4	FUN_0807f3f8	1
FUN_08062cb4	FUN_0807f7cc	1
FUN_08062cb4	FUN_0807f7d8	1
FUN_08062d48	FUN_080186d2	1
FUN_08062d48	FUN_0801870c	1
FUN_08062d48	FUN_08020258	1
FUN_08062d48	FUN_0803a688	2
FUN_08062d48	FUN_080483b8	1
FUN_08062d48	FUN_080483d6	1
FUN_08062d48	FUN_0804b3a8	1
FUN_08062d48	FUN_08080974	1
FUN_08062d48	FUN_0808232c	1
FUN_08062d48	FUN_08082388	1
FUN_08062d48	FUN_080841b0	2
FUN_08062e34	FUN_080266b4	1
FUN_08062e34	FUN_08051e44	1
FUN_08062e34	FUN_0808340c	1
FUN_08062e34	FUN_08083478	1
FUN_08062fbc	FUN_080281f0	1
FUN_08062fbc	FUN_0805fdd4	1
FUN_08062fbc	FUN_080843f4	1
FUN_08062fbc	FUN_08084644	1
FUN_08063068	FUN_0804b6f4	1
FUN_08063068	FUN_0804b71c	2
FUN_08063068	FUN_0804b7a4	1
FUN_080630b0	FUN_08020258	1
FUN_080630b0	FUN_0804bcd0	1
FUN_080630e4	FUN_08063178	1
FUN_080631b0	FUN_0804b676	3
FUN_08063368	FUN_080534fc	1
FUN_08063428	FUN_0801869c	1
FUN_08063428	FUN_08061722	1
FUN_08063428	FUN_0807d58c	2
FUN_08063428	FUN_0807dabc	2
FUN_08063428	FUN_08083d34	1
FUN_08063880	FUN_08023f38	1
FUN_08063880	FUN_08023f80	1
FUN_08063880	FUN_08023fe6	1
FUN_08063880	FUN_08048adc	2
FUN_0806396c	FUN_08023f38	1
FUN_0806396c	FUN_08023f80	1
FUN_0806396c	FUN_08023fe6	1
FUN_0806396c	FUN_08048adc	2
FUN_08063a58	FUN_08083260	1
FUN_08063b64	FUN_0801877a	3
FUN_08063b64	FUN_08018f1e	1
FUN_08063b64	FUN_08018fe4	1
FUN_08063b64	FUN_08019014	1
FUN_08063b64	FUN_0801e670	1
FUN_08063b64	FUN_08023c9c	8
FUN_08063b64	FUN_08023f38	2
FUN_08063b64	FUN_08023fd0	2
FUN_08063b64	FUN_08063a58	2
FUN_08063c8c	FUN_08026ea8	1
FUN_08063c8c	FUN_08048adc	1
FUN_08063c8c	FUN_0804edd4	1
FUN_08063c8c	FUN_08050578	1
FUN_08063c8c	FUN_080784bc	1
FUN_08063c8c	FUN_0807976c	1
FUN_08064594	FUN_08083610	1
FUN_08064630	FUN_0804bca0	1
FUN_0806479c	FUN_080186d2	1
FUN_0806479c	FUN_0801dfe0	1
FUN_0806479c	FUN_080297c0	1
FUN_0806479c	FUN_08048adc	2
FUN_0806489c	FUN_08018fbe	12
FUN_0806489c	FUN_08048adc	3
FUN_08064ca8	FUN_08048adc	2
FUN_08064d80	FUN_08048adc	5
FUN_08064d80	FUN_08064890	28
FUN_08065260	FUN_0801869c	1
FUN_08065260	FUN_08018768	1
FUN_08065260	FUN_0801dfe0	1
FUN_08065260	FUN_0804955c	2
FUN_08065370	FUN_0801869c	1
FUN_08065370	FUN_08018724	1
FUN_08065370	FUN_08018768	1
FUN_08065370	FUN_08018798	1
FUN_08065370	FUN_08018fe4	1
FUN_08065370	FUN_0801dfe0	2
FUN_08065370	FUN_0804955c	13
FUN_08065370	FUN_08065260	2
FUN_08065370	FUN_080810c4	3
FUN_08065440	FUN_08048adc	5
FUN_08065440	FUN_08050578	4
FUN_08065440	FUN_080517e8	1
FUN_08065440	FUN_080529f0	1
FUN_0806566c	FUN_08050578	1
FUN_0806566c	FUN_080517e8	1
FUN_080656cc	FUN_08025be0	3
FUN_080656cc	FUN_08025c16	1
FUN_080656cc	FUN_080267f8	3
FUN_080656cc	FUN_08048adc	3
FUN_080656cc	FUN_0804f15c	1
FUN_080656cc	FUN_0804fe30	1
FUN_080656cc	FUN_0804fe38	1
FUN_080656cc	FUN_080500dc	1
FUN_080656cc	FUN_08050448	1
FUN_080656cc	FUN_08050c6c	2
FUN_080656cc	FUN_08050d7c	3
FUN_080656cc	FUN_080512dc	1
FUN_080656cc	FUN_08051c04	2
FUN_080656cc	FUN_08051f2c	1
FUN_080656cc	FUN_08052c08	1
FUN_080656cc	FUN_0806f524	1
FUN_080679f8	FUN_08032d98	4
FUN_080679f8	FUN_08032dd8	7
FUN_080679f8	FUN_08034f7c	1
FUN_080679f8	FUN_08039824	1
FUN_080679f8	FUN_0803a7a0	1
FUN_080679f8	FUN_0803b21c	1
FUN_080679f8	FUN_0803b384	1
FUN_080679f8	FUN_0803b64c	1
FUN_080679f8	FUN_08048adc	4
FUN_080679f8	FUN_080500dc	1
FUN_080679f8	FUN_08050578	1
FUN_080679f8	FUN_08050c6c	1
FUN_080679f8	FUN_08050d7c	5
FUN_080679f8	FUN_0805deec	2
FUN_08067e78	FUN_08029168	1
FUN_08067e78	FUN_0803cb54	2
FUN_08067e78	FUN_0803cb78	1
FUN_08067e78	FUN_08041d7c	1
FUN_08067e78	FUN_080436f8	4
FUN_08067e78	FUN_08043890	5
FUN_08067e78	FUN_08043ac0	1
FUN_08067e78	FUN_08048adc	9
FUN_08067e78	FUN_0804e600	1
FUN_08067e78	FUN_0804f15c	1
FUN_08067e78	FUN_0804f758	1
FUN_08067e78	FUN_0804fe30	1
FUN_08067e78	FUN_080500dc	1
FUN_08067e78	FUN_08050448	1
FUN_08067e78	FUN_08050578	6
FUN_08067e78	FUN_08050c6c	3
FUN_08067e78	FUN_08050d7c	2
FUN_08067e78	FUN_0805104c	2
FUN_08067e78	FUN_080512dc	1
FUN_08067e78	FUN_080517e8	1
FUN_08067e78	FUN_08051ac0	1
FUN_08067e78	FUN_08051c04	1
FUN_08067e78	FUN_08051f2c	1
FUN_08067e78	FUN_08052c08	1
FUN_08067e78	FUN_08052ed8	1
FUN_08067e78	FUN_080530c4	3
FUN_08067e78	FUN_0806f524	1
FUN_08068594	FUN_08039824	1
FUN_08068594	FUN_0803cb54	4
FUN_08068594	FUN_0803cb78	3
FUN_08068594	FUN_08043ac0	1
FUN_08068594	FUN_08043bfc	1
FUN_08068594	FUN_08044188	1
FUN_08068594	FUN_0804434c	1
FUN_08068594	FUN_08044488	1
FUN_08068594	FUN_08048adc	2
FUN_08068594	FUN_080500dc	1
FUN_08068594	FUN_08050c6c	1
FUN_08068594	FUN_08050d7c	3
FUN_08069848	FUN_08039824	1
FUN_08069848	FUN_08048adc	12
FUN_08069848	FUN_08049cfc	4
FUN_08069848	FUN_08049d14	6
FUN_08069848	FUN_08049d28	7
FUN_08069848	FUN_08049d50	1
FUN_08069848	FUN_0804b084	2
FUN_08069848	FUN_0804b0b8	1
FUN_08069848	FUN_0804b1a0	33
FUN_08069848	FUN_0804e3e0	1
FUN_08069848	FUN_0804f154	1
FUN_08069848	FUN_0804f2c8	3
FUN_08069848	FUN_080500dc	3
FUN_08069848	FUN_08050448	3
FUN_08069848	FUN_08050c6c	1
FUN_08069848	FUN_08050d7c	3
FUN_08069848	FUN_080531d4	7
FUN_08069848	FUN_08053224	16
FUN_08069848	FUN_0805de10	13
FUN_08069848	FUN_0805deec	2
FUN_08069848	FUN_080719f8	21
FUN_08069848	FUN_08078b18	2
FUN_08069848	FUN_08081964	1
FUN_0806bbd8	FUN_08018194	1
FUN_0806bbd8	FUN_080181b4	1
FUN_0806bbd8	FUN_0801da86	4
FUN_0806bbd8	FUN_08029bb4	1
FUN_0806bbd8	FUN_08047c54	1
FUN_0806bbd8	FUN_0807dd60	1
FUN_0806bbd8	FUN_0808356c	1
FUN_0806bbd8	FUN_080849c0	2
FUN_0806bc34	FUN_08083332	1
FUN_0806bc34	FUN_080833c4	2
FUN_0806bc34	FUN_080833f4	1
FUN_0806bca4	FUN_080833a8	6
FUN_0806bca4	FUN_080833f4	1
FUN_0806bca4	FUN_0808340c	1
FUN_0806bca4	FUN_08083478	1
FUN_0806bd74	FUN_0806be56	1
FUN_0806bd74	FUN_08083332	1
FUN_0806bd74	FUN_0808340c	1
FUN_0806bd74	FUN_08083478	1
FUN_0806bd74	FUN_08083c0c	1
FUN_0806bd74	FUN_08084f70	2
FUN_0806bdc4	FUN_0801869c	1
FUN_0806bdea	FUN_0801869c	2
FUN_0806bdea	FUN_08084dfc	1
FUN_0806be56	FUN_080834d0	2
FUN_0806bee0	FUN_080186c4	1
FUN_0806bee0	FUN_0806c2e0	1
FUN_0806bee0	FUN_080833be	2
FUN_0806c000	FUN_0808340c	1
FUN_0806c000	FUN_08083478	1
FUN_0806c01c	FUN_0801da86	2
FUN_0806c01c	FUN_0806bdea	1
FUN_0806c01c	FUN_08084ec4	1
FUN_0806c13c	FUN_0806c01c	1
FUN_0806c13c	FUN_0808340c	2
FUN_0806c13c	FUN_08083478	2
FUN_0806c13c	FUN_08083824	2
FUN_0806c13c	FUN_08084ec4	2
FUN_0806c1b4	FUN_0801da86	3
FUN_0806c1b4	FUN_0806be6c	1
FUN_0806c1b4	FUN_0806bfb4	1
FUN_0806c1b4	FUN_08083c0c	1
FUN_0806c1b4	FUN_08084f70	1
FUN_0806c30c	FUN_0801e0dc	1
FUN_0806c30c	FUN_0801e208	2
FUN_0806c3c0	FUN_080480b4	1
FUN_0806c3c0	FUN_080484e4	2
FUN_0806c3c0	FUN_08048adc	1
FUN_0806c68c	FUN_0806c650	9
FUN_0806c7f8	FUN_0807dac0	1
FUN_0806c81c	FUN_0806cf58	1
FUN_0806c81c	FUN_0807dabc	3
FUN_0806c8bc	FUN_080186d2	1
FUN_0806c8bc	FUN_0806cf58	1
FUN_0806c8bc	FUN_0807dabc	1
FUN_0806caac	FUN_0807dd92	1
FUN_0806caac	FUN_0807dd98	1
FUN_0806caac	FUN_0807ddd8	2
FUN_0806caac	FUN_080843f4	1
FUN_0806caac	FUN_08084644	2
FUN_0806cb48	FUN_08047e80	1
FUN_0806cb48	FUN_080483b8	3
FUN_0806cb48	FUN_080530f0	1
FUN_0806cb48	FUN_080841b0	1
FUN_0806cc24	FUN_0807dd92	1
FUN_0806cc24	FUN_0807ddd8	1
FUN_0806cdcc	FUN_0802fffe	1
FUN_0806cdcc	FUN_080483b8	2
FUN_0806cdcc	FUN_0804ed30	1
FUN_0806cdcc	FUN_0804fdb4	1
FUN_0806cdcc	FUN_080530f0	2
FUN_0806cdcc	FUN_0806cb48	1
FUN_0806cdcc	FUN_08082388	1
FUN_0806cf8c	FUN_0806cf58	1
FUN_0806cf8c	FUN_0807dabc	2
FUN_0806d068	FUN_0801e080	1
FUN_0806d068	FUN_0801e814	1
FUN_0806d068	FUN_0805c214	1
FUN_0806d0d4	FUN_0801869c	1
FUN_0806d0d4	FUN_0802b6fc	1
FUN_0806d0d4	FUN_08034fcc	2
FUN_0806d0d4	FUN_0803b6a8	2
FUN_0806d0d4	FUN_08048adc	3
FUN_0806d0d4	FUN_080494f8	1
FUN_0806d0d4	FUN_0804b1b0	1
FUN_0806d0d4	FUN_0804c734	1
FUN_0806d0d4	FUN_0804eb08	3
FUN_0806d0d4	FUN_0805fef4	1
FUN_0806d0d4	FUN_08062aa0	1
FUN_0806d0d4	FUN_08062b10	1
FUN_0806d5ac	FUN_080186d2	1
FUN_0806d5ac	FUN_0801ff70	4
FUN_0806d5ac	FUN_080202f8	1
FUN_0806d5ac	FUN_08029174	1
FUN_0806d5ac	FUN_08048adc	2
FUN_0806d5ac	FUN_080494f8	1
FUN_0806d5ac	FUN_0804bf98	1
FUN_0806d5ac	FUN_0804c2a4	1
FUN_0806d5ac	FUN_0804c734	2
FUN_0806d5ac	FUN_08053754	1
FUN_0806d800	FUN_08022fe4	1
FUN_0806d800	FUN_08048adc	1
FUN_0806d800	FUN_08050578	3
FUN_0806d9ec	FUN_08018b30	2
FUN_0806d9ec	FUN_08018c7e	4
FUN_0806d9ec	FUN_0801e5b8	2
FUN_0806d9ec	FUN_0801f68c	1
FUN_0806d9ec	FUN_0801f6bc	1
FUN_0806d9ec	FUN_0801f70a	3
FUN_0806d9ec	FUN_08051f2c	2
FUN_0806d9ec	FUN_08083c0c	1
FUN_0806d9ec	FUN_08084f70	1
FUN_0806ddd4	FUN_0802b240	1
FUN_0806de74	FUN_0802b310	1
FUN_0806df14	FUN_0802abf4	1
FUN_0806df6c	FUN_08071620	2
FUN_0806dff8	FUN_0802ad88	1
FUN_0806e0b4	FUN_0802ad88	1
FUN_0806e170	FUN_0802b1dc	1
FUN_0806e1b8	FUN_0802b038	1
FUN_0806e1f0	FUN_0802b12c	1
FUN_0806e268	FUN_0802ae18	1
FUN_0806e2c0	FUN_0802af38	1
FUN_0806e2dc	FUN_08071620	2
FUN_0806e328	FUN_08071620	2
FUN_0806e374	FUN_08071620	2
FUN_0806e3c0	FUN_0802b564	1
FUN_0806e418	FUN_0802afb4	1
FUN_0806e4e4	FUN_0802afb4	1
FUN_0806e5a4	FUN_0802b094	1
FUN_0806e608	FUN_0802b094	1
FUN_0806e66c	FUN_0802b094	1
FUN_0806e6d0	FUN_0802b71c	1
FUN_0806e79c	FUN_0802b71c	1
FUN_0806e85c	FUN_0802b7a0	1
FUN_0806e85c	FUN_0807ce94	1
FUN_0806e880	FUN_08071620	2
FUN_0806e8cc	FUN_08071620	2
FUN_0806e918	FUN_08071614	1
FUN_0806e938	FUN_0801869c	4
FUN_0806e938	FUN_080241d0	2
FUN_0806e938	FUN_08048adc	4
FUN_0806eb98	FUN_0807dabc	2
FUN_0806eb98	FUN_08083d34	2
FUN_0806f10c	FUN_08079064	1
FUN_0806f2e0	FUN_08079118	1
FUN_0806f388	FUN_0806c3c0	1
FUN_0806f39c	FUN_080484e4	1
FUN_0806f39c	FUN_08048adc	1
FUN_0806f5e8	FUN_08050578	4
FUN_0806f5e8	FUN_080517e8	1
FUN_0806f5e8	FUN_080529f0	1
FUN_0806f65c	FUN_0805bb4c	1
FUN_0806f65c	FUN_0807d028	1
FUN_0806f65c	FUN_0807d0e4	1
FUN_0806f65c	FUN_0807d240	1
FUN_0806f6a0	FUN_0807d330	1
FUN_0806f79c	FUN_08048adc	1
FUN_0806f79c	FUN_0807d330	1
FUN_0806fa08	FUN_08048adc	1
FUN_0806fa08	FUN_0805e176	1
FUN_0806fa08	FUN_0806fa80	1
FUN_0806fa80	FUN_0804bd94	1
FUN_0806fa80	FUN_0804cc04	1
FUN_0806fb54	FUN_0801f4c6	2
FUN_0806fb54	FUN_08048adc	2
FUN_0806fc2c	FUN_080534f8	2
FUN_0806fc2c	FUN_080534fc	2
FUN_0806fd00	FUN_080534fc	1
FUN_0806fd00	FUN_08053558	4
FUN_0806fd00	FUN_08053608	1
FUN_0806fd00	FUN_0806c77c	5
FUN_0806fd7c	FUN_080534fc	2
FUN_0806fd7c	FUN_08053558	5
FUN_0806fd7c	FUN_08053608	1
FUN_0806fd7c	FUN_0806c77c	6
FUN_0807039c	FUN_0804ec20	2
FUN_0807039c	FUN_0807f402	2
FUN_08070458	FUN_0804ec20	2
FUN_08070458	FUN_0807f402	2
FUN_08070520	FUN_0804ec20	1
FUN_0807055c	FUN_0804ec20	1
FUN_08070600	FUN_080705cc	1
FUN_08070664	FUN_080705cc	1
FUN_08070890	FUN_08048adc	2
FUN_08070890	FUN_08083a08	1
FUN_08070890	FUN_08084a18	1
FUN_08070bb8	FUN_08048adc	2
FUN_08070bb8	FUN_08083a08	1
FUN_08070bb8	FUN_08084a18	1
FUN_08071088	FUN_08022818	1
FUN_08071088	FUN_080228b0	1
FUN_080710c8	FUN_08048adc	1
FUN_080711b8	FUN_08048adc	2
FUN_080711b8	FUN_0804da88	1
FUN_08071374	FUN_08048adc	1
FUN_080714d8	FUN_080534f8	3
FUN_080714d8	FUN_0807ef68	1
FUN_080714d8	FUN_0807f696	3
FUN_0807152c	FUN_080715a2	2
FUN_0807162c	FUN_080186d2	1
FUN_080716b4	FUN_08048adc	1
FUN_080716b4	FUN_0804fe38	1
FUN_080716b4	FUN_08050f28	1
FUN_080716b4	FUN_080513d8	1
FUN_080718a0	FUN_08048adc	1
FUN_08071e6c	FUN_0804f560	1
FUN_08071fb4	FUN_0804eda0	1
FUN_08071fb4	FUN_0806cdcc	2
FUN_0807202c	FUN_08048adc	1
FUN_0807202c	FUN_0804e030	1
FUN_0807202c	FUN_08050c6c	1
FUN_0807202c	FUN_08051c04	6
FUN_0807202c	FUN_08051f2c	1
FUN_08072134	FUN_08018eaa	1
FUN_08072134	FUN_08023dd4	3
FUN_08072134	FUN_08023e60	3
FUN_08072134	FUN_08023ed8	1
FUN_08072134	FUN_0803c5c0	1
FUN_08072134	FUN_08048adc	1
FUN_08072230	FUN_08023dd4	2
FUN_08072230	FUN_08023e60	2
FUN_08072230	FUN_08023ed8	1
FUN_08072230	FUN_0803c5c0	1
FUN_08072230	FUN_08048adc	1
FUN_08072304	FUN_08018eaa	1
FUN_08072304	FUN_08023dd4	3
FUN_08072304	FUN_08023e60	3
FUN_08072304	FUN_08023ed8	1
FUN_08072304	FUN_0803c5c0	1
FUN_08072304	FUN_08048adc	1
FUN_08072400	FUN_08023dd4	2
FUN_08072400	FUN_08023e60	2
FUN_08072400	FUN_08023ed8	1
FUN_08072400	FUN_0803c5c0	1
FUN_08072400	FUN_08048adc	1
FUN_08072670	FUN_0804b6f4	1
FUN_08072670	FUN_0804b7a4	1
FUN_08072670	FUN_080631a0	1
FUN_08072670	FUN_080631b0	1
FUN_08072670	FUN_0806322c	1
FUN_08072948	FUN_08048adc	3
FUN_08072ad8	FUN_0801869c	1
FUN_08072ad8	FUN_08048adc	2
FUN_08072ad8	FUN_08071614	1
FUN_08072ad8	FUN_08071620	1
FUN_08072ad8	FUN_08084644	1
FUN_08072c94	FUN_08018e88	1
FUN_08072c94	FUN_08023dd4	1
FUN_08072c94	FUN_08023de8	1
FUN_08072c94	FUN_08023e60	1
FUN_08072c94	FUN_08023ed8	1
FUN_08072c94	FUN_08023f38	1
FUN_08072c94	FUN_080240d4	1
FUN_08072c94	FUN_080240e0	1
FUN_08072c94	FUN_08048adc	1
FUN_08072d5c	FUN_08018e88	1
FUN_08072d5c	FUN_08023dd4	1
FUN_08072d5c	FUN_08023e60	1
FUN_08072d5c	FUN_08023ed8	1
FUN_08072d5c	FUN_08023f38	1
FUN_08072d5c	FUN_080240d4	1
FUN_08072d5c	FUN_080240e0	1
FUN_08072d5c	FUN_08048adc	1
FUN_08072e08	FUN_08018e88	1
FUN_08072e08	FUN_08023dd4	2
FUN_08072e08	FUN_08023e48	1
FUN_08072e08	FUN_08023e60	1
FUN_08072e08	FUN_08023ed8	1
FUN_08072e08	FUN_08023f20	1
FUN_08072e08	FUN_08023f38	1
FUN_08072e08	FUN_080240d4	1
FUN_08072e08	FUN_080240e0	1
FUN_08072e08	FUN_08048adc	1
FUN_08072f00	FUN_08018eaa	1
FUN_08072f00	FUN_08023dd4	2
FUN_08072f00	FUN_08023e60	2
FUN_08072f00	FUN_08023ed8	1
FUN_08072f00	FUN_08023f38	1
FUN_08072f00	FUN_080240d4	1
FUN_08072f00	FUN_080240e0	1
FUN_08072f00	FUN_08048adc	1
FUN_08072f00	FUN_0804da88	1
FUN_08072fd4	FUN_08018e88	1
FUN_08072fd4	FUN_08018eaa	2
FUN_08072fd4	FUN_08023de8	5
FUN_08072fd4	FUN_08023ed8	1
FUN_08072fd4	FUN_08023f38	1
FUN_08072fd4	FUN_080240d4	1
FUN_08072fd4	FUN_080240e0	2
FUN_08072fd4	FUN_08048adc	2
FUN_08072fd4	FUN_0804e480	1
FUN_080731a8	FUN_08018eaa	1
FUN_080731a8	FUN_08023de8	1
FUN_080731a8	FUN_08023ed8	1
FUN_080731a8	FUN_08023f38	1
FUN_080731a8	FUN_080240d4	1
FUN_080731a8	FUN_080240e0	1
FUN_080731a8	FUN_08048adc	1
FUN_0807344c	FUN_0801869c	1
FUN_0807344c	FUN_08018724	2
FUN_0807344c	FUN_08039e8c	1
FUN_0807344c	FUN_08048adc	2
FUN_0807344c	FUN_08049cac	1
FUN_0807344c	FUN_08071614	1
FUN_0807344c	FUN_08071620	1
FUN_0807344c	FUN_08084644	1
FUN_08073a28	FUN_08018eaa	2
FUN_08073a28	FUN_08023de8	3
FUN_08073a28	FUN_08023ed8	1
FUN_08073a28	FUN_08023f38	1
FUN_08073a28	FUN_080240d4	1
FUN_08073a28	FUN_080240e0	1
FUN_08073a28	FUN_08048adc	1
FUN_08073a28	FUN_08052ed8	2
FUN_08073b38	FUN_08023dd4	1
FUN_08073b38	FUN_08023e60	1
FUN_08073b38	FUN_08023ed8	1
FUN_08073b38	FUN_08023f38	1
FUN_08073b38	FUN_080240d4	1
FUN_08073b38	FUN_080240e0	1
FUN_08073b38	FUN_08048adc	1
FUN_08073f10	FUN_08018e88	8
FUN_08073f10	FUN_08018eaa	6
FUN_08073f10	FUN_08023de8	16
FUN_08073f10	FUN_08023e18	4
FUN_08073f10	FUN_08023ed8	1
FUN_08073f10	FUN_08023f38	1
FUN_08073f10	FUN_080240d4	1
FUN_08073f10	FUN_080240e0	1
FUN_08073f10	FUN_08048adc	1
FUN_08073f10	FUN_080500dc	1
FUN_08073f10	FUN_08050578	1
FUN_08074390	FUN_0801869c	1
FUN_08074390	FUN_08018724	1
FUN_08074390	FUN_08048adc	2
FUN_08074390	FUN_08071614	1
FUN_08074390	FUN_08071620	1
FUN_08074390	FUN_08084644	1
FUN_080749bc	FUN_0801869c	1
FUN_080749bc	FUN_080186d2	1
FUN_080749bc	FUN_0803c8ac	1
FUN_080749bc	FUN_0803c8cc	1
FUN_080749bc	FUN_0803cab8	1
FUN_080749bc	FUN_08048adc	3
FUN_080749bc	FUN_08083178	1
FUN_080749bc	FUN_0808319a	1
FUN_080749bc	FUN_0808340c	1
FUN_080749bc	FUN_08083478	1
FUN_080749bc	FUN_08083610	1
FUN_08074cc8	FUN_08018eaa	1
FUN_08074cc8	FUN_08023de8	1
FUN_08074cc8	FUN_08023ed8	1
FUN_08074cc8	FUN_08023f38	1
FUN_08074cc8	FUN_080240d4	1
FUN_08074cc8	FUN_080240e0	1
FUN_08074cc8	FUN_08048adc	1
FUN_08074cc8	FUN_0804e480	1
FUN_08074da0	FUN_080211f0	1
FUN_08074da0	FUN_08082e3c	1
FUN_08074da0	FUN_08083178	1
FUN_08074de4	FUN_080212d8	1
FUN_08074de4	FUN_08082e3c	1
FUN_08074de4	FUN_08083178	1
FUN_08074e28	FUN_08048adc	21
FUN_08074e28	FUN_0804cebc	2
FUN_08074e28	FUN_0804d274	1
FUN_08074e28	FUN_0804e0ac	1
FUN_08074e28	FUN_0804e668	1
FUN_08074e28	FUN_0804f560	2
FUN_08074e28	FUN_0804fe38	1
FUN_08074e28	FUN_0804ff60	1
FUN_08074e28	FUN_080500dc	1
FUN_08074e28	FUN_0805034c	1
FUN_08074e28	FUN_08050448	1
FUN_08074e28	FUN_08050578	6
FUN_08074e28	FUN_08050c6c	1
FUN_08074e28	FUN_08050d7c	1
FUN_08074e28	FUN_08050f28	1
FUN_08074e28	FUN_0805104c	1
FUN_08074e28	FUN_0805115c	1
FUN_08074e28	FUN_080513d8	1
FUN_08074e28	FUN_08051508	1
FUN_08074e28	FUN_080517e8	1
FUN_08074e28	FUN_08051ac0	2
FUN_08074e28	FUN_08051c04	1
FUN_08074e28	FUN_08051d24	1
FUN_08074e28	FUN_08051e44	1
FUN_08074e28	FUN_08051f2c	1
FUN_08074e28	FUN_080528fc	1
FUN_08074e28	FUN_080529f0	1
FUN_08074e28	FUN_08052d34	1
FUN_08074e28	FUN_08052ed8	1
FUN_08074e28	FUN_08083610	2
FUN_0807631c	FUN_08018fbe	4
FUN_0807631c	FUN_08025564	1
FUN_0807631c	FUN_08048adc	2
FUN_0807631c	FUN_08079064	1
FUN_0807631c	FUN_08079118	1
FUN_080764fc	FUN_080484e4	1
FUN_080764fc	FUN_08048adc	2
FUN_080765f8	FUN_080484e4	1
FUN_080765f8	FUN_08048adc	1
FUN_08076850	FUN_08048adc	2
FUN_08076850	FUN_08079064	1
FUN_08076850	FUN_08079118	1
FUN_08076850	FUN_08082460	1
FUN_08076950	FUN_08048adc	1
FUN_08076a5c	FUN_08048adc	1
FUN_08076b2c	FUN_0801869c	1
FUN_08076b2c	FUN_08019044	1
FUN_08076b2c	FUN_08023f80	58
FUN_08076b2c	FUN_080484e4	5
FUN_08076b2c	FUN_08048adc	25
FUN_08076b2c	FUN_0806f39c	1
FUN_08076b2c	FUN_08078be8	1
FUN_08076b2c	FUN_0807977c	1
FUN_08076b2c	FUN_0807a0f8	1
FUN_08076b2c	FUN_0807ab54	1
FUN_08076b2c	FUN_0807b9a0	1
FUN_08076b2c	FUN_0807bcc8	1
FUN_08076b2c	FUN_0807bf20	1
FUN_08076b2c	FUN_0807c9a0	1
FUN_08076b2c	FUN_0807ce08	1
FUN_08076b2c	FUN_0807d198	1
FUN_08076b2c	FUN_0807d240	1
FUN_08077af0	FUN_0801869c	1
FUN_08077af0	FUN_080484e4	1
FUN_08077af0	FUN_08048adc	1
FUN_08077c88	FUN_0801869c	1
FUN_08077c88	FUN_080484e4	1
FUN_08077c88	FUN_08048adc	1
FUN_08077e10	FUN_0802920c	2
FUN_08077e10	FUN_0802c1ac	1
FUN_08077e10	FUN_0802f97c	1
FUN_08077e10	FUN_0802fa0c	2
FUN_08077e10	FUN_08048adc	1
FUN_08077e10	FUN_0804e3e0	1
FUN_08077e10	FUN_0804f2c8	2
FUN_080780e4	FUN_080484e4	1
FUN_080780e4	FUN_08048adc	2
FUN_080781e0	FUN_080484e4	1
FUN_080781e0	FUN_08048adc	1
FUN_08078300	FUN_08048adc	1
FUN_08078390	FUN_08048adc	1
FUN_08078424	FUN_08018724	1
FUN_08078424	FUN_0802b3e0	1
FUN_08078424	FUN_0803a688	3
FUN_08078424	FUN_0804b330	1
FUN_08078424	FUN_0804bcd0	1
FUN_08078424	FUN_080630b0	1
FUN_080785c8	FUN_08018538	1
FUN_080785c8	FUN_08070600	1
FUN_080785c8	FUN_08070654	1
FUN_08078638	FUN_0801869c	1
FUN_08078638	FUN_080484e4	1
FUN_08078638	FUN_0805e380	1
FUN_08078638	FUN_08072fd4	1
FUN_08078808	FUN_080484e4	1
FUN_08078808	FUN_08048adc	1
FUN_08078884	FUN_08078808	1
FUN_08078884	FUN_080788a0	1
FUN_080788a0	FUN_080484e4	1
FUN_080788a0	FUN_08048adc	1
FUN_08078a1c	FUN_0801869c	1
FUN_08078a1c	FUN_08018724	1
FUN_08078a1c	FUN_0801874e	1
FUN_08078a1c	FUN_080484e4	1
FUN_08078a1c	FUN_08048adc	2
FUN_08078be8	FUN_080484e4	1
FUN_08078be8	FUN_08048adc	1
FUN_08078ca0	FUN_0801869c	1
FUN_08078ca0	FUN_080484e4	1
FUN_08078ca0	FUN_08048adc	1
FUN_08078e88	FUN_08018538	1
FUN_08078e88	FUN_08025ac4	1
FUN_08078e88	FUN_08070600	1
FUN_08078e88	FUN_08070654	1
FUN_08078ee8	FUN_08048adc	1
FUN_08079020	FUN_08083d04	4
FUN_08079064	FUN_0801869c	2
FUN_08079064	FUN_080484e4	1
FUN_08079064	FUN_08048adc	1
FUN_08079118	FUN_0801869c	2
FUN_08079118	FUN_080484e4	1
FUN_08079118	FUN_08048adc	1
FUN_080791e0	FUN_08018fbe	8
FUN_080791e0	FUN_08025564	1
FUN_080791e0	FUN_08048adc	8
FUN_080791e0	FUN_08079064	1
FUN_080791e0	FUN_08079118	1
FUN_080791e0	FUN_08082460	1
FUN_0807977c	FUN_080484e4	1
FUN_0807977c	FUN_08048adc	1
FUN_08079924	FUN_08047fb0	1
FUN_08079924	FUN_08048604	1
FUN_08079924	FUN_08048adc	2
FUN_08079924	FUN_0804d610	1
FUN_08079924	FUN_0804fe38	1
FUN_08079924	FUN_08050c6c	3
FUN_08079924	FUN_080513d8	1
FUN_08079924	FUN_0805e400	1
FUN_08079924	FUN_08064570	4
FUN_08079924	FUN_08064594	3
FUN_08079b30	FUN_080484e4	1
FUN_08079b30	FUN_08048adc	1
FUN_0807a068	FUN_08048adc	1
FUN_0807a068	FUN_08079b30	1
FUN_0807a0f8	FUN_080484e4	1
FUN_0807a0f8	FUN_08048adc	1
FUN_0807a4d0	FUN_0801869c	1
FUN_0807a4d0	FUN_080484e4	1
FUN_0807a4d0	FUN_08048adc	1
FUN_0807ab54	FUN_080484e4	1
FUN_0807ab54	FUN_08048adc	1
FUN_0807afe0	FUN_0801869c	1
FUN_0807afe0	FUN_080484e4	1
FUN_0807afe0	FUN_08048adc	1
FUN_0807b0a4	FUN_08048adc	1
FUN_0807b14c	FUN_0801869c	1
FUN_0807b14c	FUN_080484e4	1
FUN_0807b14c	FUN_08048adc	1
FUN_0807b20c	FUN_08022874	1
FUN_0807b20c	FUN_08063d18	1
FUN_0807b624	FUN_080480b4	1
FUN_0807b624	FUN_080484e4	1
FUN_0807b624	FUN_08048adc	2
FUN_0807b9a0	FUN_0801869c	1
FUN_0807b9a0	FUN_080484e4	1
FUN_0807b9a0	FUN_08048adc	1
FUN_0807bcc8	FUN_0801869c	1
FUN_0807bcc8	FUN_080484e4	1
FUN_0807bcc8	FUN_08048adc	1
FUN_0807bf20	FUN_0801869c	1
FUN_0807bf20	FUN_080484e4	1
FUN_0807bf20	FUN_08048adc	1
FUN_0807c434	FUN_08048adc	2
FUN_0807c434	FUN_0804fc38	1
FUN_0807c434	FUN_0804fce0	1
FUN_0807c434	FUN_08064d80	1
FUN_0807c434	FUN_0807d330	1
FUN_0807c9a0	FUN_0801869c	1
FUN_0807c9a0	FUN_08018732	1
FUN_0807c9a0	FUN_080484e4	1
FUN_0807c9a0	FUN_08048adc	2
FUN_0807cb68	FUN_08048adc	1
FUN_0807cdc0	FUN_080186c4	1
FUN_0807ce08	FUN_080484e4	1
FUN_0807ce08	FUN_08048adc	1
FUN_0807ceb0	FUN_08018538	1
FUN_0807ceb0	FUN_08070600	1
FUN_0807ceb0	FUN_08070654	1
FUN_0807d028	FUN_080484e4	1
FUN_0807d028	FUN_08048adc	1
FUN_0807d0e4	FUN_080484e4	1
FUN_0807d0e4	FUN_08048adc	1
FUN_0807d198	FUN_080484e4	1
FUN_0807d198	FUN_08048adc	1
FUN_0807d240	FUN_0801869c	1
FUN_0807d240	FUN_08018732	1
FUN_0807d240	FUN_080484e4	1
FUN_0807d240	FUN_08048adc	2
FUN_0807d330	FUN_0801869c	2
FUN_0807d330	FUN_080484e4	1
FUN_0807d330	FUN_08048adc	1
FUN_0807d3ec	FUN_0801869c	1
FUN_0807d3ec	FUN_080484e4	1
FUN_0807d3ec	FUN_08048adc	1
FUN_0807d58c	FUN_0807dabc	1
FUN_0807d58c	FUN_0807db88	1
FUN_0807d60c	FUN_08018538	1
FUN_0807d60c	FUN_08025ac4	1
FUN_0807d60c	FUN_08070600	1
FUN_0807d60c	FUN_08070654	1
FUN_0807d65c	FUN_0801869c	1
FUN_0807d65c	FUN_08048adc	3
FUN_0807d65c	FUN_080540b4	1
FUN_0807d65c	FUN_0805c648	1
FUN_0807d65c	FUN_0805d28c	1
FUN_0807d65c	FUN_0805d296	1
FUN_0807d7dc	FUN_0807d58c	2
FUN_0807d7dc	FUN_0807dabc	1
FUN_0807d7dc	FUN_08083d34	1
FUN_0807d888	FUN_08053874	1
FUN_0807d888	FUN_0807dabc	1
FUN_0807d908	FUN_08061722	1
FUN_0807d908	FUN_0807d58c	2
FUN_0807d908	FUN_0807d7dc	1
FUN_0807d908	FUN_0807dabc	2
FUN_0807d908	FUN_0807dba0	1
FUN_0807d908	FUN_08083d34	1
FUN_0807da74	FUN_0807d908	1
FUN_0807da74	FUN_0807dc18	1
FUN_0807dac0	FUN_08061722	1
FUN_0807dac0	FUN_0807dabc	1
FUN_0807dac0	FUN_08083d34	1
FUN_0807db58	FUN_0806c81c	1
FUN_0807db58	FUN_0806c8bc	1
FUN_0807db58	FUN_0806cf8c	1
FUN_0807db58	FUN_0807dabc	1
FUN_0807dbdc	FUN_0805acec	1
FUN_0807dc18	FUN_08061722	1
FUN_0807dc18	FUN_08063428	3
FUN_0807dc18	FUN_0807d58c	3
FUN_0807dc18	FUN_0807dabc	2
FUN_0807dc18	FUN_08083d34	1
FUN_0807dc44	FUN_0807d58c	1
FUN_0807dc44	FUN_0807dabc	1
FUN_0807dcd4	FUN_080534f8	1
FUN_0807dcd4	FUN_0807f696	1
FUN_0807dd18	FUN_080534f8	1
FUN_0807dd18	FUN_0807f696	1
FUN_0807dd9c	FUN_0806c7b4	1
FUN_0807de34	FUN_0801ea04	1
FUN_0807e00c	FUN_080211f0	1
FUN_0807e00c	FUN_08082e3c	1
FUN_0807e00c	FUN_08083178	1
FUN_0807e050	FUN_080212d8	1
FUN_0807e050	FUN_08082e3c	1
FUN_0807e050	FUN_08083178	1
FUN_0807e094	FUN_0801869c	7
FUN_0807e094	FUN_08018c7e	1
FUN_0807e094	FUN_08018eaa	1
FUN_0807e094	FUN_08018f5c	1
FUN_0807e094	FUN_08018fbe	8
FUN_0807e094	FUN_0802525c	2
FUN_0807e094	FUN_080253e0	1
FUN_0807e094	FUN_08025498	2
FUN_0807e094	FUN_080254cc	1
FUN_0807e094	FUN_08025598	1
FUN_0807e094	FUN_0802ab18	3
FUN_0807e094	FUN_08048adc	5
FUN_0807e094	FUN_0804e224	1
FUN_0807e094	FUN_080715a2	1
FUN_0807e094	FUN_0807f9bc	2
FUN_0807eab4	FUN_08071614	2
FUN_0807eab4	FUN_0807162c	2
FUN_0807eab4	FUN_0807ea84	2
FUN_0807eb7c	FUN_08028f04	1
FUN_0807eb7c	FUN_08048adc	1
FUN_0807eb9c	FUN_08053558	2
FUN_0807eb9c	FUN_080535fe	2
FUN_0807eb9c	FUN_0806c77c	2
FUN_0807ec10	FUN_08053558	2
FUN_0807ec10	FUN_080535fe	2
FUN_0807ec10	FUN_0806c77c	2
FUN_0807ee88	FUN_080630e4	1
FUN_0807ee88	FUN_0806c77c	1
FUN_0807ee88	FUN_0807f704	1
FUN_0807ee88	FUN_0807f7cc	1
FUN_0807ee88	FUN_0807f7d8	1
FUN_0807ee88	FUN_0807f998	1
FUN_0807eee8	FUN_0802abbc	2
FUN_0807eee8	FUN_0802abd8	1
FUN_0807eee8	FUN_0807ef40	2
FUN_0807ef40	FUN_0807ef58	1
FUN_0807ef58	FUN_0802abe4	1
FUN_0807ef58	FUN_0806c77c	1
FUN_0807ef68	FUN_0804bca0	1
FUN_0807ef68	FUN_080534f8	2
FUN_0807ef68	FUN_08064630	1
FUN_0807ef8c	FUN_0806c7e4	1
FUN_0807f010	FUN_0802abbc	1
FUN_0807f010	FUN_0806c77c	2
FUN_0807f010	FUN_0807ef58	1
FUN_0807f010	FUN_0807ef68	1
FUN_0807f050	FUN_0807f088	1
FUN_0807f050	FUN_0807f094	1
FUN_0807f0a0	FUN_0807ee5c	1
FUN_0807f0a0	FUN_0807eee8	1
FUN_0807f0a0	FUN_0807ef8c	1
FUN_0807f0a0	FUN_0807f19c	1
FUN_0807f10c	FUN_0807ee88	1
FUN_0807f10c	FUN_0807ef40	1
FUN_0807f704	FUN_0806c7b4	1
FUN_0807fa9c	FUN_08048adc	2
FUN_0807fa9c	FUN_0804cebc	2
FUN_0807fa9c	FUN_0804e4b8	3
FUN_0807fa9c	FUN_0804e754	3
FUN_0807fa9c	FUN_0804f4c4	3
FUN_0807fa9c	FUN_080517e8	3
FUN_0807fa9c	FUN_08051f2c	1
FUN_0807fa9c	FUN_0807e094	1
FUN_0807fcf8	FUN_08029d48	1
FUN_0807fcf8	FUN_080480b4	1
FUN_0807fcf8	FUN_080484e4	1
FUN_0807fcf8	FUN_08048adc	4
FUN_0807fcf8	FUN_0804f560	2
FUN_0807fcf8	FUN_08071e6c	2
FUN_0807ff04	FUN_08025be0	2
FUN_0807ff04	FUN_08025c70	1
FUN_0807ff04	FUN_08025c80	1
FUN_0807ff04	FUN_080267f8	4
FUN_0807ff04	FUN_08048adc	5
FUN_08080160	FUN_0806bc34	1
FUN_08080160	FUN_0808340c	2
FUN_08080160	FUN_08083478	2
FUN_0808051c	FUN_08047e40	1
FUN_0808051c	FUN_080480b4	4
FUN_0808051c	FUN_080484e4	2
FUN_0808051c	FUN_0804853c	1
FUN_0808051c	FUN_08048604	1
FUN_0808051c	FUN_08048adc	5
FUN_0808051c	FUN_0807dd60	1
FUN_0808084c	FUN_08048adc	1
FUN_0808084c	FUN_08052d34	2
FUN_0808084c	FUN_08052ed8	1
FUN_08080974	FUN_08047e80	1
FUN_08080ae4	FUN_08018eaa	2
FUN_08080ae4	FUN_08023dd4	3
FUN_08080ae4	FUN_08023de8	3
FUN_08080ae4	FUN_08023e48	3
FUN_08080ae4	FUN_08023ed8	1
FUN_08080ae4	FUN_08023f20	3
FUN_08080ae4	FUN_08023f38	1
FUN_08080ae4	FUN_080240d4	1
FUN_08080ae4	FUN_080240e0	1
FUN_08080ae4	FUN_08048adc	1
FUN_08080ae4	FUN_080512dc	1
FUN_08080ca0	FUN_0801869c	1
FUN_08080ca0	FUN_08048adc	1
FUN_08080d44	FUN_08018e88	1
FUN_08080d44	FUN_08018eaa	12
FUN_08080d44	FUN_08023dd4	16
FUN_08080d44	FUN_08023e48	2
FUN_08080d44	FUN_08023e60	14
FUN_08080d44	FUN_08023ed8	1
FUN_08080d44	FUN_08023f20	2
FUN_08080d44	FUN_08023f38	1
FUN_08080d44	FUN_080240d4	1
FUN_08080d44	FUN_080240e0	1
FUN_08080d44	FUN_08048adc	1
FUN_080810c4	FUN_08018724	1
FUN_080810e0	FUN_08018eaa	1
FUN_080810e0	FUN_08023dd4	3
FUN_080810e0	FUN_08023e48	1
FUN_080810e0	FUN_08023e60	2
FUN_080810e0	FUN_08023ed8	1
FUN_080810e0	FUN_08023f20	1
FUN_080810e0	FUN_08023f38	1
FUN_080810e0	FUN_080240d4	1
FUN_080810e0	FUN_080240e0	1
FUN_080810e0	FUN_08048adc	1
FUN_08081810	FUN_0804dc9c	1
FUN_08081810	FUN_080500dc	3
FUN_08081810	FUN_0805034c	1
FUN_08081810	FUN_08050578	4
FUN_08081810	FUN_08050c6c	1
FUN_08081810	FUN_08050d7c	1
FUN_08081810	FUN_0805104c	1
FUN_08081810	FUN_08051508	1
FUN_08081810	FUN_08051d24	1
FUN_08081810	FUN_08051f2c	1
FUN_08081810	FUN_080528fc	1
FUN_08081810	FUN_08052d34	1
FUN_08081810	FUN_08065654	1
FUN_08081810	FUN_08065660	1
FUN_080819a4	FUN_08018e88	2
FUN_080819a4	FUN_08018eaa	55
FUN_080819a4	FUN_08023dd4	62
FUN_080819a4	FUN_08023e48	1
FUN_080819a4	FUN_08023e60	60
FUN_080819a4	FUN_08023ed8	3
FUN_080819a4	FUN_08023f20	1
FUN_080819a4	FUN_08023f38	3
FUN_080819a4	FUN_080240d4	3
FUN_080819a4	FUN_080240e0	3
FUN_080819a4	FUN_08048adc	1
FUN_0808232c	FUN_08082388	1
FUN_0808232c	FUN_080841b0	2
FUN_080823e8	FUN_0801869c	2
FUN_080823e8	FUN_080500dc	1
FUN_080823e8	FUN_0805034c	1
FUN_080823e8	FUN_0805104c	1
FUN_080823e8	FUN_08051508	1
FUN_080823e8	FUN_08051d24	1
FUN_080823e8	FUN_08051e44	1
FUN_080823e8	FUN_08051f2c	1
FUN_080823e8	FUN_08052c08	1
FUN_08082460	FUN_08018fbe	8
FUN_08082460	FUN_0803b764	4
FUN_08082460	FUN_08048adc	4
FUN_08082460	FUN_080617a0	2
FUN_08082770	FUN_0801869c	1
FUN_08082770	FUN_080190c8	1
FUN_08082770	FUN_080705ec	1
FUN_080827b8	FUN_08018eaa	1
FUN_080827b8	FUN_08023dd4	1
FUN_080827b8	FUN_08023de8	2
FUN_080827b8	FUN_08023e48	1
FUN_080827b8	FUN_08023ed8	1
FUN_080827b8	FUN_08023f20	1
FUN_080827b8	FUN_08023f38	1
FUN_080827b8	FUN_080240d4	1
FUN_080827b8	FUN_080240e0	1
FUN_080827b8	FUN_08048adc	1
FUN_080827b8	FUN_08052c08	1
FUN_08082bf4	FUN_0806c518	1
FUN_08082c4c	FUN_080534f8	1
FUN_08082c4c	FUN_08053558	3
FUN_08082c4c	FUN_0806c77c	5
FUN_08082c4c	FUN_08082bf4	1
FUN_08082c4c	FUN_08082e44	1
FUN_08082c4c	FUN_08083208	1
FUN_08082c4c	FUN_08083218	1
FUN_08082c4c	FUN_08083224	1
FUN_08082c4c	FUN_08083234	1
FUN_08082c4c	FUN_08083240	1
FUN_08082cf4	FUN_080534fc	1
FUN_08082cf4	FUN_08053558	3
FUN_08082cf4	FUN_0806c77c	5
FUN_08082cf4	FUN_08082bf4	1
FUN_08082cf4	FUN_08082e44	1
FUN_08082cf4	FUN_08083208	1
FUN_08082cf4	FUN_08083218	1
FUN_08082cf4	FUN_08083224	1
FUN_08082cf4	FUN_08083234	1
FUN_08082cf4	FUN_08083240	1
FUN_08082d90	FUN_080534fc	1
FUN_08082d90	FUN_08053558	3
FUN_08082d90	FUN_0806c77c	5
FUN_08082d90	FUN_08082bf4	1
FUN_08082d90	FUN_08082e44	1
FUN_08082d90	FUN_08083208	1
FUN_08082d90	FUN_08083218	1
FUN_08082d90	FUN_08083224	1
FUN_08082d90	FUN_08083234	1
FUN_08082d90	FUN_08083240	1
FUN_08082e44	FUN_0806c7b4	1
FUN_08082e9c	FUN_0803c8ac	1
FUN_08082e9c	FUN_0803c8cc	1
FUN_08082e9c	FUN_0803c8ec	2
FUN_08082e9c	FUN_0803c970	2
FUN_08082e9c	FUN_0803ca08	1
FUN_08082e9c	FUN_0803ca28	1
FUN_08082e9c	FUN_0803ca7e	2
FUN_08082e9c	FUN_080630e4	1
FUN_08082e9c	FUN_0806c77c	1
FUN_08082e9c	FUN_08083140	1
FUN_08082e9c	FUN_0808314c	1
FUN_08082f78	FUN_080186d2	1
FUN_08082f78	FUN_0803c8ac	1
FUN_08082f78	FUN_0803c8cc	1
FUN_08082f78	FUN_0803c8ec	2
FUN_08082f78	FUN_0803c970	2
FUN_08082f78	FUN_0803ca08	1
FUN_08082f78	FUN_0803ca28	1
FUN_08082f78	FUN_0803ca7e	2
FUN_08082f78	FUN_080630e4	1
FUN_08082f78	FUN_0806c77c	1
FUN_08082f78	FUN_08083140	1
FUN_08082f78	FUN_0808314c	1
FUN_08083060	FUN_0803c8ac	1
FUN_08083060	FUN_0803c8cc	1
FUN_08083060	FUN_0803c8ec	2
FUN_08083060	FUN_0803c970	2
FUN_08083060	FUN_0803ca08	1
FUN_08083060	FUN_0803ca28	1
FUN_08083060	FUN_0803ca7e	2
FUN_08083060	FUN_080630e4	1
FUN_08083060	FUN_0806c77c	1
FUN_08083060	FUN_08083140	1
FUN_08083060	FUN_0808314c	1
FUN_08083260	FUN_08063638	2
FUN_08083358	FUN_0801da86	1
FUN_08083358	FUN_08083610	1
FUN_0808340c	FUN_0801da86	1
FUN_08083478	FUN_0801da86	1
FUN_080834d0	FUN_0801da86	2
FUN_080834d0	FUN_0806bfb4	1
FUN_080834d0	FUN_08083c0c	1
FUN_080834d0	FUN_08084f70	1
FUN_0808358c	FUN_08018224	1
FUN_0808358c	FUN_0801da86	2
FUN_08083610	FUN_0801da86	1
FUN_08083610	FUN_0806bc34	1
FUN_08083610	FUN_08083c0c	1
FUN_08083610	FUN_08084f70	1
FUN_0808368c	FUN_0801da86	3
FUN_0808368c	FUN_0806bc34	1
FUN_0808368c	FUN_08083c0c	1
FUN_0808368c	FUN_08084f70	1
FUN_08083744	FUN_0801da86	1
FUN_08083744	FUN_0806be56	1
FUN_08083744	FUN_0806c0c0	1
FUN_08083744	FUN_08083332	2
FUN_08083744	FUN_080833f4	1
FUN_08083744	FUN_0808340c	1
FUN_08083744	FUN_08083478	1
FUN_0808383c	FUN_0801da86	2
FUN_0808383c	FUN_08083332	1
FUN_0808383c	FUN_080833f4	1
FUN_0808383c	FUN_0808358c	1
FUN_08083920	FUN_0801da86	1
FUN_08083920	FUN_0806bc34	1
FUN_08083920	FUN_080833c4	1
FUN_08083984	FUN_08083332	1
FUN_08083984	FUN_080833f4	1
FUN_08083a08	FUN_0801da86	1
FUN_08083a08	FUN_08083332	1
FUN_08083a08	FUN_080833f4	1
FUN_08083a08	FUN_0808340c	1
FUN_08083a08	FUN_08083478	1
FUN_08083b00	FUN_0801da86	1
FUN_08083c1c	FUN_0801da86	1
FUN_08083c1c	FUN_08083358	1
FUN_08083cc0	FUN_0801e632	1
FUN_08083d34	FUN_0807dabc	1
FUN_08083d34	FUN_0807db88	1
FUN_08083d9c	FUN_080784bc	1
FUN_08083d9c	FUN_0807976c	1
FUN_08083dac	FUN_08048adc	1
FUN_08083dac	FUN_08084d70	1
FUN_08083e34	FUN_08048adc	4
FUN_08083e34	FUN_0804bca0	1
FUN_08083e34	FUN_0804fe38	1
FUN_08083e34	FUN_08050578	2
FUN_08083e34	FUN_08050f28	1
FUN_08083e34	FUN_080513d8	1
FUN_08083e34	FUN_08084d70	1
FUN_0808408c	FUN_0806caac	1
FUN_0808408c	FUN_080840d8	1
FUN_080840d8	FUN_0807dd92	1
FUN_080840d8	FUN_0807dd98	1
FUN_080840d8	FUN_0807ddd8	2
FUN_080840d8	FUN_080843f4	1
FUN_080840d8	FUN_08084644	2
FUN_0808416c	FUN_080483d6	1
FUN_080841b0	FUN_080483d6	1
FUN_080841b0	FUN_0807cdc0	1
FUN_08084348	FUN_0808436c	1
FUN_08084348	FUN_08084644	1
FUN_0808436c	FUN_0801da86	1
FUN_0808436c	FUN_0806c1b4	1
FUN_0808436c	FUN_0808458c	1
FUN_080843f4	FUN_0801da86	3
FUN_080843f4	FUN_0806bdc4	1
FUN_080843f4	FUN_0806c000	2
FUN_080843f4	FUN_0806c13c	3
FUN_080843f4	FUN_0806c2c8	1
FUN_080843f4	FUN_0808340c	3
FUN_080843f4	FUN_08083478	5
FUN_080843f4	FUN_08083920	1
FUN_080843f4	FUN_08083984	1
FUN_080843f4	FUN_08083b00	1
FUN_080843f4	FUN_08083c0c	1
FUN_080843f4	FUN_08084928	1
FUN_080843f4	FUN_08084c34	1
FUN_080843f4	FUN_08084ec4	1
FUN_080843f4	FUN_08084f70	3
FUN_0808458c	FUN_0801da86	1
FUN_0808458c	FUN_080833a8	2
FUN_0808458c	FUN_0808340c	1
FUN_0808458c	FUN_08083478	1
FUN_0808458c	FUN_08084ec4	1
FUN_08084644	FUN_0801da86	4
FUN_08084644	FUN_0806bdea	1
FUN_08084644	FUN_0806c01c	1
FUN_08084644	FUN_0806c13c	3
FUN_08084644	FUN_0808340c	3
FUN_08084644	FUN_08083478	6
FUN_08084644	FUN_08083920	1
FUN_08084644	FUN_08083b00	1
FUN_08084644	FUN_08083c0c	1
FUN_08084644	FUN_08084928	1
FUN_08084644	FUN_08084c34	1
FUN_08084644	FUN_08084ec4	1
FUN_08084644	FUN_08084f70	3
FUN_080847d8	FUN_0801da86	3
FUN_080847d8	FUN_0806bdea	1
FUN_080847d8	FUN_0806c01c	1
FUN_080847d8	FUN_0808358c	1
FUN_080847d8	FUN_08084ec4	1
FUN_080848d0	FUN_0801da86	1
FUN_08084928	FUN_0801da86	2
FUN_08084928	FUN_0808340c	1
FUN_08084928	FUN_08083478	1
FUN_08084928	FUN_08083b00	1
FUN_080849c0	FUN_0806bca4	1
FUN_080849c0	FUN_0806bee0	1
FUN_080849c0	FUN_0806c1b4	2
FUN_080849c0	FUN_080834d0	1
FUN_08084a18	FUN_0801da86	2
FUN_08084a18	FUN_08083332	1
FUN_08084a18	FUN_080833f4	1
FUN_08084a18	FUN_0808340c	1
FUN_08084a18	FUN_08083478	1
FUN_08084b14	FUN_0801da86	2
FUN_08084b14	FUN_08083332	1
FUN_08084b14	FUN_080833f4	1
FUN_08084b14	FUN_0808358c	1
FUN_08084c5c	FUN_0808358c	1
FUN_08084c6c	FUN_0801da86	1
FUN_08084c6c	FUN_0806c0c0	1
FUN_08084c6c	FUN_08083332	2
FUN_08084c6c	FUN_08083390	1
FUN_08084c6c	FUN_080833f4	1
FUN_08084d70	FUN_0806bc34	1
FUN_08084d70	FUN_0808340c	2
FUN_08084d70	FUN_08083478	2
FUN_08084dfc	FUN_0801da86	2
FUN_08084dfc	FUN_08083332	1
FUN_08084dfc	FUN_080833f4	1
FUN_08084ec4	FUN_0801da86	1
FUN_08084ec4	FUN_08083332	2
FUN_08084ec4	FUN_080833f4	1
FUN_08084f70	FUN_0801da86	1
FUN_08084f70	FUN_0806c0c0	1
FUN_08084f70	FUN_08083332	2
FUN_08084f70	FUN_080833f4	1
FUN_08084f70	FUN_0808340c	1
FUN_08084f70	FUN_08083478	1
FUN_08084f70	FUN_08084c6c	1
